Orthogroup_ID	GF_ClustertGene_Group	Cluster_function	repeat_correlation_correlation_coeff	repeat_correlation_p-value	repeat_correlation_sig_after_multiple_testing	GS_correlation_correlation_coeff	GS_correlation_p-value	GS_correlation_sig_after_multiple_testing	Gene_Name	D_melanogaster	I_luminosus	P_pyralis	C_septempunctata	A_verrucosus	T_castaneum	Z_morio	T_molitor	D_ponderosae	R_ferrugineus	A_obtectus	B_siliquastri	C_chinensis	C_maculatus	max_delta_GF	transcript_ID_native	Flybase	Flybase_summary
N0.HOG0000027	Gene Group 1	Cytochrome P450	-0.18181818181818185	0.5717012385276553	n	0.013986013986013986	0.9655902689187795	n	Cytochrome P450 6u1(Cyp6u1)	16	73	28	10	29	35	2	52	8	18	9	14	10	12	71	rna-NM_001299221.1	FBgn0033121	The gene Cytochrome P450 6u1 is referred to in FlyBase by the symbol Dmel\Cyp6u1 (CG3567, FBgn0033121). It is a protein_coding_gene from Dmel. It has 3 annotated transcripts and 3 polypeptides (1 unique). Gene sequence location is 2R:6971996..6975026. Its molecular function is described by: monooxygenase activity; iron ion binding; oxidoreductase activity, acting on paired donors, with incorporation or reduction of molecular oxygen; heme binding. The biological processes in which it is involved are not known. 4 alleles are reported. No phenotypic data is available. The phenotypic class of alleles includes: viable. Summary of modENCODE Temporal Expression Profile:  Temporal profile ranges from a peak of moderately high expression to a trough of moderate expression.  Peak expression observed within 00-06 and 18-24 hour embryonic stages, during early larval stages, during late pupal stages, in adult female stages.
N0.HOG0000030	Gene Group 20	transmembrane transport (olfactory)	-0.027972027972027972	0.9312343512018808	n	-0.16783216783216784	0.602099427786538	n	uncharacterized protein(CG11898)	3	11	22	11	17	26	33	23	12	16	10	10	7	10	30	rna-NM_143422.3	FBgn0039645	This gene is referred to in FlyBase by the symbol Dmel\CG11898 (FBgn0039645). It is a protein_coding_gene from Dmel. It has one annotated transcript and one polypeptide. Gene sequence location is 3R:29165643..29171508. Its molecular function is described by: ATP binding; ABC-type transporter activity; ATP hydrolysis activity. It is involved in the biological process described with: transmembrane transport. 11 alleles are reported. No phenotypic data is available. The phenotypic classes of alleles include: viable; fertile. Summary of modENCODE Temporal Expression Profile:  Temporal profile ranges from a peak of low expression to a trough of no expression detected.  Peak expression observed within 18-24 hour embryonic stages, during late larval stages, in stages of adults of both sexes.
N0.HOG0000033	None	None	0.7132867132867133	0.009201779777634755	n	0.7272727272727274	0.007355028857805126	n	None	1	39	64	33	8	1	14	1	1	2	53	14	18	53	63	rna-NM_139889.2	FBgn0035807	This gene is referred to in FlyBase by the symbol Dmel\CG7492 (FBgn0035807). It is a protein_coding_gene from Dmel. It has one annotated transcript and one polypeptide. Gene sequence location is 3L:7651866..7654752. Its molecular function is unknown. The biological processes in which it is involved are not known. 6 alleles are reported. No phenotypic data is available. The phenotypic classes of alleles include: viable; fertile. Summary of modENCODE Temporal Expression Profile:  Temporal profile ranges from a peak of moderately high expression to a trough of moderate expression.  Peak expression observed within 00-18 hour embryonic stages, during late larval stages, at stages throughout the pupal period, in stages of adults of both sexes.
N0.HOG0000037	Gene Group 30	pheromone sensing	-0.06993006993006995	0.8290236405313092	n	0.2027972027972028	0.5273023541661082	n	Odorant receptor 43a(Or43a)	3	1	1	3	48	22	39	21	1	5	10	6	6	8	47	rna-NM_078923.3	FBgn0026389	The gene Odorant receptor 43a is referred to in FlyBase by the symbol Dmel\Or43a (CG1854, FBgn0026389). It is a protein_coding_gene from Dmel. It has one annotated transcript and one polypeptide. Gene sequence location is 2R:7232840..7234913. Its molecular function is described by: olfactory receptor activity; odorant binding; ionotropic olfactory receptor activity. It is involved in the biological process described with: sensory perception of smell; detection of chemical stimulus involved in sensory perception of smell. 18 alleles are reported. No phenotypic data is available. The phenotypic classes of alleles include: partially lethal; abnormal neurophysiology; viable. Summary of modENCODE Temporal Expression Profile:  Temporal profile ranges from a peak of very low expression to a trough of no expression detected.  Peak expression observed in adult male stages.
N0.HOG0000038	Gene Group 30	pheromone sensing	-0.06293706293706294	0.8459309212287789	n	0.14685314685314685	0.6487957097846664	n	Odorant receptor 94a(Or94a)	3	33	11	1	5	7	13	7	5	1	1	4	2	1	32	rna-NM_079731.1	FBgn0039033	The gene Odorant receptor 94a is referred to in FlyBase by the symbol Dmel\Or94a (CG17241, FBgn0039033). It is a protein_coding_gene from Dmel. It has one annotated transcript and one polypeptide. Gene sequence location is 3R:22987281..22988503. Its molecular function is described by: ionotropic olfactory receptor activity; olfactory receptor activity; odorant binding. It is involved in the biological process described with: sensory perception of smell; detection of chemical stimulus involved in sensory perception of smell. 5 alleles are reported. No phenotypic data is available. The phenotypic classes of alleles include: viable; abnormal smell perception. Summary of modENCODE Temporal Expression Profile:  Temporal profile ranges from a peak of very low expression to a trough of no expression detected.  Peak expression observed within 18-24 hour embryonic stages, during late larval stages, during late pupal stages, in adult male stages.
N0.HOG0000039	Gene Group 24	Cuticular protein	-0.21678321678321683	0.49855598552418856	n	0.0979020979020979	0.762121655996299	n	Cuticular protein 30B(Cpr30B)	3	8	1	5	3	3	4	6	6	5	4	3	2	3	7	rna-NM_135451.3	FBgn0032125	The gene Cuticular protein 30B is referred to in FlyBase by the symbol Dmel\Cpr30B (CG3818, FBgn0032125). It is a protein_coding_gene from Dmel. It has one annotated transcript and one polypeptide. Gene sequence location is 2L:9542878..9543658. Its molecular function is described by: structural constituent of chitin-based larval cuticle. It is involved in the biological process described with: chitin-based cuticle development. 6 alleles are reported. The phenotype of these alleles manifest in: mesonotum. The phenotypic classes of alleles include: partially lethal; abnormal body color; visible; viable. Summary of modENCODE Temporal Expression Profile:  Temporal profile ranges from a peak of extremely high expression to a trough of no expression detected.  Peak expression observed during late pupal stages.
N0.HOG0000044	Gene Group 24	Cuticular protein	0.3426573426573427	0.27556745095678037	n	0.5314685314685316	0.07536233505348364	n	Cuticular protein 76Ba(Cpr76Ba)	2	1	2	1	2	1	1	2	1	1	2	1	1	3	2	rna-NM_140863.2	FBgn0036878	The gene Cuticular protein 76Ba is referred to in FlyBase by the symbol Dmel\Cpr76Ba (CG9283, FBgn0036878). It is a protein_coding_gene from Dmel. It has one annotated transcript and one polypeptide. Gene sequence location is 3L:19517552..19518332. Its molecular function is described by: structural constituent of chitin-based larval cuticle. It is involved in the biological process described with: chitin-based cuticle development. 2 alleles are reported. No phenotypic data is available. The phenotypic classes of alleles include: some die during pupal stage; partially lethal; viable. Summary of modENCODE Temporal Expression Profile:  Temporal profile ranges from a peak of high expression to a trough of no expression detected.  Peak expression observed within 18-24 hour embryonic stages.
N0.HOG0000045	Gene Group 34	uncharacterized	0.1188811188811189	0.712884219214772	n	0.4895104895104896	0.106252371759346	n	Pinkman(pkm)	2	37	22	17	28	19	29	11	14	12	14	16	15	18	35	rna-NM_206689.2	FBgn0030317	The gene Pinkman is referred to in FlyBase by the symbol Dmel\pkm (CG1561, FBgn0030317). It is a protein_coding_gene from Dmel. It has one annotated transcript and one polypeptide. Gene sequence location is X:11581957..11584175. Its molecular function is described by: ecdysteroid 22-kinase activity. The biological processes in which it is involved are not known. 10 alleles are reported. The phenotypes of these alleles manifest in: embryonic/larval neuromuscular junction; presynaptic active zone. The phenotypic classes of alleles include: partially lethal - majority die; viable. Summary of modENCODE Temporal Expression Profile:  Temporal profile ranges from a peak of high expression to a trough of extremely low expression.  Peak expression observed during late pupal stages, in stages of adults of both sexes.
N0.HOG0000049	None	None	0.5524475524475525	0.06251148327961512	n	0.8671328671328673	0.00025981184986148103	y	cag (from API summary)	1	45	18	24	22	7	15	11	2	1	62	9	9	18	61	rna-NM_057859.4	FBgn0017414	The gene cag is referred to in FlyBase by the symbol Dmel\cag (CG12346, FBgn0017414). It is a protein_coding_gene from Dmel. It has 2 annotated transcripts and 2 polypeptides (1 unique). Gene sequence location is 2R:10893034..10894414. Its molecular function is described by: DNA binding. The biological processes in which it is involved are not known. 10 alleles are reported. The phenotypes of these alleles manifest in: sarcomere; mesonotum; trichogen cell; Z disc. The phenotypic classes of alleles include: some die during pupal stage; lethal - all die during larval stage; partially lethal - majority die; viable; visible. Summary of modENCODE Temporal Expression Profile:  Temporal profile ranges from a peak of moderate expression to a trough of low expression.  Peak expression observed within 00-18 hour embryonic stages, during late larval stages, at stages throughout the pupal period.
N0.HOG0000056	Gene Group 7	odorant binding	-0.5104895104895105	0.08991373630263913	n	-0.1328671328671329	0.6805975082860818	n	Odorant-binding protein 56e(Obp56e)	3	11	4	4	46	19	33	44	7	24	7	9	6	6	43	rna-NM_137601.4	FBgn0034471	The gene Odorant-binding protein 56e is referred to in FlyBase by the symbol Dmel\Obp56e (CG8462, FBgn0034471). It is a protein_coding_gene from Dmel. It has 2 annotated transcripts and 2 polypeptides (all unique). Gene sequence location is 2R:19712345..19712932. Its molecular function is described by: odorant binding. It is involved in the biological process described with: insemination; sensory perception of smell; sensory perception of chemical stimulus. 5 alleles are reported. No phenotypic data is available. The phenotypic classes of alleles include: abnormal behavior; viable. Summary of modENCODE Temporal Expression Profile:  Temporal profile ranges from a peak of high expression to a trough of no expression detected.  Peak expression observed in adult male stages.
N0.HOG0000059	Gene Group 1	Cytochrome P450	0.1398601398601399	0.6646331617926677	n	0.20979020979020982	0.5128409431818263	n	Cytochrome P450 9f3(Cyp9f3)	6	57	32	7	10	20	3	26	9	10	7	1	7	6	56	rna-NM_001363930.1	FBgn0038034	The gene Cytochrome P450 9f3 is referred to in FlyBase by the symbol Dmel\Cyp9f3 (CG17875, FBgn0038034). It is a protein_coding_gene from Dmel. It has one annotated transcript and one polypeptide. Gene sequence location is 3R:12396007..12398929. Its molecular function is described by: iron ion binding. The biological processes in which it is involved are not known. No alleles are reported. Summary of modENCODE Temporal Expression Profile:  Temporal profile ranges from a peak of moderate expression to a trough of very low expression.  Peak expression observed within 18-24 hour embryonic stages, during late larval stages, at stages throughout the pupal period, in adult male stages.
N0.HOG0000067	Gene Group 24,Gene Group 26	Cuticular protein,glycolysis and early development (and other)	0.2451842639184212	0.4424376657583864	n	0.08056054385890982	0.80345110920634	n	Cuticular protein 30F(Cpr30F)	1	1	1	11	3	3	5	3	3	6	2	2	4	4	10	rna-NM_164879.3	FBgn0051876	The gene Cuticular protein 30F is referred to in FlyBase by the symbol Dmel\Cpr30F (CG31876, FBgn0051876). It is a protein_coding_gene from Dmel. It has one annotated transcript and one polypeptide. Gene sequence location is 2L:9932272..9933163. Its molecular function is described by: structural constituent of chitin-based larval cuticle. It is involved in the biological process described with: chitin-based cuticle development. 4 alleles are reported. The phenotypes of these alleles manifest in: ganglion mother cell; trichogen cell; mesonotum; larval neuroblast. The phenotypic classes of alleles include: increased mortality during development; phenotype; increased mortality; lethal. Summary of modENCODE Temporal Expression Profile:  Temporal profile ranges from a peak of extremely high expression to a trough of no expression detected.  Peak expression observed during late pupal stages.
N0.HOG0000068	None	None	0.6433566433566434	0.024003191200713644	n	0.6923076923076924	0.012593030496094107	n	None	1	43	39	21	1	4	4	2	1	2	16	4	5	48	47	rna-NM_168749.2	FBgn0052187	This gene is referred to in FlyBase by the symbol Dmel\CG32187 (FBgn0052187). It is a protein_coding_gene from Dmel. It has one annotated transcript and one polypeptide. Gene sequence location is 3L:17804916..17806365. Its molecular function is unknown. The biological processes in which it is involved are not known. 3 alleles are reported. No phenotypic data is available. The phenotypic classes of alleles include: viable; partially lethal - majority die; some die during pupal stage. Summary of modENCODE Temporal Expression Profile:  Temporal profile ranges from a peak of moderate expression to a trough of extremely low expression.  Peak expression observed within 06-18 hour embryonic stages, during early pupal stages.
N0.HOG0000069	None	None	0.43356643356643365	0.1591057694121953	n	0.5034965034965035	0.09515736659412469	n	None	1	19	48	8	11	2	18	2	2	1	39	7	6	19	47	rna-NM_143799.3	FBgn0026148	This gene is referred to in FlyBase by the symbol Dmel\CG12253 (FBgn0026148). It is a protein_coding_gene from Dmel. It has one annotated transcript and one polypeptide. Gene sequence location is 2L:10987806..10989241. Its molecular function is unknown. The biological processes in which it is involved are not known. 6 alleles are reported. No phenotypic data is available. The phenotypic class of alleles includes: viable. Summary of modENCODE Temporal Expression Profile:  Temporal profile ranges from a peak of moderately high expression to a trough of very low expression.  Peak expression observed within 00-06 hour embryonic stages.
N0.HOG0000071	None	None	0.17482517482517487	0.5868236643627043	n	0.31468531468531474	0.31913878550330455	n	None	1	7	3	1	11	2	13	2	1	1	7	2	16	4	15	rna-NM_001299601.1	FBgn0028953	This gene is referred to in FlyBase by the symbol Dmel\CG14478 (FBgn0028953). It is a protein_coding_gene from Dmel. It has 4 annotated transcripts and 4 polypeptides (1 unique). Gene sequence location is 2R:17457663..17465795. Its molecular function is described by: nucleic acid binding. The biological processes in which it is involved are not known. 19 alleles are reported. No phenotypic data is available. The phenotypic classes of alleles include: viable; abnormal behavior. Summary of modENCODE Temporal Expression Profile:  Temporal profile ranges from a peak of very high expression to a trough of moderate expression.  Peak expression observed within 00-12 hour embryonic stages.
N0.HOG0000072	None	None	0.5244755244755246	0.08001937592027475	n	0.7482517482517484	0.005124081698753058	n	None	1	21	1	10	8	1	5	1	1	1	39	1	15	11	38	rna-NM_141770.3	FBgn0037844	This gene is referred to in FlyBase by the symbol Dmel\CG4570 (FBgn0037844). It is a protein_coding_gene from Dmel. It has one annotated transcript and one polypeptide. Gene sequence location is 3R:10856807..10858066. Its molecular function is described by: nucleic acid binding. The biological processes in which it is involved are not known. 10 alleles are reported. No phenotypic data is available. The phenotypic class of alleles includes: viable. Summary of modENCODE Temporal Expression Profile:  Temporal profile ranges from a peak of very high expression to a trough of very low expression.  Peak expression observed within 00-06 hour embryonic stages.
N0.HOG0000073	None	None	-0.11188811188811189	0.729194990751066	n	0.25874125874125875	0.41677476889913834	n	None	1	21	10	5	14	16	4	15	16	18	15	15	13	18	20	rna-NM_140661.3	FBgn0036659	This gene is referred to in FlyBase by the symbol Dmel\CG9701 (FBgn0036659). It is a protein_coding_gene from Dmel. It has one annotated transcript and one polypeptide. Gene sequence location is 3L:16733546..16739364. Its molecular function is described by: hydrolase activity, hydrolyzing O-glycosyl compounds; beta-glucosidase activity. It is involved in the biological process described with: carbohydrate metabolic process. 6 alleles are reported. No phenotypic data is available. The phenotypic class of alleles includes: viable. Summary of modENCODE Temporal Expression Profile:  Temporal profile ranges from a peak of very high expression to a trough of extremely low expression.  Peak expression observed at stages throughout the pupal period.
N0.HOG0000078	Gene Group 26	glycolysis and early development (and other)	-0.6783216783216784	0.0153173290532817	n	-0.46153846153846156	0.13094806950717278	n	uncharacterized protein(CG8757)	9	2	5	7	34	17	17	41	9	7	5	7	6	7	39	rna-NM_140407.2	FBgn0036380	This gene is referred to in FlyBase by the symbol Dmel\CG8757 (FBgn0036380). It is a protein_coding_gene from Dmel. It has one annotated transcript and one polypeptide. Gene sequence location is 3L:13840197..13842240. Its molecular function is described by: 3-beta-hydroxysteroid 3-dehydrogenase (NADP+) activity; estradiol 17-beta-dehydrogenase [NAD(P)+] activity; 17-beta-hydroxysteroid dehydrogenase (NADP+) activity. The biological processes in which it is involved are not known. 3 alleles are reported. No phenotypic data is available. The phenotypic class of alleles includes: viable. Summary of modENCODE Temporal Expression Profile:  Temporal profile ranges from a peak of high expression to a trough of no expression detected.  Peak expression observed during late pupal stages.
N0.HOG0000082	Gene Group 2	protein breakdown (proteolysis)	-0.6121022427222839	0.0343892739141432	n	-0.47027367428663264	0.12287053954623404	n	uncharacterized protein(CG17242)	18	1	1	1	1	1	1	2	1	1	1	1	1	1	17	rna-NM_001272992.2	FBgn0250841	This gene is referred to in FlyBase by the symbol Dmel\CG17242 (FBgn0250841). It is a protein_coding_gene from Dmel. It has 2 annotated transcripts and 2 polypeptides (1 unique). Gene sequence location is 2L:2268106..2269140. Its molecular function is unknown. It is involved in the biological process described with: proteolysis; insemination. 8 alleles are reported. No phenotypic data is available. The phenotypic class of alleles includes: viable. Summary of modENCODE Temporal Expression Profile:  Temporal profile ranges from a peak of very high expression to a trough of no expression detected.  Peak expression observed in adult male stages.
N0.HOG0000085	Gene Group 3	lipid metabolic process (digestion)	-0.1328671328671329	0.6805975082860818	n	-0.14685314685314685	0.6487957097846664	n	uncharacterized protein(CG3635)	13	6	7	10	7	2	21	5	9	6	2	4	7	7	19	rna-NM_136294.5	FBgn0032981	This gene is referred to in FlyBase by the symbol Dmel\CG3635 (FBgn0032981). It is a protein_coding_gene from Dmel. It has 2 annotated transcripts and 2 polypeptides (all unique). Gene sequence location is 2L:22175415..22183991. Its molecular function is described by: triacylglycerol lipase activity; lipase activity; hydrolase activity, acting on ester bonds. It is involved in the biological process described with: lipid metabolic process. 8 alleles are reported. The phenotypes of these alleles manifest in: lipid droplet; adult midgut region R3; mesonotum; trichogen cell. The phenotypic classes of alleles include: abnormal body color; viable; visible. Summary of modENCODE Temporal Expression Profile:  Temporal profile ranges from a peak of moderate expression to a trough of extremely low expression.  Peak expression observed during late larval stages.
N0.HOG0000086	Gene Group 3	lipid metabolic process (digestion)	0.09859399412855982	0.7604837400712293	n	0.37324869205811934	0.23206767137485984	n	Lipase 4(Lip4)	6	10	4	1	8	5	7	4	1	1	4	4	5	3	9	rna-NM_001273427.1	FBgn0032264	The gene Lipase 4 is referred to in FlyBase by the symbol Dmel\Lip4 (CG6113, FBgn0032264). It is a protein_coding_gene from Dmel. It has 3 annotated transcripts and 3 polypeptides (all unique). Gene sequence location is 2L:10527572..10531778. Its molecular function is described by: hydrolase activity, acting on ester bonds; triacylglycerol lipase activity; serine hydrolase activity; lipase activity. It is involved in the biological process described with: lipid catabolic process; lipid metabolic process. 14 alleles are reported. The phenotype of these alleles manifest in: ovariole. The phenotypic classes of alleles include: fertile; viable; flightless. Summary of modENCODE Temporal Expression Profile:  Temporal profile ranges from a peak of high expression to a trough of very low expression.  Peak expression observed within 06-12 and 18-24 hour embryonic stages.
N0.HOG0000087	Gene Group 28	DNA-related functions	0.3706293706293707	0.2356210035126457	n	0.25874125874125875	0.41677476889913834	n	uncharacterized protein(CG14352)	1	3	28	3	1	1	9	8	3	1	23	2	3	5	27	rna-NM_134765.3	FBgn0031351	This gene is referred to in FlyBase by the symbol Dmel\CG14352 (FBgn0031351). It is a protein_coding_gene from Dmel. It has one annotated transcript and one polypeptide. Gene sequence location is 2L:1611410..1612576. Its molecular function is unknown. The biological processes in which it is involved are not known. 8 alleles are reported. No phenotypic data is available. The phenotypic class of alleles includes: viable. Summary of modENCODE Temporal Expression Profile:  Temporal profile ranges from a peak of moderately high expression to a trough of low expression.  Peak expression observed within 00-06 hour embryonic stages.
N0.HOG0000089	None	None	0.04195804195804196	0.8969858708195542	n	0.1398601398601399	0.6646331617926677	n	Alcohol dehydrogenase (from API summary)	6	31	43	5	8	7	17	5	10	10	7	6	5	8	38	rna-NM_001032098.2	FBgn0000055	The gene Alcohol dehydrogenase is referred to in FlyBase by the symbol Dmel\Adh (CG3481, FBgn0000055). It is a protein_coding_gene from Dmel. It has 5 annotated transcripts and 5 polypeptides (1 unique). Gene sequence location is 2L:14615552..14618902. Its molecular function is described by: aldehyde dehydrogenase (NAD+) activity; protein homodimerization activity; alcohol dehydrogenase (NAD+) activity. It is involved in the biological process described with 6 unique terms, many of which group under: cellular process; metabolic process; small molecule metabolic process; acetaldehyde metabolic process; nucleoside phosphate metabolic process. 482 alleles are reported. No phenotypic data is available. The phenotypic classes of alleles include: chemical sensitive; electrophoretic variant; wild-type; chemical resistant; abnormal locomotor behavior. Summary of modENCODE Temporal Expression Profile:  Temporal profile ranges from a peak of extremely high expression to a trough of low expression.  Peak expression observed at stages throughout the larval period, in adult male stages.  This gene is annotated by FlyBase as a dicistronic gene, meaning that some or all of its transcripts encode two or more polypeptide-coding open reading frames (ORFs) , with each ORF assigned to a different gene.  The distribution of RNA-Seq coverage data amongst the different encoded genes cannot be determined.
N0.HOG0000092	Gene Group 2	protein breakdown (proteolysis)	0.029858645986452867	0.9266070156694299	n	0.11570225319750486	0.7202854941958451	n	uncharacterized protein(CG11529)	2	4	4	1	7	8	19	9	1	1	1	1	1	1	18	rna-NM_140301.2	FBgn0036264	This gene is referred to in FlyBase by the symbol Dmel\CG11529 (FBgn0036264). It is a protein_coding_gene from Dmel. It has one annotated transcript and one polypeptide. Gene sequence location is 3L:12197791..12199030. Its molecular function is described by: serine-type endopeptidase activity. It is involved in the biological process described with: innate immune response; proteolysis. 4 alleles are reported. The phenotypes of these alleles manifest in: mesonotum; ganglion mother cell. The phenotypic classes of alleles include: lethal; flightless; abnormal neuroanatomy; viable; partially lethal - majority die; visible. Summary of modENCODE Temporal Expression Profile:  Temporal profile ranges from a peak of very high expression to a trough of no expression detected.  Peak expression observed during late larval stages.
N0.HOG0000093	Gene Group 2	protein breakdown (proteolysis)	-0.4306731657495821	0.16222059753277357	n	-0.36304680087981306	0.24608852288355584	n	uncharacterized protein(CG7542)	2	1	1	1	28	28	9	37	6	1	1	1	1	1	36	rna-NM_001300170.1	FBgn0036738	This gene is referred to in FlyBase by the symbol Dmel\CG7542 (FBgn0036738). It is a protein_coding_gene from Dmel. It has 2 annotated transcripts and 2 polypeptides (1 unique). Gene sequence location is 3L:17549826..17550980. Its molecular function is described by: serine-type endopeptidase activity. It is involved in the biological process described with: proteolysis; innate immune response. 5 alleles are reported. No phenotypic data is available. The phenotypic class of alleles includes: viable. Summary of modENCODE Temporal Expression Profile:  Temporal profile ranges from a peak of very high expression to a trough of no expression detected.  Peak expression observed in adult male stages.
N0.HOG0000095	Gene Group 1	Cytochrome P450	-0.06293706293706294	0.8459309212287789	n	0.35664335664335667	0.25513775175895725	n	Cytochrome P450 4d1(Cyp4d1)	15	20	11	2	13	10	29	5	7	5	7	14	8	14	27	rna-NM_057559.4	FBgn0005670	The gene Cytochrome P450 4d1 is referred to in FlyBase by the symbol Dmel\Cyp4d1 (CG3656, FBgn0005670). It is a protein_coding_gene from Dmel. It has 2 annotated transcripts and 2 polypeptides (all unique). Gene sequence location is X:2159145..2162180. Its molecular function is described by: iron ion binding; monooxygenase activity; oxidoreductase activity, acting on paired donors, with incorporation or reduction of molecular oxygen; heme binding. The biological processes in which it is involved are not known. 13 alleles are reported. The phenotypes of these alleles manifest in: embryonic/larval fat body; lipid droplet. The phenotypic class of alleles includes: viable. Summary of modENCODE Temporal Expression Profile:  Temporal profile ranges from a peak of very high expression to a trough of very low expression.  Peak expression observed during late larval stages.
N0.HOG0000101	Gene Group 23	glutathione metabolic process	-0.07746670967243986	0.81087645719889	n	0.1690182756489597	0.599497869823576	n	Glutathione S transferase E12(GstE12)	3	24	11	6	14	15	24	19	2	1	1	1	1	1	23	rna-NM_138120.3	FBgn0027590	The gene Glutathione S transferase E12 is referred to in FlyBase by the symbol Dmel\GstE12 (CG16936, FBgn0027590). It is a protein_coding_gene from Dmel. It has 4 annotated transcripts and 4 polypeptides (1 unique). Gene sequence location is 2R:24766718..24768172. Its molecular function is described by: glutathione transferase activity. It is involved in the biological process described with: glutathione metabolic process. 8 alleles are reported. No phenotypic data is available. The phenotypic class of alleles includes: viable. Summary of modENCODE Temporal Expression Profile:  Temporal profile ranges from a peak of very high expression to a trough of low expression.  Peak expression observed within 18-24 hour embryonic stages, at stages throughout the larval period, at stages throughout the pupal period, in stages of adults of both sexes.
N0.HOG0000108	Gene Group 24	Cuticular protein	0.5734265734265735	0.05126558978649144	n	0.6573426573426573	0.020185498509854096	n	Cuticular protein 78Cc(Cpr78Cc)	4	8	4	8	5	7	7	6	2	15	14	9	8	10	13	rna-NM_141043.3	FBgn0037069	The gene Cuticular protein 78Cc is referred to in FlyBase by the symbol Dmel\Cpr78Cc (CG7658, FBgn0037069). It is a protein_coding_gene from Dmel. It has one annotated transcript and one polypeptide. Gene sequence location is 3L:21300580..21301171. Its molecular function is described by: structural constituent of chitin-based larval cuticle. It is involved in the biological process described with: chitin-based cuticle development. 2 alleles are reported. No phenotypic data is available. The phenotypic class of alleles includes: viable. Summary of modENCODE Temporal Expression Profile:  Temporal profile ranges from a peak of very high expression to a trough of extremely low expression.  Peak expression observed within 12-24 hour embryonic stages, at stages throughout the larval period, at stages throughout the pupal period.
N0.HOG0000112	Gene Group 26	glycolysis and early development (and other)	0.6433566433566434	0.024003191200713644	n	0.44755244755244755	0.14458630130334754	n	UDP-glycosyltransferase family 303 member A1(Ugt303A1)	19	6	1	5	4	7	13	3	1	2	3	2	3	3	18	rna-NM_001275541.1	FBgn0040252	The gene UDP-glycosyltransferase family 303 member A1 is referred to in FlyBase by the symbol Dmel\Ugt303A1 (CG4772, FBgn0040252). It is a protein_coding_gene from Dmel. It has 2 annotated transcripts and 2 polypeptides (1 unique). Gene sequence location is 3R:11175529..11177910. Its molecular function is described by: UDP-glycosyltransferase activity. The biological processes in which it is involved are not known. 4 alleles are reported. No phenotypic data is available. The phenotypic classes of alleles include: viable; abnormal pain response; partially lethal. Summary of modENCODE Temporal Expression Profile:  Temporal profile ranges from a peak of moderately high expression to a trough of no expression detected.  Peak expression observed within 18-24 hour embryonic stages.
N0.HOG0000113	Gene Group 26	glycolysis and early development (and other)	0.2797202797202798	0.37856866966230307	n	0.04195804195804196	0.8969858708195542	n	UDP-glycosyltransferase family 316 member A1(Ugt316A1)	1	1	19	10	5	5	2	1	9	6	5	2	4	6	18	rna-NM_001300182.1	FBgn0036842	The gene UDP-glycosyltransferase family 316 member A1 is referred to in FlyBase by the symbol Dmel\Ugt316A1 (CG3797, FBgn0036842). It is a protein_coding_gene from Dmel. It has 2 annotated transcripts and 2 polypeptides (1 unique). Gene sequence location is 3L:19059400..19062816. Its molecular function is described by: UDP-glycosyltransferase activity. The biological processes in which it is involved are not known. 4 alleles are reported. No phenotypic data is available. No phenotypic class data is available. Summary of modENCODE Temporal Expression Profile:  Temporal profile ranges from a peak of moderately high expression to a trough of moderate expression.  Peak expression observed within 00-12 and 18-24 hour embryonic stages, during late larval stages, at stages throughout the pupal period, in adult female stages.
N0.HOG0000119	Gene Group 2	protein breakdown (proteolysis)	0.04895104895104895	0.8799185788786749	n	0.21678321678321683	0.49855598552418856	n	uncharacterized protein(CG11841)	5	10	7	5	10	9	39	12	5	9	4	2	2	3	37	rna-NM_143404.2	FBgn0039628	This gene is referred to in FlyBase by the symbol Dmel\CG11841 (FBgn0039628). It is a protein_coding_gene from Dmel. It has one annotated transcript and one polypeptide. Gene sequence location is 3R:29051056..29052267. Its molecular function is described by: serine-type endopeptidase activity. It is involved in the biological process described with: proteolysis; innate immune response. 4 alleles are reported. No phenotypic data is available. The phenotypic classes of alleles include: partially lethal - majority die; viable; some die during pupal stage. Summary of modENCODE Temporal Expression Profile:  Temporal profile ranges from a peak of high expression to a trough of no expression detected.  Peak expression observed in adult male stages.
N0.HOG0000120	Gene Group 4	Esterase and mating behavior	-0.08391608391608392	0.7954145018538977	n	-0.2027972027972028	0.5273023541661082	n	alpha-Esterase-6(alpha-Est6)	14	3	12	4	13	15	31	20	4	8	3	3	4	3	28	rna-NM_079538.3	FBgn0015574	The gene alpha-Esterase-6 is referred to in FlyBase by the symbol Dmel\α-Est6 (CG1108, FBgn0015574). It is a protein_coding_gene from Dmel. It has one annotated transcript and one polypeptide. Gene sequence location is 3R:7524567..7528777. Its molecular function is described by: carboxylesterase activity. The biological processes in which it is involved are not known. 4 alleles are reported. No phenotypic data is available. The phenotypic class of alleles includes: viable. Summary of modENCODE Temporal Expression Profile:  Temporal profile ranges from a peak of moderately high expression to a trough of extremely low expression.  Peak expression observed in adult male stages.
N0.HOG0000127	Gene Group 22	transcription regulation	0.3426573426573427	0.27556745095678037	n	-0.04895104895104895	0.8799185788786749	n	uncharacterized protein(CG5180)	1	2	9	1	1	2	2	1	1	1	2	2	6	1	8	rna-NM_142635.2	FBgn0043457	This gene is referred to in FlyBase by the symbol Dmel\CG5180 (FBgn0043457). It is a protein_coding_gene from Dmel. It has 2 annotated transcripts and 2 polypeptides (1 unique). Gene sequence location is 3R:20557930..20559760. Its molecular function is unknown. The biological processes in which it is involved are not known. 9 alleles are reported. The phenotypes of these alleles manifest in: trichogen cell; scutellar bristle; dorsocentral bristle; thecogen cell. The phenotypic classes of alleles include: viable; visible. Summary of modENCODE Temporal Expression Profile:  Temporal profile ranges from a peak of high expression to a trough of low expression.  Peak expression observed within 00-06 hour embryonic stages.
N0.HOG0000140	Gene Group 1	Cytochrome P450	0.2447552447552448	0.4432619364501832	n	0.4825174825174825	0.11210929146889191	n	Cytochrome P450 6w1(Cyp6w1)	6	26	8	8	9	8	14	17	1	6	5	3	2	6	25	rna-NM_001299216.1	FBgn0033065	The gene Cytochrome P450 6w1 is referred to in FlyBase by the symbol Dmel\Cyp6w1 (CG8345, FBgn0033065). It is a protein_coding_gene from Dmel. It has 2 annotated transcripts and 2 polypeptides (1 unique). Gene sequence location is 2R:6173684..6176195. Its molecular function is described by: heme binding; oxidoreductase activity, acting on paired donors, with incorporation or reduction of molecular oxygen; iron ion binding; monooxygenase activity. It is involved in the biological process described with: response to DDT; insecticide catabolic process. 8 alleles are reported. No phenotypic data is available. No phenotypic class data is available. Summary of modENCODE Temporal Expression Profile:  Temporal profile ranges from a peak of high expression to a trough of no expression detected.  Peak expression observed during late larval stages, in adult male stages.
N0.HOG0000141	Gene Group 4	Esterase and mating behavior	0.2937062937062937	0.35414764123292175	n	0.2657342657342658	0.40383308831471165	n	Esterase P(Est-P)	2	7	21	4	8	8	11	9	3	6	12	9	9	10	19	rna-NM_176323.2	FBgn0000594	The gene Esterase P is referred to in FlyBase by the symbol Dmel\Est-P (CG17148, FBgn0000594). It is a protein_coding_gene from Dmel. It has one annotated transcript and one polypeptide. Gene sequence location is 3L:12190733..12192528. Its molecular function is described by: serine hydrolase activity; carboxylesterase activity. The biological processes in which it is involved are not known. 39 alleles are reported. No phenotypic data is available. The phenotypic classes of alleles include: electrophoretic variant; viable; partially lethal - majority die. Summary of modENCODE Temporal Expression Profile:  Temporal profile ranges from a peak of high expression to a trough of extremely low expression.  Peak expression observed during late larval stages.
N0.HOG0000142	None	None	-0.39860139860139865	0.19933549461780897	n	0.034965034965034975	0.9140933424107598	n	Juvenile hormone binding protein 12 (from API summary)	1	19	13	4	26	9	10	17	2	6	2	3	2	4	25	rna-NM_143008.3	FBgn0039203	The gene Juvenile hormone binding protein 12 is referred to in FlyBase by the symbol Dmel\Jhbp12 (CG13618, FBgn0039203). It is a protein_coding_gene from Dmel. It has one annotated transcript and one polypeptide. Gene sequence location is 3R:24524794..24527533. Its molecular function is unknown. It is involved in the biological process described with: circadian rhythm. 8 alleles are reported. The phenotypes of these alleles manifest in: nurse cell; egg chamber. The phenotypic classes of alleles include: fertile; viable. Summary of modENCODE Temporal Expression Profile:  Temporal profile ranges from a peak of very high expression to a trough of extremely low expression.  Peak expression observed during early pupal stages.
N0.HOG0000145	Gene Group 34	uncharacterized	0.10489510489510491	0.7456094809807079	n	0.2657342657342658	0.40383308831471165	n	uncharacterized protein(CG31974)	2	4	1	1	10	5	25	19	6	11	11	5	8	8	24	rna-NM_001272871.1	FBgn0051974	This gene is referred to in FlyBase by the symbol Dmel\CG31974 (FBgn0051974). It is a protein_coding_gene from Dmel. It has 3 annotated transcripts and 3 polypeptides (2 unique). Gene sequence location is 2L:141077..143091. Its molecular function is described by: ecdysteroid 22-kinase activity. The biological processes in which it is involved are not known. 14 alleles are reported. No phenotypic data is available. The phenotypic class of alleles includes: viable. Summary of modENCODE Temporal Expression Profile:  Temporal profile ranges from a peak of high expression to a trough of extremely low expression.  Peak expression observed during early larval stages.
N0.HOG0000161	None	None	-0.028021058733533853	0.9311140674192737	n	0.14360792600936098	0.6561292074448725	n	None	1	1	1	1	8	8	19	10	1	1	1	1	1	2	18	rna-NM_169500.2	FBgn0038130	This gene is referred to in FlyBase by the symbol Dmel\CG8630 (FBgn0038130). It is a protein_coding_gene from Dmel. It has 2 annotated transcripts and 2 polypeptides (1 unique). Gene sequence location is 3R:13279721..13284527. Its molecular function is described by: iron ion binding; oxidoreductase activity, acting on paired donors, with oxidation of a pair of donors resulting in the reduction of molecular oxygen to two molecules of water; stearoyl-CoA 9-desaturase activity. It is involved in the biological process described with: lipid metabolic process; unsaturated fatty acid biosynthetic process. 8 alleles are reported. No phenotypic data is available. The phenotypic classes of alleles include: lethal; viable. Summary of modENCODE Temporal Expression Profile:  Temporal profile ranges from a peak of very high expression to a trough of extremely low expression.  Peak expression observed within 18-24 hour embryonic stages, during early larval stages.
N0.HOG0000164	Gene Group 22	transcription regulation	0.39860139860139865	0.19933549461780897	n	0.23076923076923078	0.470531995381542	n	uncharacterized protein(CG8765)	1	1	19	9	2	1	1	3	4	1	17	4	5	5	18	rna-NM_140884.3	FBgn0036900	This gene is referred to in FlyBase by the symbol Dmel\CG8765 (FBgn0036900). It is a protein_coding_gene from Dmel. It has 3 annotated transcripts and 3 polypeptides (all unique). Gene sequence location is 3L:19683941..19687353. Its molecular function is described by: . It is involved in the biological process described with: regulation of transcription by RNA polymerase II; dendrite morphogenesis. 8 alleles are reported. The phenotypes of these alleles manifest in: proprioceptive system; cell cluster organ; organism subdivision; larval abdominal nerve sensory neuron; adult thoracic segment. The phenotypic classes of alleles include: visible; partially lethal - majority die; viable; abnormal neuroanatomy; lethal; some die during pupal stage. Summary of modENCODE Temporal Expression Profile:  Temporal profile ranges from a peak of moderately high expression to a trough of moderate expression.  Peak expression observed within 00-06 hour embryonic stages, in adult female stages.
N0.HOG0000165	Gene Group 22	transcription regulation	0.28873955423363945	0.36272223973310513	n	0.4859275424907591	0.1092271849290281	n	Dorsal interacting protein 3(Dlip3)	1	1	1	1	1	1	1	1	1	1	1	1	1	4	3	rna-NM_080264.4	FBgn0040465	The gene Dorsal interacting protein 3 is referred to in FlyBase by the symbol Dmel\Dlip3 (CG12767, FBgn0040465). It is a protein_coding_gene from Dmel. It has one annotated transcript and one polypeptide. Gene sequence location is 2R:18128494..18130246. Its molecular function is described by: basal RNA polymerase II transcription machinery binding; transcription coactivator activity; DNA binding; DNA-binding transcription factor activity. It is involved in the biological process described with 8 unique terms, many of which group under: macromolecule metabolic process; gene expression; regulation of biosynthetic process; regulation of macromolecule biosynthetic process; imaginal disc-derived appendage morphogenesis. 17 alleles are reported. The phenotypes of these alleles manifest in: appendage; tagmatic subdivision of integument; rhabdomere; cell projection; histaminergic neuron. The phenotypic classes of alleles include: increased mortality; viable; increased mortality during development; phenotype. Summary of modENCODE Temporal Expression Profile:  Temporal profile ranges from a peak of moderately high expression to a trough of low expression.  Peak expression observed within 00-18 hour embryonic stages.
N0.HOG0000166	Gene Group 22	transcription regulation	0.5034965034965035	0.09515736659412469	n	0.37762237762237766	0.22620604493502663	n	uncharacterized protein(CG13204)	1	2	5	2	1	1	1	2	2	1	4	2	2	4	4	rna-NM_136834.2	FBgn0033627	This gene is referred to in FlyBase by the symbol Dmel\CG13204 (FBgn0033627). It is a protein_coding_gene from Dmel. It has 2 annotated transcripts and 2 polypeptides (all unique). Gene sequence location is 2R:11366710..11370287. Its molecular function is described by: DNA binding. The biological processes in which it is involved are not known. 18 alleles are reported. No phenotypic data is available. The phenotypic classes of alleles include: fertile; viable. Summary of modENCODE Temporal Expression Profile:  Temporal profile ranges from a peak of moderately high expression to a trough of very low expression.  Peak expression observed during early pupal stages.
N0.HOG0000173	Gene Group 26	glycolysis and early development (and other)	-0.2464849853213996	0.43994311321635393	n	0.1126788504326398	0.7273453279440116	n	kin of rumpel(kumpel)	4	22	16	3	12	7	2	6	2	1	1	1	1	1	21	rna-NM_143189.4	FBgn0250757	The gene kin of rumpel is referred to in FlyBase by the symbol Dmel\kumpel (CG42235, FBgn0250757). It is a protein_coding_gene from Dmel. It has 5 annotated transcripts and 5 polypeptides (all unique). Gene sequence location is 3R:25907022..25921046. Its molecular function is described by: solute:sodium symporter activity; symporter activity; transmembrane transporter activity. It is involved in the biological process described with: sodium ion transport; transmembrane transport. 29 alleles are reported. The phenotypes of these alleles manifest in: orbital bristle; trichogen cell; eye; wing vein. The phenotypic classes of alleles include: partially lethal; increased mortality; phenotype; increased mortality during development. Summary of modENCODE Temporal Expression Profile:  Temporal profile ranges from a peak of moderately high expression to a trough of extremely low expression.  Peak expression observed in adult male stages.
N0.HOG0000174	Gene Group 26	glycolysis and early development (and other)	-0.2657342657342658	0.40383308831471165	n	-0.2797202797202798	0.37856866966230307	n	uncharacterized protein(CG3106)	11	19	13	4	7	13	10	17	3	1	2	3	5	1	18	rna-NM_001298131.1	FBgn0030148	This gene is referred to in FlyBase by the symbol Dmel\CG3106 (FBgn0030148). It is a protein_coding_gene from Dmel. It has 2 annotated transcripts and 2 polypeptides (1 unique). Gene sequence location is X:9659095..9662903. Its molecular function is described by: acyltransferase activity, transferring groups other than amino-acyl groups. The biological processes in which it is involved are not known. 3 alleles are reported. No phenotypic data is available. The phenotypic classes of alleles include: viable; partially lethal - majority die. Summary of modENCODE Temporal Expression Profile:  Temporal profile ranges from a peak of very high expression to a trough of very low expression.  Peak expression observed within 18-24 hour embryonic stages, during early larval stages.
N0.HOG0000177	Gene Group 30	pheromone sensing	-0.2027972027972028	0.5273023541661082	n	-0.31468531468531474	0.31913878550330455	n	Gustatory receptor 64e(Gr64e)	3	6	10	6	11	12	12	19	4	5	9	6	3	1	18	rna-NM_001031935.2	FBgn0045476	The gene Gustatory receptor 64e is referred to in FlyBase by the symbol Dmel\Gr64e (CG32258, FBgn0045476). It is a protein_coding_gene from Dmel. It has 2 annotated transcripts and 2 polypeptides (all unique). Gene sequence location is 3L:4032141..4035703. Its molecular function is described by: taste receptor activity; sweet taste receptor activity; ligand-gated monoatomic ion channel activity; ionotropic sweet taste receptor activity. It is involved in the biological process described with: detection of chemical stimulus involved in sensory perception of taste; sensory perception of sweet taste; monoatomic ion transmembrane transport. 11 alleles are reported. No phenotypic data is available. The phenotypic classes of alleles include: abnormal taste perception; abnormal feeding behavior; abnormal proboscis extension reflex. Summary of modENCODE Temporal Expression Profile:  Temporal profile ranges from a peak of very low expression to a trough of no expression detected.  Peak expression observed at stages throughout the pupal period, in adult male stages.  This gene is annotated by FlyBase as a dicistronic gene, meaning that some or all of its transcripts encode two or more polypeptide-coding open reading frames (ORFs) , with each ORF assigned to a different gene.  The distribution of RNA-Seq coverage data amongst the different encoded genes cannot be determined.
N0.HOG0000179	None	None	-0.2867132867132868	0.36625146058358227	n	-0.013986013986013986	0.9655902689187795	n	beta galactosidase (from API summary)	2	4	3	1	7	4	16	15	9	6	6	8	12	13	15	rna-NM_135134.3	FBgn0001089	The gene beta galactosidase is referred to in FlyBase by the symbol Dmel\Gal (CG9092, FBgn0001089). It is a protein_coding_gene from Dmel. It has 2 annotated transcripts and 2 polypeptides (all unique). Gene sequence location is 2L:6003574..6006827. Its molecular function is described by: hydrolase activity, hydrolyzing O-glycosyl compounds; beta-galactosidase activity; protein homodimerization activity. It is involved in the biological process described with: galactose metabolic process; glycoprotein catabolic process; galactose catabolic process; carbohydrate metabolic process. 12 alleles are reported. No phenotypic data is available. The phenotypic class of alleles includes: viable. Summary of modENCODE Temporal Expression Profile:  Temporal profile ranges from a peak of high expression to a trough of very low expression.  Peak expression observed at stages throughout the pupal period.
N0.HOG0000194	Gene Group 30	pheromone sensing	-0.4640728216397039	0.12856990475703262	n	-0.1305204810861667	0.6859821382014442	n	Gustatory receptor 66a(Gr66a)	2	2	1	2	19	7	5	22	1	1	1	1	1	1	21	rna-NM_079247.3	FBgn0035870	The gene Gustatory receptor 66a is referred to in FlyBase by the symbol Dmel\Gr66a (CG7189, FBgn0035870). It is a protein_coding_gene from Dmel. It has one annotated transcript and one polypeptide. Gene sequence location is 3L:8305336..8306980. Its molecular function is described by: ionotropic taste receptor activity; taste receptor activity; ligand-gated monoatomic ion channel activity. It is involved in the biological process described with 11 unique terms, many of which group under: multicellular organismal process; response to stimulus; response to chemical; response to nitrogen compound; response to toxic substance. 9 alleles are reported. No phenotypic data is available. The phenotypic classes of alleles include: viable; abnormal taste perception. Summary of modENCODE Temporal Expression Profile:  Temporal profile ranges from a peak of very low expression to a trough of extremely low expression.  Peak expression observed at stages throughout embryogenesis, at stages throughout the larval period, at stages throughout the pupal period, in stages of adults of both sexes.
N0.HOG0000198	None	None	0.5034965034965035	0.09515736659412469	n	0.7622377622377624	0.003950448972542651	n	Cathepsin L1 (from API summary)	1	10	3	4	7	6	9	9	8	2	15	7	9	12	14	rna-NM_079011.3	FBgn0013770	The gene Cathepsin L1 is referred to in FlyBase by the symbol Dmel\CtsL1 (CG6692, FBgn0013770). It is a protein_coding_gene from Dmel. It has 4 annotated transcripts and 4 polypeptides (all unique). Gene sequence location is 2R:13960675..13967981. Its molecular function is described by: cysteine-type peptidase activity; peptidase activity; cysteine-type endopeptidase activity. It is involved in the biological process described with: proteolysis involved in protein catabolic process; proteolysis. 46 alleles are reported. The phenotypes of these alleles manifest in: egg; abdominal segment 3; female germline cyst; actin-based cell projection; primordium. The phenotypic classes of alleles include: fertile; phenotype; abnormal body color; abnormal cell death. Summary of modENCODE Temporal Expression Profile:  Temporal profile ranges from a peak of very high expression to a trough of high expression.  Peak expression observed at stages throughout embryogenesis, at stages throughout the larval period, at stages throughout the pupal period, in stages of adults of both sexes.
N0.HOG0000200	Gene Group 22	transcription regulation	0.5384615384615385	0.07089431754922315	n	0.5454545454545455	0.06661188226688902	n	uncharacterized protein(CG5953)	1	2	14	5	3	1	5	1	4	2	27	6	15	15	26	rna-NM_001273574.1	FBgn0032587	This gene is referred to in FlyBase by the symbol Dmel\CG5953 (FBgn0032587). It is a protein_coding_gene from Dmel. It has 4 annotated transcripts and 4 polypeptides (2 unique). Gene sequence location is 2L:16508078..16532877. Its molecular function is unknown. The biological processes in which it is involved are not known. 35 alleles are reported. The phenotypes of these alleles manifest in: chaeta; mesonotum. The phenotypic classes of alleles include: lethal; visible; fertile; viable; partially lethal - majority die. Summary of modENCODE Temporal Expression Profile:  Temporal profile ranges from a peak of moderately high expression to a trough of low expression.  Peak expression observed within 18-24 hour embryonic stages, during late pupal stages.
N0.HOG0000204	Gene Group 1	Cytochrome P450	-0.17482517482517487	0.5868236643627043	n	0.17482517482517487	0.5868236643627043	n	Cytochrome P450 318a1(Cyp318a1)	6	14	6	4	20	4	1	10	2	7	6	6	7	7	19	rna-NM_167318.1	FBgn0030369	The gene Cytochrome P450 318a1 is referred to in FlyBase by the symbol Dmel\Cyp318a1 (CG1786, FBgn0030369). It is a protein_coding_gene from Dmel. It has one annotated transcript and one polypeptide. Gene sequence location is X:12032632..12035283. Its molecular function is described by: oxidoreductase activity, acting on paired donors, with incorporation or reduction of molecular oxygen; heme binding; iron ion binding; monooxygenase activity. The biological processes in which it is involved are not known. 7 alleles are reported. No phenotypic data is available. The phenotypic classes of alleles include: viable; lethal - all die during P-stage; fertile. Summary of modENCODE Temporal Expression Profile:  Temporal profile ranges from a peak of low expression to a trough of no expression detected.  Peak expression observed at stages throughout the larval period, during late pupal stages, in stages of adults of both sexes.
N0.HOG0000215	Gene Group 26	glycolysis and early development (and other)	-0.04195804195804196	0.8969858708195542	n	-0.06293706293706294	0.8459309212287789	n	Dpr-interacting protein kappa(DIP-kappa)	1	1	1	2	1	1	1	3	2	4	6	7	6	1	6	rna-NM_165049.2	FBgn0051814	The gene Dpr-interacting protein kappa is referred to in FlyBase by the symbol Dmel\DIP-κ (CG31814, FBgn0051814). It is a protein_coding_gene from Dmel. It has 2 annotated transcripts and 2 polypeptides (all unique). Gene sequence location is 2L:13676860..13717320. Its molecular function is described by: . It is involved in the biological process described with: establishment of synaptic specificity at neuromuscular junction. 15 alleles are reported. No phenotypic data is available. No phenotypic class data is available. Summary of modENCODE Temporal Expression Profile:  Temporal profile ranges from a peak of moderate expression to a trough of no expression detected.  Peak expression observed within 18-24 hour embryonic stages.
N0.HOG0000218	None	None	0.08391608391608392	0.7954145018538977	n	0.2447552447552448	0.4432619364501832	n	Ejaculatory bulb protein III (from API summary)	1	2	1	1	13	12	13	8	6	5	5	3	4	4	12	rna-NM_001299879.1	FBgn0011695	The gene Ejaculatory bulb protein III is referred to in FlyBase by the symbol Dmel\EbpIII (CG11390, FBgn0011695). It is a protein_coding_gene from Dmel. It has 3 annotated transcripts and 3 polypeptides (1 unique). Gene sequence location is 2R:24026172..24027518. Its molecular function is unknown. It is involved in the biological process described with: metamorphosis; response to virus; mating plug formation. 7 alleles are reported. No phenotypic data is available. The phenotypic classes of alleles include: viable; increased efficacy of long-term memory. Summary of modENCODE Temporal Expression Profile:  Temporal profile ranges from a peak of extremely high expression to a trough of very low expression.  Peak expression observed during late pupal stages, in adult male stages.
N0.HOG0000233	Gene Group 2	protein breakdown (proteolysis)	0.050757964866842614	0.8755159205894297	n	0.31905006487729637	0.3121040651249244	n	Gram-positive Specific Serine protease(grass)	1	28	2	1	1	1	1	1	1	1	1	1	1	1	27	rna-NM_143286.3	FBgn0039494	The gene Gram-positive Specific Serine protease is referred to in FlyBase by the symbol Dmel\grass (CG5896, FBgn0039494). It is a protein_coding_gene from Dmel. It has 2 annotated transcripts and 2 polypeptides (all unique). Gene sequence location is 3R:27157948..27159781. Its molecular function is described by: serine hydrolase activity; calcium ion binding; serine-type endopeptidase activity. It is involved in the biological process described with 7 unique terms, many of which group under: response to fungus; protein metabolic process; positive regulation of cellular process; biological process involved in interspecies interaction between organisms; metabolic process. 10 alleles are reported. No phenotypic data is available. The phenotypic classes of alleles include: viable; abnormal immune response. Summary of modENCODE Temporal Expression Profile:  Temporal profile ranges from a peak of high expression to a trough of extremely low expression.  Peak expression observed during early pupal stages.
N0.HOG0000234	Gene Group 2	protein breakdown (proteolysis)	0.1708455533552061	0.5954984043740537	n	0.05694851778506871	0.860457510377353	n	Ser7(Ser7)	5	3	8	2	1	2	11	2	2	1	1	1	1	1	10	rna-NM_132354.3	FBgn0019929	The gene Ser7 is referred to in FlyBase by the symbol Dmel\Ser7 (CG2045, FBgn0019929). It is a protein_coding_gene from Dmel. It has one annotated transcript and one polypeptide. Gene sequence location is X:9865233..9867070. Its molecular function is described by: serine-type peptidase activity; serine-type endopeptidase activity; serine hydrolase activity. It is involved in the biological process described with: proteolysis. 7 alleles are reported. No phenotypic data is available. The phenotypic class of alleles includes: viable. Summary of modENCODE Temporal Expression Profile:  Temporal profile ranges from a peak of moderately high expression to a trough of no expression detected.  Peak expression observed during late pupal stages, in adult male stages.
N0.HOG0000241	None	None	0.2027972027972028	0.5273023541661082	n	0.21678321678321683	0.49855598552418856	n	alpha-Tubulin at 67C (from API summary)	1	9	17	3	2	2	4	2	7	3	3	2	3	4	16	rna-NM_079285.4	FBgn0087040	The gene alpha-Tubulin at 67C is referred to in FlyBase by the symbol Dmel\αTub67C (CG8308, FBgn0087040). It is a protein_coding_gene from Dmel. It has one annotated transcript and one polypeptide. Gene sequence location is 3L:9681268..9683370. Its molecular function is described by: GTP binding; structural constituent of cytoskeleton. It is involved in the biological process described with 13 unique terms, many of which group under: developmental process; cellular component organization; cellular process; embryo development; system development. 42 alleles are reported. The phenotypes of these alleles manifest in: egg; nucleus; germline cell; portion of tissue; epithelial cell. The phenotypic classes of alleles include: abnormal neuroanatomy; sterile; increased cell number; phenotype. Summary of modENCODE Temporal Expression Profile:  Temporal profile ranges from a peak of very high expression to a trough of extremely low expression.  Peak expression observed within 00-06 hour embryonic stages, in adult female stages.
N0.HOG0000244	Gene Group 16	uncharacterized	0.1958041958041958	0.5419358857313175	n	0.27272727272727276	0.3910967709418962	n	uncharacterized protein(CG7460)	4	18	16	4	7	9	7	9	4	3	3	1	2	2	17	rna-NM_140747.2	FBgn0036749	This gene is referred to in FlyBase by the symbol Dmel\CG7460 (FBgn0036749). It is a protein_coding_gene from Dmel. It has 2 annotated transcripts and 2 polypeptides (1 unique). Gene sequence location is 3L:17740540..17742540. Its molecular function is described by: polyamine oxidase activity; oxidoreductase activity. The biological processes in which it is involved are not known. 5 alleles are reported. No phenotypic data is available. The phenotypic class of alleles includes: viable. Summary of modENCODE Temporal Expression Profile:  Temporal profile ranges from a peak of moderate expression to a trough of very low expression.  Peak expression observed within 06-18 hour embryonic stages, during early larval stages, in adult female stages.
N0.HOG0000260	Gene Group 2	protein breakdown (proteolysis)	0.3426573426573427	0.27556745095678037	n	0.6083916083916086	0.035805997052029234	n	uncharacterized protein(CG4572)	1	8	9	4	2	1	1	2	4	13	11	9	7	14	13	rna-NM_169879.3	FBgn0038738	This gene is referred to in FlyBase by the symbol Dmel\CG4572 (FBgn0038738). It is a protein_coding_gene from Dmel. It has 3 annotated transcripts and 3 polypeptides (1 unique). Gene sequence location is 3R:19862517..19864393. Its molecular function is described by: serine hydrolase activity; serine-type carboxypeptidase activity. It is involved in the biological process described with: proteolysis. 8 alleles are reported. No phenotypic data is available. The phenotypic classes of alleles include: fertile; viable. Summary of modENCODE Temporal Expression Profile:  Temporal profile ranges from a peak of high expression to a trough of moderate expression.  Peak expression observed within 00-06 hour embryonic stages, during late larval stages, at stages throughout the pupal period, in stages of adults of both sexes.
N0.HOG0000268	Gene Group 35	RNA polymerase II transcription regulation	0.14685314685314685	0.6487957097846664	n	0.1328671328671329	0.6805975082860818	n	paired(prd)	1	5	2	4	4	3	2	4	1	5	3	3	5	2	4	rna-NM_164990.3	FBgn0003145	The gene paired is referred to in FlyBase by the symbol Dmel\prd (CG6716, FBgn0003145). It is a protein_coding_gene from Dmel. It has 2 annotated transcripts and 2 polypeptides (all unique). Gene sequence location is 2L:12082995..12085827. Its molecular function is described by: RNA polymerase II transcription regulatory region sequence-specific DNA binding; DNA binding; RNA polymerase II cis-regulatory region sequence-specific DNA binding; DNA-binding transcription factor activity, RNA polymerase II-specific. It is involved in the biological process described with: nervous system development; regulation of transcription by RNA polymerase II; regulation of DNA-templated transcription; positive regulation of transcription by RNA polymerase II; periodic partitioning by pair rule gene. 63 alleles are reported. The phenotypes of these alleles manifest in: non-connected functional system; terminal segment; NB3-3 lineage neuron; mesothoracic segment; embryonic labial segment. The phenotypic classes of alleles include: partially lethal; increased mortality; phenotype; embryonic/larval segmentation phenotype. Summary of modENCODE Temporal Expression Profile:  Temporal profile ranges from a peak of moderately high expression to a trough of no expression detected.  Peak expression observed within 00-06 hour embryonic stages, in adult male stages.
N0.HOG0000276	Gene Group 26	glycolysis and early development (and other)	0.7972027972027973	0.0019003677255282703	n	0.6713286713286714	0.016831456186893395	n	waterproof(wat)	1	7	10	7	5	6	6	5	3	5	8	4	5	8	9	rna-NM_143395.1	FBgn0039620	The gene waterproof is referred to in FlyBase by the symbol Dmel\wat (CG1443, FBgn0039620). It is a protein_coding_gene from Dmel. It has one annotated transcript and one polypeptide. Gene sequence location is 3R:28992977..29020406. Its molecular function is described by: alcohol-forming long-chain fatty acyl-CoA reductase activity; alcohol-forming very long-chain fatty acyl-CoA reductase activity. It is involved in the biological process described with: long-chain fatty-acyl-CoA metabolic process; lumen formation, open tracheal system; liquid clearance, open tracheal system. 14 alleles are reported. The phenotypes of these alleles manifest in: taenidial fold; primordium; nucleus; tracheal lumen; germline cyst. The phenotypic classes of alleles include: fertile; viable; short lived; lethal. Summary of modENCODE Temporal Expression Profile:  Temporal profile ranges from a peak of high expression to a trough of very low expression.  Peak expression observed within 12-24 hour embryonic stages, during late pupal stages, in adult male stages.
N0.HOG0000278	Gene Group 13	molting and development	0.2937062937062937	0.35414764123292175	n	0.4755244755244756	0.11817595701303213	n	uncharacterized protein(CG12539)	3	12	9	5	1	4	7	4	2	1	9	9	6	10	11	rna-NM_132748.3	FBgn0030586	This gene is referred to in FlyBase by the symbol Dmel\CG12539 (FBgn0030586). It is a protein_coding_gene from Dmel. It has one annotated transcript and one polypeptide. Gene sequence location is X:14842617..14844757. Its molecular function is described by: oxidoreductase activity; oxidoreductase activity, acting on CH-OH group of donors; flavin adenine dinucleotide binding. It is involved in the biological process described with: ecdysteroid metabolic process. 5 alleles are reported. No phenotypic data is available. The phenotypic class of alleles includes: viable. Summary of modENCODE Temporal Expression Profile:  Temporal profile ranges from a peak of moderately high expression to a trough of extremely low expression.  Peak expression observed during late larval stages.
N0.HOG0000284	None	None	0.23240012901731957	0.4673126442064679	n	0.5915639647713589	0.04275733150402945	n	None	1	13	13	4	10	4	6	6	2	2	5	3	5	8	12	rna-NM_142964.3	FBgn0039156	This gene is referred to in FlyBase by the symbol Dmel\CG6178 (FBgn0039156). It is a protein_coding_gene from Dmel. It has one annotated transcript and one polypeptide. Gene sequence location is 3R:24152347..24154896. Its molecular function is described by: long-chain fatty acid-CoA ligase activity; CoA-ligase activity. It is involved in the biological process described with: acyl-CoA metabolic process; long-chain fatty acid metabolic process; fatty-acyl-CoA biosynthetic process. 10 alleles are reported. No phenotypic data is available. The phenotypic classes of alleles include: viable; fertile. Summary of modENCODE Temporal Expression Profile:  Temporal profile ranges from a peak of high expression to a trough of low expression.  Peak expression observed within 00-06 hour embryonic stages, at stages throughout the larval period, in adult female stages.
N0.HOG0000296	Gene Group 31	chromatin organization and transcription regulation	0.6433566433566434	0.024003191200713644	n	0.8671328671328673	0.00025981184986148103	y	uncharacterized protein(CG16863)	1	14	1	6	1	1	17	1	1	2	11	2	1	23	22	rna-NM_001042896.3	FBgn0028931	This gene is referred to in FlyBase by the symbol Dmel\CG16863 (FBgn0028931). It is a protein_coding_gene from Dmel. It has 2 annotated transcripts and 2 polypeptides (all unique). Gene sequence location is 2L:13790959..13793264. Its molecular function is described by: DNA binding. It is involved in the biological process described with: regulation of transcription by RNA polymerase II. 13 alleles are reported. No phenotypic data is available. The phenotypic class of alleles includes: viable. Summary of modENCODE Temporal Expression Profile:  Temporal profile ranges from a peak of moderate expression to a trough of very low expression.  Peak expression observed within 00-12 hour embryonic stages.
N0.HOG0000302	Gene Group 31	chromatin organization and transcription regulation	0.07692307692307693	0.8121826980280591	n	0.034965034965034975	0.9140933424107598	n	putzig(pzg)	1	1	1	2	2	1	3	1	3	1	1	1	59	3	58	rna-NM_141040.2	FBgn0259785	The gene putzig is referred to in FlyBase by the symbol Dmel\pzg (CG7752, FBgn0259785). It is a protein_coding_gene from Dmel. It has 2 annotated transcripts and 2 polypeptides (1 unique). Gene sequence location is 3L:21286099..21290310. Its molecular function is described by: nuclear receptor binding; transcription cis-regulatory region binding; chromatin binding; protein binding. It is involved in the biological process described with 7 unique terms, many of which group under: cellular component organization or biogenesis; cellular component organization; chromatin organization; cell surface receptor signaling pathway via STAT; regulation of mitotic cell cycle. 27 alleles are reported. The phenotypes of these alleles manifest in: intracellular anatomical structure; chromosome; larval nervous system; polytene chromosome; gut. The phenotypic classes of alleles include: lethal; visible; phenotype; increased mortality. Summary of modENCODE Temporal Expression Profile:  Temporal profile ranges from a peak of very high expression to a trough of moderate expression.  Peak expression observed within 00-12 hour embryonic stages.
N0.HOG0000305	Gene Group 26	glycolysis and early development (and other)	-0.06293706293706294	0.8459309212287789	n	0.04195804195804196	0.8969858708195542	n	uncharacterized protein(CG15096)	2	2	13	3	5	3	4	2	10	7	6	5	6	8	11	rna-NM_137532.3	FBgn0034394	This gene is referred to in FlyBase by the symbol Dmel\CG15096 (FBgn0034394). It is a protein_coding_gene from Dmel. It has 2 annotated transcripts and 2 polypeptides (all unique). Gene sequence location is 2R:18808356..18815019. Its molecular function is described by: transmembrane transporter activity. It is involved in the biological process described with: transmembrane transport. 9 alleles are reported. No phenotypic data is available. The phenotypic classes of alleles include: viable; fertile. Summary of modENCODE Temporal Expression Profile:  Temporal profile ranges from a peak of high expression to a trough of extremely low expression.  Peak expression observed within 18-24 hour embryonic stages, during early larval stages, in stages of adults of both sexes.
N0.HOG0000307	Gene Group 15	chitin-related	-0.1922012475246069	0.5495411215625509	n	-0.028474258892534354	0.9300023256880593	n	Chitinase 8(Cht8)	1	7	3	1	2	2	2	2	1	1	3	5	5	3	6	rna-NM_137698.1	FBgn0034580	The gene Chitinase 8 is referred to in FlyBase by the symbol Dmel\Cht8 (CG9357, FBgn0034580). It is a protein_coding_gene from Dmel. It has one annotated transcript and one polypeptide. Gene sequence location is 2R:21061646..21063212. Its molecular function is described by: hydrolase activity, hydrolyzing O-glycosyl compounds; chitinase activity; chitin binding. It is involved in the biological process described with: ecdysis, chitin-based cuticle; chitin catabolic process; carbohydrate metabolic process. 6 alleles are reported. The phenotype of these alleles manifest in: embryonic/larval cuticle. The phenotypic classes of alleles include: viable; partially lethal - majority live; some die during larval stage. Summary of modENCODE Temporal Expression Profile:  Temporal profile ranges from a peak of very high expression to a trough of extremely low expression.  Peak expression observed during early pupal stages.
N0.HOG0000315	Gene Group 2	protein breakdown (proteolysis)	0.09090909090909093	0.7787253962454419	n	0.27272727272727276	0.3910967709418962	n	uncharacterized protein(CG10469)	4	8	4	1	3	3	17	8	8	3	5	3	4	3	16	rna-NM_139768.2	FBgn0035678	This gene is referred to in FlyBase by the symbol Dmel\CG10469 (FBgn0035678). It is a protein_coding_gene from Dmel. It has one annotated transcript and one polypeptide. Gene sequence location is 3L:6092188..6093313. Its molecular function is described by: serine-type endopeptidase activity; serine hydrolase activity. It is involved in the biological process described with: innate immune response; proteolysis. 4 alleles are reported. No phenotypic data is available. The phenotypic class of alleles includes: viable. Summary of modENCODE Temporal Expression Profile:  Temporal profile ranges from a peak of moderate expression to a trough of very low expression.  Peak expression observed within 00-06 hour embryonic stages, during late larval stages, during early pupal stages, in adult female stages.
N0.HOG0000316	Gene Group 2	protein breakdown (proteolysis)	0.06993006993006995	0.8290236405313092	n	0.09090909090909093	0.7787253962454419	n	uncharacterized protein(CG5390)	1	8	9	4	8	7	9	8	2	2	3	3	6	5	8	rna-NM_135530.3	FBgn0032213	The gene Serine protease homolog 35 is referred to in FlyBase by the symbol Dmel\Sph35 (CG5390, FBgn0032213). It is a protein_coding_gene from Dmel. It has 2 annotated transcripts and 2 polypeptides (1 unique). Gene sequence location is 2L:10304069..10306594. Its molecular function is described by: peptidase activator activity. It is involved in the biological process described with: zymogen activation; proteolysis; melanization defense response. 12 alleles are reported. The phenotype of these alleles manifest in: adult thorax. The phenotypic classes of alleles include: abnormal immune response; viable; increased mortality; visible. Summary of modENCODE Temporal Expression Profile:  Temporal profile ranges from a peak of very high expression to a trough of very low expression.  Peak expression observed during early pupal stages.
N0.HOG0000317	None	None	-0.4982995306193512	0.09918470589758405	n	-0.08186349431603626	0.800328390032892	n	None	2	9	2	4	13	7	14	14	4	2	1	1	1	1	13	rna-NM_142619.3	FBgn0038784	This gene is referred to in FlyBase by the symbol Dmel\CG4362 (FBgn0038784). It is a protein_coding_gene from Dmel. It has one annotated transcript and one polypeptide. Gene sequence location is 3R:20306216..20307537. Its molecular function is unknown. The biological processes in which it is involved are not known. 7 alleles are reported. No phenotypic data is available. The phenotypic classes of alleles include: viable; fertile. Summary of modENCODE Temporal Expression Profile:  Temporal profile ranges from a peak of very high expression to a trough of no expression detected.  Peak expression observed at stages throughout the larval period.
N0.HOG0000319	None	None	0.5174825174825175	0.08486877113393493	n	0.8181818181818183	0.0011431050868040604	n	Sulfotransferase 1 (from API summary)	2	32	6	1	1	2	6	1	2	2	7	1	5	7	31	rna-NM_137971.3	FBgn0034887	The gene Sulfotransferase 1 is referred to in FlyBase by the symbol Dmel\St1 (CG5428, FBgn0034887). It is a protein_coding_gene from Dmel. It has one annotated transcript and one polypeptide. Gene sequence location is 2R:23681623..23682952. Its molecular function is described by: sulfotransferase activity. It is involved in the biological process described with: sulfation; xenobiotic metabolic process. 5 alleles are reported. The phenotype of these alleles manifest in: trichogen cell. The phenotypic classes of alleles include: viable; visible. Summary of modENCODE Temporal Expression Profile:  Temporal profile ranges from a peak of very high expression to a trough of very low expression.  Peak expression observed within 12-18 embryonic stages.
N0.HOG0000342	Gene Group 12	digesting complicated sugars (Lysosomal alpha-mannosidase)	-0.37762237762237766	0.22620604493502663	n	-0.32867132867132864	0.2969041156887641	n	Lysosomal alpha-mannosidase VI(LManVI)	6	2	4	1	8	9	13	11	5	6	1	2	1	1	12	rna-NM_135409.3	FBgn0032069	The gene Lysosomal alpha-mannosidase VI is referred to in FlyBase by the symbol Dmel\LManVI (CG9468, FBgn0032069). It is a protein_coding_gene from Dmel. It has one annotated transcript and one polypeptide. Gene sequence location is 2L:8777661..8781252. Its molecular function is described by: carbohydrate binding; alpha-mannosidase activity; catalytic activity. It is involved in the biological process described with: carbohydrate metabolic process; mannose metabolic process. 7 alleles are reported. No phenotypic data is available. The phenotypic class of alleles includes: viable. Summary of modENCODE Temporal Expression Profile:  Temporal profile ranges from a peak of very high expression to a trough of extremely low expression.  Peak expression observed at stages throughout the larval period, in stages of adults of both sexes.
N0.HOG0000345	Gene Group 30	pheromone sensing	-0.5293330621827873	0.07676426169926849	n	-0.4640728216397039	0.12856990475703262	n	Gustatory receptor 77a(Gr77a)	1	1	3	1	14	10	10	30	1	1	1	1	1	1	29	rna-NM_168868.2	FBgn0045474	The gene Gustatory receptor 77a is referred to in FlyBase by the symbol Dmel\Gr77a (CG32433, FBgn0045474). It is a protein_coding_gene from Dmel. It has one annotated transcript and one polypeptide. Gene sequence location is 3L:20737569..20739430. Its molecular function is described by: taste receptor activity; ligand-gated monoatomic ion channel activity. It is involved in the biological process described with: chemosensory behavior; monoatomic ion transmembrane transport; sensory perception of taste; male courtship behavior. 5 alleles are reported. No phenotypic data is available. No phenotypic class data is available. Summary of modENCODE Temporal Expression Profile:  Temporal profile ranges from a peak of low expression to a trough of no expression detected.  Peak expression observed during late larval stages.
N0.HOG0000365	Gene Group 4	Esterase and mating behavior	0.05913123959890826	0.8551579906775546	n	-0.11826247919781652	0.7143228241208927	n	uncharacterized protein(CG6414)	1	27	29	1	1	1	1	1	1	1	1	1	1	1	28	rna-NM_001316636.1	FBgn0029690	This gene is referred to in FlyBase by the symbol Dmel\CG6414 (FBgn0029690). It is a protein_coding_gene from Dmel. It has 2 annotated transcripts and 2 polypeptides (1 unique). Gene sequence location is X:3968788..3971350. Its molecular function is described by: carboxylesterase activity. The biological processes in which it is involved are not known. 5 alleles are reported. No phenotypic data is available. The phenotypic class of alleles includes: viable. Summary of modENCODE Temporal Expression Profile:  Temporal profile ranges from a peak of high expression to a trough of extremely low expression.  Peak expression observed during late pupal stages.
N0.HOG0000370	None	None	0.2676122697775195	0.40039240027539647	n	0.1690182756489597	0.599497869823576	n	vasa (from API summary)	1	1	1	1	1	1	4	1	1	1	1	1	2	2	3	rna-NM_001273529.2	FBgn0283442	The gene vasa is referred to in FlyBase by the symbol Dmel\vas (CG46283, FBgn0283442). It is a protein_coding_gene from Dmel. It has 3 annotated transcripts and 3 polypeptides (1 unique). Gene sequence location is 2L:15061656..15074311. Its molecular function is described by 8 unique terms, many of which group under: binding; nucleic acid binding; RNA binding; protein binding; mRNA binding. It is involved in the biological process described with 18 unique terms, many of which group under: chromosome segregation; meiotic cell cycle process; negative regulation of macromolecule biosynthetic process; intracellular mRNA localization; intracellular protein localization. 147 alleles are reported. The phenotypes of these alleles manifest in: intracellular anatomical structure; pole plasm; external encapsulating structure; chorionic specialization; chorion. The phenotypic classes of alleles include: lethal - all die before end of pupal stage; phenotype; wild-type; sterile.
N0.HOG0000375	None	None	0.17482517482517487	0.5868236643627043	n	-0.013986013986013986	0.9655902689187795	n	None	2	9	14	2	4	7	6	4	3	3	3	3	3	4	12	rna-NM_143534.3	FBgn0039768	This gene is referred to in FlyBase by the symbol Dmel\CG15533 (FBgn0039768). It is a protein_coding_gene from Dmel. It has one annotated transcript and one polypeptide. Gene sequence location is 3R:30428820..30431362. Its molecular function is described by: acid sphingomyelin phosphodiesterase activity; hydrolase activity; sphingomyelin phosphodiesterase activity. It is involved in the biological process described with: sphingomyelin catabolic process; ceramide biosynthetic process. 8 alleles are reported. The phenotypes of these alleles manifest in: trichogen cell; mesonotum. The phenotypic classes of alleles include: lethal; visible; viable. Summary of modENCODE Temporal Expression Profile:  Temporal profile ranges from a peak of high expression to a trough of extremely low expression.  Peak expression observed during early larval stages.
N0.HOG0000376	Gene Group 10	uncharacterized	-0.10450526095258503	0.746527481740289	n	-0.04105563823137269	0.899191365046892	n	uncharacterized protein(CG5550)	5	1	1	1	1	1	4	1	1	1	1	1	1	1	4	rna-NM_001259447.2	FBgn0034160	This gene is referred to in FlyBase by the symbol Dmel\CG5550 (FBgn0034160). It is a protein_coding_gene from Dmel. It has 2 annotated transcripts and 2 polypeptides (all unique). Gene sequence location is 2R:16816589..16817577. Its molecular function is unknown. The biological processes in which it is involved are not known. 7 alleles are reported. No phenotypic data is available. The phenotypic classes of alleles include: short lived; viable. Summary of modENCODE Temporal Expression Profile:  Temporal profile ranges from a peak of moderately high expression to a trough of extremely low expression.  Peak expression observed within 18-24 hour embryonic stages, during early larval stages.
N0.HOG0000377	Gene Group 10	uncharacterized	-0.16083916083916086	0.6175234895401425	n	-0.06993006993006995	0.8290236405313092	n	uncharacterized protein(CG1791)	2	1	4	1	1	4	30	2	1	1	2	4	1	5	29	rna-NM_132363.1	FBgn0030163	This gene is referred to in FlyBase by the symbol Dmel\CG1791 (FBgn0030163). It is a protein_coding_gene from Dmel. It has 3 annotated transcripts and 3 polypeptides (all unique). Gene sequence location is X:9963453..9964878. Its molecular function is described by: transmembrane receptor protein tyrosine kinase activator activity. It is involved in the biological process described with: negative regulation of apoptotic process. 4 alleles are reported. No phenotypic data is available. The phenotypic classes of alleles include: viable; lethal - all die during embryonic stage; lethal. Summary of modENCODE Temporal Expression Profile:  Temporal profile ranges from a peak of moderately high expression to a trough of no expression detected.  Peak expression observed during late pupal stages.
N0.HOG0000378	Gene Group 4	Esterase and mating behavior	-0.22377622377622378	0.48445166145539886	n	0.013986013986013986	0.9655902689187795	n	uncharacterized protein(CG4757)	2	8	9	2	9	3	5	6	1	1	6	6	5	4	8	rna-NM_001275540.1	FBgn0027584	This gene is referred to in FlyBase by the symbol Dmel\CG4757 (FBgn0027584). It is a protein_coding_gene from Dmel. It has 2 annotated transcripts and 2 polypeptides (1 unique). Gene sequence location is 3R:11161207..11163498. Its molecular function is described by: serine hydrolase activity; carboxylesterase activity. It is involved in the biological process described with: . 3 alleles are reported. The phenotypes of these alleles manifest in: mesonotum; chaeta; trichogen cell. The phenotypic classes of alleles include: visible; partially lethal - majority die; viable; some die during pupal stage. Summary of modENCODE Temporal Expression Profile:  Temporal profile ranges from a peak of very high expression to a trough of no expression detected.  Peak expression observed during early pupal stages.
N0.HOG0000383	Gene Group 19	uncharacterized	-0.16016770627050572	0.619012091466582	n	-0.2954204360100439	0.35121355720380765	n	uncharacterized protein(CG11550)	1	2	12	5	6	6	10	16	2	2	1	1	1	1	15	rna-NM_143625.2	FBgn0039864	This gene is referred to in FlyBase by the symbol Dmel\CG11550 (FBgn0039864). It is a protein_coding_gene from Dmel. It has one annotated transcript and one polypeptide. Gene sequence location is 3R:31678147..31679880. Its molecular function is described by: phosphatidylinositol bisphosphate binding. The biological processes in which it is involved are not known. 8 alleles are reported. No phenotypic data is available. No phenotypic class data is available. Summary of modENCODE Temporal Expression Profile:  Temporal profile ranges from a peak of moderately high expression to a trough of extremely low expression.  Peak expression observed during late pupal stages.
N0.HOG0000385	Gene Group 26	glycolysis and early development (and other)	0.08701365405744448	0.788011888658888	n	0.31905006487729637	0.3121040651249244	n	uncharacterized protein(CG42565)	1	2	1	1	1	1	3	1	1	1	1	1	1	1	2	rna-NM_001299809.1	FBgn0260767	This gene is referred to in FlyBase by the symbol Dmel\CG42565 (FBgn0260767). It is a protein_coding_gene from Dmel. It has 2 annotated transcripts and 2 polypeptides (1 unique). Gene sequence location is 2R:22657901..22661389. Its molecular function is described by: zinc ion binding. It is involved in the biological process described with: . 8 alleles are reported. No phenotypic data is available. The phenotypic class of alleles includes: viable. Summary of modENCODE Temporal Expression Profile:  Temporal profile ranges from a peak of high expression to a trough of low expression.  Peak expression observed in adult female stages.
N0.HOG0000394	Gene Group 2	protein breakdown (proteolysis)	0.29004551352481495	0.3604571272621032	n	0.3625568919060187	0.24677408192533515	n	uncharacterized protein(CG4653)	5	13	2	1	1	2	3	2	1	1	1	1	1	1	12	rna-NM_132922.3	FBgn0030776	This gene is referred to in FlyBase by the symbol Dmel\CG4653 (FBgn0030776). It is a protein_coding_gene from Dmel. It has one annotated transcript and one polypeptide. Gene sequence location is X:16704081..16705278. Its molecular function is unknown. It is involved in the biological process described with: proteolysis. 3 alleles are reported. No phenotypic data is available. The phenotypic class of alleles includes: viable. Summary of modENCODE Temporal Expression Profile:  Temporal profile ranges from a peak of high expression to a trough of no expression detected.  Peak expression observed within 18-24 hour embryonic stages, at stages throughout the larval period, in stages of adults of both sexes.
N0.HOG0000395	Gene Group 2	protein breakdown (proteolysis)	0.007251137838120374	0.9821566539187246	n	0.2537898243342131	0.42606072918826865	n	uncharacterized protein(CG31265)	9	13	8	2	2	1	1	2	1	1	1	1	1	1	12	rna-NM_142342.4	FBgn0051265	This gene is referred to in FlyBase by the symbol Dmel\CG31265 (FBgn0051265). It is a protein_coding_gene from Dmel. It has one annotated transcript and one polypeptide. Gene sequence location is 3R:17128212..17129120. Its molecular function is described by: serine-type endopeptidase activity; serine hydrolase activity. It is involved in the biological process described with: innate immune response; proteolysis. 2 alleles are reported. No phenotypic data is available. The phenotypic class of alleles includes: viable. Summary of modENCODE Temporal Expression Profile:  Temporal profile ranges from a peak of moderately high expression to a trough of no expression detected.  Peak expression observed within 18-24 hour embryonic stages, at stages throughout the larval period.
N0.HOG0000397	None	None	0.2377622377622378	0.4568008526399232	n	0.17482517482517487	0.5868236643627043	n	pudgy (from API summary)	1	9	11	4	5	5	9	4	4	2	4	2	3	2	10	rna-NM_001201661.2	FBgn0027601	The gene pudgy is referred to in FlyBase by the symbol Dmel\pdgy (CG9009, FBgn0027601). It is a protein_coding_gene from Dmel. It has 4 annotated transcripts and 4 polypeptides (1 unique). Gene sequence location is X:14933670..14953532. Its molecular function is described by: long-chain fatty acid-CoA ligase activity. It is involved in the biological process described with: fatty-acyl-CoA biosynthetic process; triglyceride catabolic process; long-chain fatty acid metabolic process. 14 alleles are reported. No phenotypic data is available. The phenotypic classes of alleles include: fertile; long lived; viable; decreased body size. Summary of modENCODE Temporal Expression Profile:  Temporal profile ranges from a peak of high expression to a trough of moderate expression.  Peak expression observed within 00-06 hour embryonic stages, during late larval stages, during early pupal stages.
N0.HOG0000399	Gene Group 23	glutathione metabolic process	-0.07746670967243986	0.81087645719889	n	0.1126788504326398	0.7273453279440116	n	Glutathione S transferase S1(GstS1)	1	3	1	1	9	7	1	13	4	6	7	4	4	4	12	rna-NM_001274111.1	FBgn0010226	The gene Glutathione S transferase S1 is referred to in FlyBase by the symbol Dmel\GstS1 (CG8938, FBgn0010226). It is a protein_coding_gene from Dmel. It has 4 annotated transcripts and 4 polypeptides (2 unique). Gene sequence location is 2R:17093246..17099501. Its molecular function is described by: glutathione transferase activity; prostaglandin-D synthase activity; glutathione peroxidase activity. It is involved in the biological process described with: glutathione metabolic process. 77 alleles are reported. The phenotypes of these alleles manifest in: wing; eye; macrochaeta; embryonic/larval hemocyte. The phenotypic classes of alleles include: phenotype; wild-type; viable; increased mortality. Summary of modENCODE Temporal Expression Profile:  Temporal profile ranges from a peak of extremely high expression to a trough of moderately high expression.  Peak expression observed during late pupal stages.
N0.HOG0000401	Gene Group 9	 sexual reproduction	0.07042428152039987	0.827831199192635	n	0.2676122697775195	0.40039240027539647	n	uncharacterized protein(CG34189)	3	10	6	4	9	3	21	5	1	3	1	1	1	1	20	rna-NM_001103877.2	FBgn0085218	This gene is referred to in FlyBase by the symbol Dmel\CG34189 (FBgn0085218). It is a protein_coding_gene from Dmel. It has one annotated transcript and one polypeptide. Gene sequence location is 2R:16754444..16754925. Its molecular function is described by: protein homodimerization activity. The biological processes in which it is involved are not known. 2 alleles are reported. No phenotypic data is available. No phenotypic class data is available. Summary of modENCODE Temporal Expression Profile:  Temporal profile ranges from a peak of moderate expression to a trough of no expression detected.  Peak expression observed in adult male stages.
N0.HOG0000409	Gene Group 22	transcription regulation	0.6549079545282901	0.020815766877094483	n	0.4769438364499504	0.11692752927780688	n	brickwall(brwl)	1	1	3	2	1	1	1	1	1	1	10	1	1	1	9	rna-NM_164859.2	FBgn0032130	The gene brickwall is referred to in FlyBase by the symbol Dmel\brwl (CG3838, FBgn0032130). It is a protein_coding_gene from Dmel. It has 2 annotated transcripts and 2 polypeptides (1 unique). Gene sequence location is 2L:9568890..9573572. Its molecular function is described by: DNA binding. It is involved in the biological process described with: regulation of transcription by RNA polymerase II. 23 alleles are reported. The phenotypes of these alleles manifest in: egg chamber; ovary. The phenotypic classes of alleles include: viable; decreased cell number; decreased occurrence of cell division; partially lethal - majority die; increased cell death. Summary of modENCODE Temporal Expression Profile:  Temporal profile ranges from a peak of moderately high expression to a trough of low expression.  Peak expression observed within 00-06 and 18-24 hour embryonic stages, during early pupal stages.
N0.HOG0000411	None	None	0.0	1.0	n	0.2253577008652796	0.4812874129466269	n	regucalcin (from API summary)	2	6	4	1	9	6	15	10	2	1	2	2	2	2	14	rna-NM_167316.2	FBgn0030362	The gene regucalcin is referred to in FlyBase by the symbol Dmel\regucalcin (CG1803, FBgn0030362). It is a protein_coding_gene from Dmel. It has 4 annotated transcripts and 4 polypeptides (2 unique). Gene sequence location is X:12012377..12017375. Its molecular function is described by: calcium ion binding; gluconolactonase activity; serine hydrolase activity. It is involved in the biological process described with: insemination; L-ascorbic acid biosynthetic process. 7 alleles are reported. No phenotypic data is available. The phenotypic classes of alleles include: lethal; fertile; viable. Summary of modENCODE Temporal Expression Profile:  Temporal profile ranges from a peak of very high expression to a trough of moderate expression.  Peak expression observed at stages throughout the larval period, at stages throughout the pupal period, in stages of adults of both sexes.
N0.HOG0000414	None	None	0.16422255292549076	0.6100427471097243	n	0.25379849088484935	0.42604438789552435	n	distal antenna-young (from API summary)	1	1	1	1	1	1	1	1	2	1	43	1	1	1	42	rna-NM_166493.2	FBgn0050401	The gene distal antenna-young is referred to in FlyBase by the symbol Dmel\dany (CG30401, FBgn0050401). It is a protein_coding_gene from Dmel. It has 2 annotated transcripts and 2 polypeptides (1 unique). Gene sequence location is 2R:21985626..21986938. Its molecular function is described by: DNA binding. It is involved in the biological process described with: regulation of transcription by RNA polymerase II. 18 alleles are reported. The phenotypes of these alleles manifest in: anatomical structure; reproductive system; multi-tissue structure; intracellular membraneless organelle; organelle. The phenotypic classes of alleles include: abnormal cell number; viable; abnormal meiotic cell cycle; male sterile. Summary of modENCODE Temporal Expression Profile:  Temporal profile ranges from a peak of low expression to a trough of extremely low expression.  Peak expression observed within 00-06 hour embryonic stages, during late larval stages, at stages throughout the pupal period, in stages of adults of both sexes.
N0.HOG0000415	Gene Group 26,Gene Group 30	glycolysis and early development (and other),pheromone sensing	0.06293706293706294	0.8459309212287789	n	-0.02097902097902098	0.9484022252365223	n	Ionotropic receptor 100a(Ir100a)	2	2	4	2	7	10	10	6	4	7	2	2	2	3	8	rna-NM_143641.1	FBgn0039879	The gene Ionotropic receptor 100a is referred to in FlyBase by the symbol Dmel\Ir100a (CG11575, FBgn0039879). It is a protein_coding_gene from Dmel. It has one annotated transcript and one polypeptide. Gene sequence location is 3R:31800963..31802774. Its molecular function is described by: ligand-gated monoatomic ion channel activity. It is involved in the biological process described with: sensory perception of taste; detection of chemical stimulus. 7 alleles are reported. The phenotypes of these alleles manifest in: sarcomere; myofibril; indirect flight muscle cell. The phenotypic classes of alleles include: flightless; viable. Summary of modENCODE Temporal Expression Profile:  Temporal profile ranges from a peak of very low expression to a trough of extremely low expression.  Peak expression observed within 00-12 hour embryonic stages, during late larval stages, at stages throughout the pupal period, in stages of adults of both sexes.
N0.HOG0000424	Gene Group 26	glycolysis and early development (and other)	0.4278171324491021	0.16533295676407875	n	0.34080347839165753	0.27834367571270824	n	uncharacterized protein(CG1941)	3	12	6	11	1	6	15	2	1	1	1	1	1	1	14	rna-NM_001299233.1	FBgn0033214	This gene is referred to in FlyBase by the symbol Dmel\CG1941 (FBgn0033214). It is a protein_coding_gene from Dmel. It has 4 annotated transcripts and 4 polypeptides (1 unique). Gene sequence location is 2R:7709873..7711981. Its molecular function is described by: diacylglycerol O-acyltransferase activity; O-acyltransferase activity. It is involved in the biological process described with: triglyceride biosynthetic process. 5 alleles are reported. No phenotypic data is available. The phenotypic classes of alleles include: some die during pupal stage; partially lethal; fertile; viable; partially lethal - majority die. Summary of modENCODE Temporal Expression Profile:  Temporal profile ranges from a peak of moderately high expression to a trough of extremely low expression.  Peak expression observed within 12-24 hour embryonic stages, during early larval stages.
N0.HOG0000427	Gene Group 28	DNA-related functions	0.34965034965034975	0.2652387868927897	n	0.6013986013986015	0.03858845292201944	n	uncharacterized protein(CG30428)	1	14	10	5	2	1	7	5	1	1	1	1	4	13	13	rna-NM_166709.4	FBgn0050428	This gene is referred to in FlyBase by the symbol Dmel\CG30428 (FBgn0050428). It is a protein_coding_gene from Dmel. It has 2 annotated transcripts and 2 polypeptides (all unique). Gene sequence location is 2R:25251927..25254535. Its molecular function is unknown. The biological processes in which it is involved are not known. 5 alleles are reported. No phenotypic data is available. The phenotypic class of alleles includes: viable. Summary of modENCODE Temporal Expression Profile:  Temporal profile ranges from a peak of moderate expression to a trough of very low expression.  Peak expression observed at stages throughout embryogenesis, at stages throughout the larval period, at stages throughout the pupal period, in adult male stages.
N0.HOG0000429	None	None	0.3426573426573427	0.27556745095678037	n	0.4055944055944056	0.19083587400450033	n	None	1	10	12	7	1	1	12	1	1	1	1	1	1	20	19	rna-NM_137224.3	FBgn0034054	This gene is referred to in FlyBase by the symbol Dmel\CG8366 (FBgn0034054). It is a protein_coding_gene from Dmel. It has one annotated transcript and one polypeptide. Gene sequence location is 2R:15955040..15956636. Its molecular function is unknown. The biological processes in which it is involved are not known. 2 alleles are reported. No phenotypic data is available. The phenotypic class of alleles includes: viable. Summary of modENCODE Temporal Expression Profile:  Temporal profile ranges from a peak of moderate expression to a trough of low expression.  Peak expression observed within 00-18 hour embryonic stages, at stages throughout the larval period, at stages throughout the pupal period, in stages of adults of both sexes.
N0.HOG0000436	Gene Group 7	odorant binding	0.12363804643408091	0.7018512813204854	n	0.46229878231873733	0.13023162566727856	n	Odorant-binding protein 57e(Obp57e)	1	55	5	1	1	1	1	1	1	1	1	1	1	1	54	rna-NM_137644.1	FBgn0050145	The gene Odorant-binding protein 57e is referred to in FlyBase by the symbol Dmel\Obp57e (CG30145, FBgn0050145). It is a protein_coding_gene from Dmel. It has one annotated transcript and one polypeptide. Gene sequence location is 2R:20547816..20548291. Its molecular function is described by: odorant binding. It is involved in the biological process described with: sensory perception of chemical stimulus; response to odorant; sensory perception of smell. 6 alleles are reported. No phenotypic data is available. The phenotypic class of alleles includes: viable. Summary of modENCODE Temporal Expression Profile:  Temporal profile ranges from a peak of very low expression to a trough of no expression detected.  Peak expression observed within 18-24 hour embryonic stages, during late larval stages, at stages throughout the pupal period, in stages of adults of both sexes.
N0.HOG0000441	None	None	-0.2164751834017833	0.49918144736239667	n	0.022393984489839647	0.9449266368228986	n	None	1	1	1	1	1	1	1	1	2	11	1	1	1	1	10	rna-NM_136363.4	FBgn0040502	This gene is referred to in FlyBase by the symbol Dmel\CG8343 (FBgn0040502). It is a protein_coding_gene from Dmel. It has one annotated transcript and one polypeptide. Gene sequence location is 2R:6179726..6180356. Its molecular function is described by: carbohydrate binding; pattern recognition receptor activity. It is involved in the biological process described with: immune response. 6 alleles are reported. No phenotypic data is available. The phenotypic class of alleles includes: viable. Summary of modENCODE Temporal Expression Profile:  Temporal profile ranges from a peak of very high expression to a trough of no expression detected.  Peak expression observed in adult male stages.
N0.HOG0000444	None	None	0.21678321678321683	0.49855598552418856	n	0.2937062937062937	0.35414764123292175	n	Gamma-interferon-inducible lysosomal thiol reductase 3 (from API summary)	2	4	6	2	2	4	1	2	2	2	6	8	5	15	14	rna-NM_142908.3	FBgn0039098	The gene Gamma-interferon-inducible lysosomal thiol reductase 3 is referred to in FlyBase by the symbol Dmel\GILT3 (CG13822, FBgn0039098). It is a protein_coding_gene from Dmel. It has one annotated transcript and one polypeptide. Gene sequence location is 3R:23677358..23678421. Its molecular function is described by: oxidoreductase activity, acting on a sulfur group of donors, disulfide as acceptor; oxidoreductase activity. The biological processes in which it is involved are not known. 4 alleles are reported. The phenotype of these alleles manifest in: mesonotum. The phenotypic classes of alleles include: viable; abnormal mating; abnormal body color. Summary of modENCODE Temporal Expression Profile:  Temporal profile ranges from a peak of very high expression to a trough of moderate expression.  Peak expression observed within 06-12 hour embryonic stages.
N0.HOG0000445	Gene Group 26	glycolysis and early development (and other)	0.16783216783216784	0.602099427786538	n	0.02097902097902098	0.9484022252365223	n	uncharacterized protein(CG9447)	2	7	7	4	1	2	13	1	3	4	4	5	5	3	12	rna-NM_136399.4	FBgn0033110	This gene is referred to in FlyBase by the symbol Dmel\CG9447 (FBgn0033110). It is a protein_coding_gene from Dmel. It has one annotated transcript and one polypeptide. Gene sequence location is 2R:6872996..6875819. Its molecular function is described by: acyltransferase activity, transferring groups other than amino-acyl groups. The biological processes in which it is involved are not known. One allele is reported. No phenotypic data is available. The phenotypic classes of allele include: abnormal pain response; partially lethal; viable. Summary of modENCODE Temporal Expression Profile:  Temporal profile ranges from a peak of very low expression to a trough of extremely low expression.  Peak expression observed within 00-06 and 18-24 hour embryonic stages, at stages throughout the larval period, at stages throughout the pupal period, in stages of adults of both sexes.
N0.HOG0000450	Gene Group 20	transmembrane transport (olfactory)	0.1087670675718056	0.7365084730479962	n	-0.007251137838120374	0.9821566539187246	n	oskyddad(osy)	1	5	9	1	1	1	1	1	1	1	4	5	6	6	8	rna-NM_001300613.1	FBgn0053970	The gene oskyddad is referred to in FlyBase by the symbol Dmel\osy (CG33970, FBgn0053970). It is a protein_coding_gene from Dmel. It has 3 annotated transcripts and 3 polypeptides (2 unique). Gene sequence location is 3R:26318355..26362588. Its molecular function is described by: ABC-type transporter activity; ATP hydrolysis activity; ATP binding. The biological processes in which it is involved are not known. 15 alleles are reported. The phenotypes of these alleles manifest in: wing; epidermal cell; cytoplasmic vesicle; embryonic/larval cuticle. The phenotypic classes of alleles include: flightless; lethal; abnormal sleep; viable; lethal - all die before end of larval stage; increased mortality during development. Summary of modENCODE Temporal Expression Profile:  Temporal profile ranges from a peak of high expression to a trough of extremely low expression.  Peak expression observed within 18-24 hour embryonic stages, during early pupal stages.
N0.HOG0000453	None	None	-0.14685314685314685	0.6487957097846664	n	-0.006993006993006993	0.9827917689028476	n	Glucosidase 2 alpha subunit (from API summary)	1	2	2	1	7	4	10	11	3	2	5	3	5	3	10	rna-NM_167758.2	FBgn0027588	The gene Glucosidase 2 alpha subunit is referred to in FlyBase by the symbol Dmel\GCS2α (CG14476, FBgn0027588). It is a protein_coding_gene from Dmel. It has 5 annotated transcripts and 5 polypeptides (1 unique). Gene sequence location is X:21600502..21605264. Its molecular function is described by: alpha-glucosidase activity; carbohydrate binding; catalytic activity; hydrolase activity, hydrolyzing O-glycosyl compounds; Glc2Man9GlcNAc2 oligosaccharide glucosidase activity. It is involved in the biological process described with: carbohydrate metabolic process; N-glycan processing. 4 alleles are reported. No phenotypic data is available. The phenotypic classes of alleles include: viable; partially lethal - majority die; some die during pupal stage; lethal. Summary of modENCODE Temporal Expression Profile:  Temporal profile ranges from a peak of very high expression to a trough of high expression.  Peak expression observed within 00-18 hour embryonic stages, during early larval stages, at stages throughout the pupal period.
N0.HOG0000454	Gene Group 7	odorant binding	0.06293706293706294	0.8459309212287789	n	-0.17482517482517487	0.5868236643627043	n	Odorant-binding protein 56b(Obp56b)	1	1	1	9	9	5	14	9	2	3	2	2	2	1	13	rna-NM_137599.2	FBgn0046880	The gene Odorant-binding protein 56b is referred to in FlyBase by the symbol Dmel\Obp56b (CG30129, FBgn0046880). It is a protein_coding_gene from Dmel. It has one annotated transcript and one polypeptide. Gene sequence location is 2R:19698714..19699346. Its molecular function is described by: odorant binding. It is involved in the biological process described with: sensory perception of smell; sensory perception of chemical stimulus. One allele is reported. No phenotypic data is available. The phenotypic class of allele includes: viable. Summary of modENCODE Temporal Expression Profile:  Temporal profile ranges from a peak of moderate expression to a trough of no expression detected.  Peak expression observed within 18-24 hour embryonic stages, at stages throughout the larval period.
N0.HOG0000462	Gene Group 26	glycolysis and early development (and other)	-0.2867132867132868	0.36625146058358227	n	-0.013986013986013986	0.9655902689187795	n	uncharacterized protein(CG12974)	1	2	4	1	13	5	17	11	2	2	1	1	1	1	16	rna-NM_001300210.1	FBgn0037065	This gene is referred to in FlyBase by the symbol Dmel\CG12974 (FBgn0037065). It is a protein_coding_gene from Dmel. It has 4 annotated transcripts and 4 polypeptides (2 unique). Gene sequence location is 3L:21281752..21285962. Its molecular function is unknown. The biological processes in which it is involved are not known. 11 alleles are reported. No phenotypic data is available. The phenotypic class of alleles includes: viable. Summary of modENCODE Temporal Expression Profile:  Temporal profile ranges from a peak of high expression to a trough of very low expression.  Peak expression observed within 18-24 hour embryonic stages, at stages throughout the larval period, during early pupal stages.
N0.HOG0000467	Gene Group 30	pheromone sensing	0.25874125874125875	0.41677476889913834	n	0.16783216783216784	0.602099427786538	n	Gustatory receptor 43a(Gr43a)	1	8	2	7	6	7	15	6	1	1	1	1	1	1	14	rna-NM_001299229.1	FBgn0041243	The gene Gustatory receptor 43a is referred to in FlyBase by the symbol Dmel\Gr43a (CG1712, FBgn0041243). It is a protein_coding_gene from Dmel. It has 3 annotated transcripts and 3 polypeptides (all unique). Gene sequence location is 2R:7390869..7393161. Its molecular function is described by: taste receptor activity; sweet taste receptor activity; ligand-gated monoatomic cation channel activity; ionotropic sweet taste receptor activity. It is involved in the biological process described with 9 unique terms, many of which group under: multicellular organismal process; biological regulation; behavior; response to stimulus; cellular process. 9 alleles are reported. The phenotype of these alleles manifest in: prothoracic leg taste bristle chemosensory neuron. The phenotypic classes of alleles include: viable; abnormal feeding behavior; abnormal taste perception. Summary of modENCODE Temporal Expression Profile:  Temporal profile ranges from a peak of very low expression to a trough of extremely low expression.  Peak expression observed at stages throughout embryogenesis, at stages throughout the larval period, at stages throughout the pupal period, in stages of adults of both sexes.
N0.HOG0000468	None	None	0.17482517482517487	0.5868236643627043	n	0.17482517482517487	0.5868236643627043	n	Juvenile hormone epoxide hydrolase 3 (from API summary)	3	6	3	8	3	5	7	5	4	2	2	3	2	4	6	rna-NM_137543.4	FBgn0034406	The gene Juvenile hormone epoxide hydrolase 3 is referred to in FlyBase by the symbol Dmel\Jheh3 (CG15106, FBgn0034406). It is a protein_coding_gene from Dmel. It has one annotated transcript and one polypeptide. Gene sequence location is 2R:18860375..18862078. Its molecular function is described by: epoxide hydrolase activity; serine hydrolase activity; catalytic activity; ether hydrolase activity; juvenile hormone epoxide hydrolase activity. It is involved in the biological process described with: epoxide metabolic process; juvenile hormone catabolic process. 8 alleles are reported. No phenotypic data is available. The phenotypic classes of alleles include: fertile; viable. Summary of modENCODE Temporal Expression Profile:  Temporal profile ranges from a peak of high expression to a trough of very low expression.  Peak expression observed within 18-24 hour embryonic stages, at stages throughout the larval period.
N0.HOG0000471	Gene Group 2	protein breakdown (proteolysis)	-0.0979020979020979	0.762121655996299	n	0.1958041958041958	0.5419358857313175	n	uncharacterized protein(CG5909)	1	10	4	2	9	6	5	6	1	2	3	2	3	2	9	rna-NM_143287.2	FBgn0039495	This gene is referred to in FlyBase by the symbol Dmel\CG5909 (FBgn0039495). It is a protein_coding_gene from Dmel. It has one annotated transcript and one polypeptide. Gene sequence location is 3R:27161158..27162911. Its molecular function is described by: serine-type endopeptidase activity. It is involved in the biological process described with: proteolysis; innate immune response. 8 alleles are reported. No phenotypic data is available. The phenotypic classes of alleles include: lethal - all die during embryonic stage; viable; lethal. Summary of modENCODE Temporal Expression Profile:  Temporal profile ranges from a peak of moderate expression to a trough of extremely low expression.  Peak expression observed at stages throughout the pupal period, in stages of adults of both sexes.
N0.HOG0000472	Gene Group 2	protein breakdown (proteolysis)	-0.3737246479645134	0.23142544762530667	n	-0.29186115364847715	0.3573204374373701	n	modular serine protease(modSP)	2	3	3	2	3	3	12	21	1	2	1	1	1	1	20	rna-NM_080515.3	FBgn0051217	The gene modular serine protease is referred to in FlyBase by the symbol Dmel\modSP (CG31217, FBgn0051217). It is a protein_coding_gene from Dmel. It has one annotated transcript and one polypeptide. Gene sequence location is 3R:16652446..16655662. Its molecular function is described by: serine-type endopeptidase activity. It is involved in the biological process described with 7 unique terms, many of which group under: cellular process; protein metabolic process; regulation of cellular process; response to stimulus; macromolecule metabolic process. 9 alleles are reported. The phenotype of these alleles manifest in: embryonic/larval hemocyte. The phenotypic classes of alleles include: increased mortality; abnormal cell number; phenotype; lethal - all die before end of first instar larval stage. Summary of modENCODE Temporal Expression Profile:  Temporal profile ranges from a peak of high expression to a trough of low expression.  Peak expression observed during early pupal stages.
N0.HOG0000480	Gene Group 7	odorant binding	-0.007042428152039987	0.9826701704764307	n	-0.1690182756489597	0.599497869823576	n	Odorant-binding protein 19d(Obp19d)	2	8	9	4	5	7	8	7	2	1	1	1	1	1	8	rna-NM_078697.3	FBgn0011280	The gene Odorant-binding protein 19d is referred to in FlyBase by the symbol Dmel\Obp19d (CG1668, FBgn0011280). It is a protein_coding_gene from Dmel. It has 2 annotated transcripts and 2 polypeptides (1 unique). Gene sequence location is X:20419613..20420979. Its molecular function is described by: pheromone binding; odorant binding. It is involved in the biological process described with: sensory perception of chemical stimulus; sensory perception of smell. 4 alleles are reported. No phenotypic data is available. The phenotypic class of alleles includes: viable. Summary of modENCODE Temporal Expression Profile:  Temporal profile ranges from a peak of very high expression to a trough of no expression detected.  Peak expression observed in adult male stages.
N0.HOG0000489	None	None	0.2517482517482518	0.42991878503288405	n	0.2937062937062937	0.35414764123292175	n	Peptidoglycan recognition protein SB1 (from API summary)	1	1	6	1	2	1	1	1	1	1	1	1	1	4	5	rna-NM_140660.4	FBgn0043578	The gene Peptidoglycan recognition protein SB1 is referred to in FlyBase by the symbol Dmel\PGRP-SB1 (CG9681, FBgn0043578). It is a protein_coding_gene from Dmel. It has one annotated transcript and one polypeptide. Gene sequence location is 3L:16727299..16727989. Its molecular function is described by: N-acetylmuramoyl-L-alanine amidase activity; zinc ion binding; peptidoglycan binding. It is involved in the biological process described with: innate immune response; peptidoglycan catabolic process. 7 alleles are reported. No phenotypic data is available. No phenotypic class data is available. Summary of modENCODE Temporal Expression Profile:  Temporal profile ranges from a peak of very high expression to a trough of very low expression.  Peak expression observed in adult female stages.
N0.HOG0000490	Gene Group 17	uncharacterized	0.2755432378485742	0.38602672186304166	n	0.007251137838120374	0.9821566539187246	n	uncharacterized protein(CG6726)	6	11	16	2	1	3	7	3	1	1	1	1	1	1	15	rna-NM_001300549.1	FBgn0039049	This gene is referred to in FlyBase by the symbol Dmel\CG6726 (FBgn0039049). It is a protein_coding_gene from Dmel. It has 3 annotated transcripts and 3 polypeptides (1 unique). Gene sequence location is 3R:23091724..23095184. Its molecular function is described by: aminoacylase activity; hydrolase activity. It is involved in the biological process described with: amino acid metabolic process. 8 alleles are reported. No phenotypic data is available. The phenotypic classes of alleles include: viable; partially lethal. Summary of modENCODE Temporal Expression Profile:  Temporal profile ranges from a peak of very high expression to a trough of low expression.  Peak expression observed during late larval stages.
N0.HOG0000492	Gene Group 1	Cytochrome P450	-0.02097902097902098	0.9484022252365223	n	0.027972027972027972	0.9312343512018808	n	Cytochrome P450 309a2(Cyp309a2)	6	4	3	1	1	5	12	5	3	2	4	4	3	3	11	rna-NM_134845.2	FBgn0041337	The gene Cytochrome P450 309a2 is referred to in FlyBase by the symbol Dmel\Cyp309a2 (CG18559, FBgn0041337). It is a protein_coding_gene from Dmel. It has one annotated transcript and one polypeptide. Gene sequence location is 2L:2564886..2573037. Its molecular function is described by: monooxygenase activity; iron ion binding; heme binding; oxidoreductase activity, acting on paired donors, with incorporation or reduction of molecular oxygen. The biological processes in which it is involved are not known. 8 alleles are reported. No phenotypic data is available. The phenotypic class of alleles includes: viable. Summary of modENCODE Temporal Expression Profile:  Temporal profile ranges from a peak of moderately high expression to a trough of extremely low expression.  Peak expression observed during early pupal stages.
N0.HOG0000505	None	None	0.5384615384615385	0.07089431754922315	n	0.39860139860139865	0.19933549461780897	n	Ornithine decarboxylase 2 (from API summary)	2	3	7	1	1	1	2	1	1	4	12	5	8	6	11	rna-NM_057705.4	FBgn0013308	The gene Ornithine decarboxylase 2 is referred to in FlyBase by the symbol Dmel\Odc2 (CG8719, FBgn0013308). It is a protein_coding_gene from Dmel. It has one annotated transcript and one polypeptide. Gene sequence location is 2R:8007246..8009062. Its molecular function is described by: ornithine decarboxylase activity; catalytic activity. It is involved in the biological process described with: polyamine biosynthetic process; putrescine biosynthetic process from arginine, via ornithine. 8 alleles are reported. No phenotypic data is available. The phenotypic classes of alleles include: short lived; viable; abnormal locomotor behavior; lethal. Summary of modENCODE Temporal Expression Profile:  Temporal profile ranges from a peak of moderately high expression to a trough of no expression detected.  Peak expression observed during early larval stages.
N0.HOG0000506	Gene Group 26	glycolysis and early development (and other)	-0.18881118881118883	0.5567370561768314	n	-0.1328671328671329	0.6805975082860818	n	Tetraspanin 42Ek(Tsp42Ek)	1	2	2	2	6	5	10	6	3	2	4	4	4	3	9	rna-NM_001259232.1	FBgn0033133	The gene Tetraspanin 42Ek is referred to in FlyBase by the symbol Dmel\Tsp42Ek (CG12841, FBgn0033133). It is a protein_coding_gene from Dmel. It has 2 annotated transcripts and 2 polypeptides (1 unique). Gene sequence location is 2R:7042656..7044710. Its molecular function is described by: . The biological processes in which it is involved are not known. 6 alleles are reported. The phenotype of these alleles manifest in: trichogen cell. The phenotypic classes of alleles include: viable; fertile; visible. Summary of modENCODE Temporal Expression Profile:  Temporal profile ranges from a peak of very high expression to a trough of no expression detected.  Peak expression observed during late larval stages, during early pupal stages.
N0.HOG0000514	None	None	0.3356643356643357	0.2861229029149875	n	0.1958041958041958	0.5419358857313175	n	Aldose reductase 5 (from API summary)	1	1	1	4	3	5	11	6	3	2	6	3	4	3	10	rna-NM_141500.2	FBgn0037537	The gene Aldose reductase 5 is referred to in FlyBase by the symbol Dmel\Ar5 (CG2767, FBgn0037537). It is a protein_coding_gene from Dmel. It has one annotated transcript and one polypeptide. Gene sequence location is 3R:8005924..8008110. Its molecular function is described by: aldose reductase (NADPH) activity; oxidoreductase activity. The biological processes in which it is involved are not known. 7 alleles are reported. No phenotypic data is available. No phenotypic class data is available. Summary of modENCODE Temporal Expression Profile:  Temporal profile ranges from a peak of high expression to a trough of moderate expression.  Peak expression observed within 06-18 hour embryonic stages, at stages throughout the larval period, at stages throughout the pupal period.
N0.HOG0000522	None	None	-0.2687278138780758	0.39835564937250534	n	0.0037323307483066084	0.9908151378972104	n	None	1	1	1	1	7	6	8	5	1	1	1	1	1	1	7	rna-NM_001316450.1	FBgn0036410	This gene is referred to in FlyBase by the symbol Dmel\CG8100 (FBgn0036410). It is a protein_coding_gene from Dmel. It has 3 annotated transcripts and 3 polypeptides (1 unique). Gene sequence location is 3L:14083615..14086421. Its molecular function is unknown. The biological processes in which it is involved are not known. 5 alleles are reported. No phenotypic data is available. The phenotypic class of alleles includes: viable. Summary of modENCODE Temporal Expression Profile:  Temporal profile ranges from a peak of very high expression to a trough of extremely low expression.  Peak expression observed during early pupal stages.
N0.HOG0000525	Gene Group 11	growth factor (Adenosine deaminase-related growth factor)	0.3216783216783217	0.30790987618065263	n	0.6153846153846154	0.03316990109010587	n	Adenosine deaminase-related growth factor E(Adgf-E)	4	9	6	3	3	2	4	3	2	2	2	2	2	5	7	rna-NM_137133.2	FBgn0033952	The gene Adenosine deaminase-related growth factor E is referred to in FlyBase by the symbol Dmel\Adgf-E (CG10143, FBgn0033952). It is a protein_coding_gene from Dmel. It has one annotated transcript and one polypeptide. Gene sequence location is 2R:14656798..14658755. Its molecular function is unknown. It is involved in the biological process described with: inosine biosynthetic process. 5 alleles are reported. No phenotypic data is available. The phenotypic class of alleles includes: viable. Summary of modENCODE Temporal Expression Profile:  Temporal profile ranges from a peak of moderately high expression to a trough of no expression detected.  Peak expression observed in adult male stages.
N0.HOG0000526	Gene Group 20	transmembrane transport (olfactory)	-0.1958041958041958	0.5419358857313175	n	0.034965034965034975	0.9140933424107598	n	ATP binding cassette subfamily A member 3(Abca3)	10	6	4	1	6	4	5	2	1	1	1	7	1	4	9	rna-NM_134601.3	FBgn0031170	The gene ATP binding cassette subfamily A member 3 is referred to in FlyBase by the symbol Dmel\Abca3 (CG1718, FBgn0031170). It is a protein_coding_gene from Dmel. It has 3 annotated transcripts and 3 polypeptides (all unique). Gene sequence location is X:21292308..21306665. Its molecular function is described by: ABC-type transporter activity; ATP hydrolysis activity; ATPase-coupled transmembrane transporter activity; ATP binding; lipid transporter activity. It is involved in the biological process described with: lipid transport; transmembrane transport. 10 alleles are reported. The phenotypes of these alleles manifest in: embryonic/larval neuromuscular junction; egg chamber; nurse cell; NMJ bouton. The phenotypic classes of alleles include: abnormal behavior; viable; phenotype; increased mortality during development. Summary of modENCODE Temporal Expression Profile:  Temporal profile ranges from a peak of moderate expression to a trough of low expression.  Peak expression observed within 00-06 and 12-24 hour embryonic stages, at stages throughout the larval period, during late pupal stages, in stages of adults of both sexes.
N0.HOG0000529	Gene Group 2	protein breakdown (proteolysis)	-0.14593057682423857	0.6508776410237396	n	0.18864196516304008	0.5570972684616313	n	uncharacterized protein(CG2915)	8	11	2	4	6	2	2	2	3	4	1	2	2	2	10	rna-NM_136494.4	FBgn0033241	This gene is referred to in FlyBase by the symbol Dmel\CG2915 (FBgn0033241). It is a protein_coding_gene from Dmel. It has 2 annotated transcripts and 2 polypeptides (1 unique). Gene sequence location is 2R:7958207..7960015. Its molecular function is described by: zinc ion binding; metallocarboxypeptidase activity. It is involved in the biological process described with: proteolysis. 7 alleles are reported. No phenotypic data is available. The phenotypic class of alleles includes: viable. Summary of modENCODE Temporal Expression Profile:  Temporal profile ranges from a peak of very high expression to a trough of moderately high expression.  Peak expression observed within 00-06 hour embryonic stages.
N0.HOG0000531	None	None	0.49650349650349657	0.10060263183225483	n	0.6013986013986015	0.03858845292201944	n	Diptericin A (from API summary)	2	1	1	6	3	1	4	5	1	7	6	4	5	8	7	rna-NM_057460.4	FBgn0004240	The gene Diptericin A is referred to in FlyBase by the symbol Dmel\DptA (CG12763, FBgn0004240). It is a protein_coding_gene from Dmel. It has one annotated transcript and one polypeptide. Gene sequence location is 2R:18865765..18866260. Its molecular function is unknown. It is involved in the biological process described with 6 unique terms, many of which group under: response to other organism; response to stress; response to external stimulus; defense response; immune system process. 24 alleles are reported. The phenotypes of these alleles manifest in: mesonotum; adult posterior midgut epithelium; wing disc. The phenotypic classes of alleles include: increased mortality; phenotype; lethal; abnormal cell death. Summary of modENCODE Temporal Expression Profile:  Temporal profile ranges from a peak of very high expression to a trough of extremely low expression.  Peak expression observed during late larval stages, at stages throughout the pupal period, in adult female stages.
N0.HOG0000541	Gene Group 5,Gene Group 8,Gene Group 26	protease inhibitor (immunity, reproduction), immunity and sexual reproduction,glycolysis and early development (and other)	0.01751316170845866	0.9569188239005484	n	0.49737379252022584	0.09991387241786222	n	Serpin 43Ab(Spn43Ab)	15	8	3	1	5	2	3	3	1	1	1	1	1	4	14	rna-NM_001032224.2	FBgn0024293	The gene Serpin 43Ab is referred to in FlyBase by the symbol Dmel\Spn43Ab (CG1865, FBgn0024293). It is a protein_coding_gene from Dmel. It has one annotated transcript and one polypeptide. Gene sequence location is 2R:7151662..7153642. Its molecular function is unknown. It is involved in the biological process described with: mating. 10 alleles are reported. No phenotypic data is available. The phenotypic classes of alleles include: some die during pupal stage; partially lethal - majority die; viable. Summary of modENCODE Temporal Expression Profile:  Temporal profile ranges from a peak of very high expression to a trough of extremely low expression.  Peak expression observed within 18-24 hour embryonic stages, during early larval stages, during late pupal stages, in adult male stages.
N0.HOG0000543	None	None	0.6013986013986015	0.03858845292201944	n	0.4755244755244756	0.11817595701303213	n	Amylase distal (from API summary)	3	2	3	3	4	8	4	4	1	5	5	2	3	5	7	rna-NM_079044.2	FBgn0000078	The gene Amylase distal is referred to in FlyBase by the symbol Dmel\Amy-d (CG17876, FBgn0000078). It is a protein_coding_gene from Dmel. It has one annotated transcript and one polypeptide. Gene sequence location is 2R:17124764..17126369. Its molecular function is described by: calcium ion binding; alpha-amylase activity; catalytic activity; cation binding. It is involved in the biological process described with: carbohydrate metabolic process. 23 alleles are reported. No phenotypic data is available. The phenotypic class of alleles includes: electrophoretic variant. Summary of modENCODE Temporal Expression Profile:  Temporal profile ranges from a peak of very high expression to a trough of extremely low expression.  Peak expression observed during late larval stages, in adult male stages.
N0.HOG0000545	None	None	-0.1126788504326398	0.7273453279440116	n	0.08450913782447984	0.7939959959092632	n	Activity-regulated cytoskeleton associated protein 1 (from API summary)	3	5	2	1	5	1	24	9	3	1	1	1	1	1	23	rna-NM_137111.3	FBgn0033926	The gene Activity-regulated cytoskeleton associated protein 1 is referred to in FlyBase by the symbol Dmel\Arc1 (CG12505, FBgn0033926). It is a protein_coding_gene from Dmel. It has one annotated transcript and one polypeptide. Gene sequence location is 2R:14357927..14360297. Its molecular function is described by: mRNA binding; structural molecule activity. It is involved in the biological process described with: cell-cell signaling via exosome; vesicle-mediated intercellular transport; mRNA transport; regulation of neuronal synaptic plasticity; behavioral response to starvation. 14 alleles are reported. The phenotypes of these alleles manifest in: lipid droplet; embryonic/larval fat body; wing cell. The phenotypic classes of alleles include: phenotype; abnormal cell number; abnormal starvation stress response; abnormal stress response. Summary of modENCODE Temporal Expression Profile:  Temporal profile ranges from a peak of high expression to a trough of low expression.  Peak expression observed during late larval stages, during early pupal stages, in adult male stages.
N0.HOG0000549	None	None	0.013986013986013986	0.9655902689187795	n	0.2027972027972028	0.5273023541661082	n	nervana 2 (from API summary)	1	9	2	6	4	2	5	5	4	2	3	3	2	3	8	rna-NM_057820.4	FBgn0015777	The gene nervana 2 is referred to in FlyBase by the symbol Dmel\nrv2 (CG9261, FBgn0015777). It is a protein_coding_gene from Dmel. It has 6 annotated transcripts and 6 polypeptides (2 unique). Gene sequence location is 2L:6789770..6798862. Its molecular function is described by: ATPase activator activity. It is involved in the biological process described with 15 unique terms, many of which group under: homeostatic process; inorganic ion homeostasis; sodium ion transmembrane transport; sensory perception of mechanical stimulus; tight junction assembly. 33 alleles are reported. The phenotypes of these alleles manifest in: cellular anatomical structure; cell junction; cell-cell junction; anchoring junction; muscle cell. The phenotypic classes of alleles include: increased mortality; short lived; phenotype; abnormal auditory perception. Summary of modENCODE Temporal Expression Profile:  Temporal profile ranges from a peak of high expression to a trough of very low expression.  Peak expression observed within 06-24 hour embryonic stages, during early larval stages, at stages throughout the pupal period, in adult male stages.
N0.HOG0000554	None	None	0.18881118881118883	0.5567370561768314	n	0.31468531468531474	0.31913878550330455	n	Coenzyme Q3 (from API summary)	1	20	11	1	1	1	6	1	1	1	1	1	3	2	19	rna-NM_136248.4	FBgn0032922	The gene Coenzyme Q3 is referred to in FlyBase by the symbol Dmel\Coq3 (CG9249, FBgn0032922). It is a protein_coding_gene from Dmel. It has 2 annotated transcripts and 2 polypeptides (all unique). Gene sequence location is 2L:21157433..21158611. Its molecular function is described by: 3-demethylubiquinol 3-O-methyltransferase activity; polyprenyldihydroxybenzoate methyltransferase activity; S-adenosylmethionine-dependent methyltransferase activity. It is involved in the biological process described with: ubiquinone biosynthetic process; wound healing. 9 alleles are reported. The phenotypes of these alleles manifest in: trichogen cell; eye. The phenotypic classes of alleles include: lethal - all die before end of P-stage; lethal; phenotype; visible. Summary of modENCODE Temporal Expression Profile:  Temporal profile ranges from a peak of moderately high expression to a trough of moderate expression.  Peak expression observed during early larval stages, at stages throughout the pupal period.
N0.HOG0000555	Gene Group 26	glycolysis and early development (and other)	-0.3076923076923077	0.3305892594121097	n	-0.31468531468531474	0.31913878550330455	n	Ionotropic receptor 87a(Ir87a)	1	3	4	1	7	7	2	5	3	3	2	3	5	4	6	rna-NM_142033.2	FBgn0038153	The gene Ionotropic receptor 87a is referred to in FlyBase by the symbol Dmel\Ir87a (CG14376, FBgn0038153). It is a protein_coding_gene from Dmel. It has one annotated transcript and one polypeptide. Gene sequence location is 3R:13420279..13423140. Its molecular function is described by: ligand-gated monoatomic ion channel activity. It is involved in the biological process described with: detection of chemical stimulus. 5 alleles are reported. No phenotypic data is available. The phenotypic classes of alleles include: abnormal pain response; viable. Summary of modENCODE Temporal Expression Profile:  Temporal profile ranges from a peak of very low expression to a trough of no expression detected.  Peak expression observed within 12-24 hour embryonic stages, during early larval stages, during late pupal stages.
N0.HOG0000560	Gene Group 26	glycolysis and early development (and other)	-0.515061643266312	0.08659296996223632	n	-0.2276721756467031	0.47667368931991294	n	uncharacterized protein(CG1441)	1	2	2	4	10	5	6	8	2	2	2	2	2	2	9	rna-NM_136691.4	FBgn0033464	This gene is referred to in FlyBase by the symbol Dmel\CG1441 (FBgn0033464). It is a protein_coding_gene from Dmel. It has 2 annotated transcripts and 2 polypeptides (1 unique). Gene sequence location is 2R:9899018..9903287. Its molecular function is described by: alcohol-forming very long-chain fatty acyl-CoA reductase activity; alcohol-forming long-chain fatty acyl-CoA reductase activity. It is involved in the biological process described with: long-chain fatty-acyl-CoA metabolic process. 5 alleles are reported. No phenotypic data is available. The phenotypic classes of alleles include: viable; fertile. Summary of modENCODE Temporal Expression Profile:  Temporal profile ranges from a peak of very high expression to a trough of extremely low expression.  Peak expression observed within 12-24 hour embryonic stages.
N0.HOG0000562	Gene Group 26	glycolysis and early development (and other)	-0.23135335350184164	0.46937777096642697	n	-0.4591474246421165	0.13321782133066423	n	Dietary and metabolic glutamate transporter(dmGlut)	3	2	3	2	5	11	6	7	3	3	1	1	1	1	10	rna-NM_138760.3	FBgn0010497	The gene Dietary and metabolic glutamate transporter is referred to in FlyBase by the symbol Dmel\dmGlut (CG5304, FBgn0010497). It is a protein_coding_gene from Dmel. It has one annotated transcript and one polypeptide. Gene sequence location is 2L:12027438..12034122. Its molecular function is described by: sodium:phosphate symporter activity; transmembrane transporter activity; high-affinity L-glutamate transmembrane transporter activity. It is involved in the biological process described with: L-glutamate import; sodium-dependent phosphate transport; transmembrane transport. 16 alleles are reported. No phenotypic data is available. The phenotypic classes of alleles include: lethal; partially lethal - majority die; viable. Summary of modENCODE Temporal Expression Profile:  Temporal profile ranges from a peak of very high expression to a trough of very low expression.  Peak expression observed within 18-24 hour embryonic stages.
N0.HOG0000565	None	None	0.03502632341691732	0.9139432528752413	n	0.12959739664259406	0.6881039438604584	n	Catalase B (from API summary)	2	2	2	3	1	3	2	5	5	5	5	4	4	6	5	rna-NM_001273339.1	FBgn0032061	The gene Catalase B is referred to in FlyBase by the symbol Dmel\CatB (CG9314, FBgn0032061). It is a protein_coding_gene from Dmel. It has 2 annotated transcripts and 2 polypeptides (1 unique). Gene sequence location is 2L:8705572..8707527. Its molecular function is described by: heme binding; catalase activity. It is involved in the biological process described with: response to oxidative stress; hydrogen peroxide catabolic process; response to hydrogen peroxide. 8 alleles are reported. The phenotypes of these alleles manifest in: adult heart; trichogen cell. The phenotypic classes of alleles include: visible; viable. Summary of modENCODE Temporal Expression Profile:  Temporal profile ranges from a peak of very high expression to a trough of no expression detected.  Peak expression observed in adult male stages.
N0.HOG0000566	Gene Group 14	heat stress and neurological	0.1760607038009997	0.5841405301281157	n	0.37324869205811934	0.23206767137485984	n	uncharacterized protein(CG34199)	1	1	1	3	3	3	3	3	7	5	6	3	3	7	6	rna-NM_001103910.2	FBgn0085228	This gene is referred to in FlyBase by the symbol Dmel\CG34199 (FBgn0085228). It is a protein_coding_gene from Dmel. It has one annotated transcript and one polypeptide. Gene sequence location is 2R:20287596..20288346. Its molecular function is described by: . It is involved in the biological process described with: . 2 alleles are reported. No phenotypic data is available. No phenotypic class data is available. Summary of modENCODE Temporal Expression Profile:  Temporal profile ranges from a peak of high expression to a trough of no expression detected.  Peak expression observed during late pupal stages.
N0.HOG0000572	Gene Group 31	chromatin organization and transcription regulation	0.6293706293706295	0.02831967129576002	n	0.6013986013986015	0.03858845292201944	n	uncharacterized protein(CG10431)	1	8	5	11	2	3	1	1	1	1	13	1	1	1	12	rna-NM_136080.3	FBgn0032730	This gene is referred to in FlyBase by the symbol Dmel\CG10431 (FBgn0032730). It is a protein_coding_gene from Dmel. It has 2 annotated transcripts and 2 polypeptides (1 unique). Gene sequence location is 2L:18974710..18978187. Its molecular function is described by: transcription cis-regulatory region binding; chromatin insulator sequence binding; zinc ion binding. It is involved in the biological process described with: regulation of transcription by RNA polymerase II; regulation of DNA-templated transcription; dendrite morphogenesis. 14 alleles are reported. The phenotypes of these alleles manifest in: larval dorsal multidendritic neuron ddaD; wing; larval dorsal multidendritic neuron ddaC. The phenotypic classes of alleles include: visible; viable; abnormal neuroanatomy. Summary of modENCODE Temporal Expression Profile:  Temporal profile ranges from a peak of low expression to a trough of very low expression.  Peak expression observed at stages throughout embryogenesis, during late larval stages, at stages throughout the pupal period, in stages of adults of both sexes.
N0.HOG0000573	None	None	-0.5384615384615385	0.07089431754922315	n	-0.1188811188811189	0.712884219214772	n	None	1	13	1	5	3	1	2	3	12	1	3	4	1	1	12	rna-NM_142441.3	FBgn0038589	This gene is referred to in FlyBase by the symbol Dmel\CG18598 (FBgn0038589). It is a protein_coding_gene from Dmel. It has one annotated transcript and one polypeptide. Gene sequence location is 3R:18251115..18251539. Its molecular function is unknown. The biological processes in which it is involved are not known. One allele is reported. No phenotypic data is available. No phenotypic class data is available. Summary of modENCODE Temporal Expression Profile:  Temporal profile ranges from a peak of moderately high expression to a trough of low expression.  Peak expression observed during late pupal stages, in adult male stages.
N0.HOG0000576	None	None	0.48686589549515064	0.10844282195191488	n	0.16812635240120308	0.6014537771328919	n	Protamine-like 99C (from API summary)	1	4	8	2	2	3	3	3	2	4	6	3	4	3	7	rna-NM_143478.3	FBgn0039707	The gene Protamine-like 99C is referred to in FlyBase by the symbol Dmel\Prtl99C (CG15510, FBgn0039707). It is a protein_coding_gene from Dmel. It has 3 annotated transcripts and 3 polypeptides (2 unique). Gene sequence location is 3R:29835950..29837447. Its molecular function is unknown. It is involved in the biological process described with: sperm DNA condensation; spermatogenesis. 6 alleles are reported. The phenotypes of these alleles manifest in: spermatid; spermatozoon. The phenotypic class of alleles includes: male semi-sterile. Summary of modENCODE Temporal Expression Profile:  Temporal profile ranges from a peak of high expression to a trough of no expression detected.  Peak expression observed in adult male stages.
N0.HOG0000582	Gene Group 26	glycolysis and early development (and other)	-0.04895104895104895	0.8799185788786749	n	-0.18881118881118883	0.5567370561768314	n	uncharacterized protein(CG7888)	1	2	6	1	1	1	1	1	4	1	2	1	3	1	5	rna-NM_140168.1	FBgn0036116	This gene is referred to in FlyBase by the symbol Dmel\CG7888 (FBgn0036116). It is a protein_coding_gene from Dmel. It has 3 annotated transcripts and 3 polypeptides (2 unique). Gene sequence location is 3L:11054035..11059659. Its molecular function is described by: amino acid transmembrane transporter activity; L-amino acid transmembrane transporter activity. It is involved in the biological process described with: amino acid transmembrane transport. 7 alleles are reported. The phenotype of these alleles manifest in: embryonic/larval hemocyte. The phenotypic classes of alleles include: abnormal touch response; viable. Summary of modENCODE Temporal Expression Profile:  Temporal profile ranges from a peak of high expression to a trough of extremely low expression.  Peak expression observed within 18-24 hour embryonic stages, during late pupal stages.
N0.HOG0000585	None	None	-0.04195804195804196	0.8969858708195542	n	0.0	1.0	n	None	1	7	14	3	1	1	14	1	1	1	1	4	1	4	13	rna-NM_001272883.2	FBgn0086855	This gene is referred to in FlyBase by the symbol Dmel\CG17078 (FBgn0086855). It is a protein_coding_gene from Dmel. It has 4 annotated transcripts and 4 polypeptides (3 unique). Gene sequence location is 2L:274740..278234. Its molecular function is unknown. The biological processes in which it is involved are not known. 11 alleles are reported. The phenotype of these alleles manifest in: mesonotum. The phenotypic classes of alleles include: viable; abnormal body color. Summary of modENCODE Temporal Expression Profile:  Temporal profile ranges from a peak of high expression to a trough of low expression.  Peak expression observed within 00-06 hour embryonic stages.
N0.HOG0000587	Gene Group 19	uncharacterized	0.029004551352481495	0.9287016154017113	n	0.26829210001045384	0.3991505469046428	n	uncharacterized protein(CG33966)	7	19	13	1	1	1	4	3	1	1	1	1	1	1	18	rna-NM_001038895.3	FBgn0053966	This gene is referred to in FlyBase by the symbol Dmel\CG33966 (FBgn0053966). It is a protein_coding_gene from Dmel. It has one annotated transcript and one polypeptide. Gene sequence location is 3L:1234130..1235420. Its molecular function is described by: lipid transfer activity; phosphatidylinositol bisphosphate binding. It is involved in the biological process described with: intermembrane lipid transfer. 4 alleles are reported. No phenotypic data is available. The phenotypic class of alleles includes: viable. Summary of modENCODE Temporal Expression Profile:  Temporal profile ranges from a peak of moderately high expression to a trough of extremely low expression.  Peak expression observed during early larval stages.
N0.HOG0000590	Gene Group 26	glycolysis and early development (and other)	0.1398601398601399	0.6646331617926677	n	0.1328671328671329	0.6805975082860818	n	uncharacterized protein(CG9864)	1	3	2	6	4	4	8	1	4	3	3	3	2	3	7	rna-NM_001274171.1	FBgn0034490	This gene is referred to in FlyBase by the symbol Dmel\CG9864 (FBgn0034490). It is a protein_coding_gene from Dmel. It has 2 annotated transcripts and 2 polypeptides (1 unique). Gene sequence location is 2R:20248130..20254670. Its molecular function is described by: transmembrane transporter activity. It is involved in the biological process described with: transmembrane transport. 8 alleles are reported. No phenotypic data is available. The phenotypic class of alleles includes: viable. Summary of modENCODE Temporal Expression Profile:  Temporal profile ranges from a peak of high expression to a trough of very low expression.  Peak expression observed during early larval stages.
N0.HOG0000599	None	None	-0.2491497653096756	0.43485380702768006	n	0.11033775320857063	0.7328253667197191	n	alpha-L-fucosidase (from API summary)	1	16	4	1	4	3	5	5	3	1	1	1	1	1	15	rna-NM_001316434.1	FBgn0285958	The gene alpha-L-fucosidase is referred to in FlyBase by the symbol Dmel\Fuca (CG6128, FBgn0285958). It is a protein_coding_gene from Dmel. It has 2 annotated transcripts and 2 polypeptides (1 unique). Gene sequence location is 3L:11518798..11522713. Its molecular function is described by: alpha-L-fucosidase activity; fucose binding. It is involved in the biological process described with: binding of sperm to zona pellucida; fucose metabolic process; defense response to bacterium; glycoside catabolic process; carbohydrate metabolic process. 8 alleles are reported. No phenotypic data is available. The phenotypic classes of alleles include: electrophoretic variant; fertile; viable.
N0.HOG0000602	Gene Group 22	transcription regulation	0.21834391465156391	0.4953923823848684	n	0.3353138689291874	0.28665785786011205	n	hinge3(hng3)	1	1	1	1	1	1	1	1	1	1	45	1	1	1	44	rna-NM_138213.3	FBgn0035160	The gene hinge3 is referred to in FlyBase by the symbol Dmel\hng3 (CG13897, FBgn0035160). It is a protein_coding_gene from Dmel. It has 2 annotated transcripts and 2 polypeptides (all unique). Gene sequence location is 3L:737680..755489. Its molecular function is described by: DNA binding. It is involved in the biological process described with: regulation of transcription by RNA polymerase II. 20 alleles are reported. The phenotypes of these alleles manifest in: wing; wing hinge. The phenotypic classes of alleles include: lethal; flightless; visible; viable. Summary of modENCODE Temporal Expression Profile:  Temporal profile ranges from a peak of high expression to a trough of very low expression.  Peak expression observed during early pupal stages.
N0.HOG0000608	Gene Group 23,Gene Group 26	glutathione metabolic process,glycolysis and early development (and other)	0.14084856304079973	0.6623867956109182	n	0.5563518240111589	0.060300025541073894	n	uncharacterized protein(CG33177)	4	9	3	1	5	4	7	4	2	2	2	1	1	1	8	rna-NM_176730.2	FBgn0053177	This gene is referred to in FlyBase by the symbol Dmel\CG33177 (FBgn0053177). It is a protein_coding_gene from Dmel. It has one annotated transcript and one polypeptide. Gene sequence location is X:15081367..15082369. Its molecular function is described by: glutathione peroxidase activity; glutathione transferase activity; prostaglandin-E synthase activity. The biological processes in which it is involved are not known. 5 alleles are reported. No phenotypic data is available. No phenotypic class data is available. Summary of modENCODE Temporal Expression Profile:  Temporal profile ranges from a peak of moderate expression to a trough of very low expression.  Peak expression observed during late pupal stages.
N0.HOG0000610	None	None	-0.07005264683383464	0.8287278541011254	n	0.03152369107522558	0.9225248645215405	n	None	4	3	2	1	2	4	10	4	6	4	2	1	1	1	9	rna-NM_001316609.1	FBgn0051233	This gene is referred to in FlyBase by the symbol Dmel\CG31233 (FBgn0051233). It is a protein_coding_gene from Dmel. It has 2 annotated transcripts and 2 polypeptides (1 unique). Gene sequence location is 3R:21749853..21753237. Its molecular function is described by: zinc ion binding; metallopeptidase activity; metalloaminopeptidase activity. It is involved in the biological process described with: proteolysis; peptide catabolic process. 5 alleles are reported. No phenotypic data is available. No phenotypic class data is available. Summary of modENCODE Temporal Expression Profile:  Temporal profile ranges from a peak of very high expression to a trough of extremely low expression.  Peak expression observed within 18-24 hour embryonic stages, during early larval stages.
N0.HOG0000613	None	None	-0.0979020979020979	0.762121655996299	n	-0.17482517482517487	0.5868236643627043	n	Acyl-CoA synthetase family member 2 (from API summary)	1	3	13	1	1	1	14	1	4	1	1	2	2	1	13	rna-NM_135080.3	FBgn0031703	The gene Acyl-CoA synthetase family member 2 is referred to in FlyBase by the symbol Dmel\Acsf2 (CG12512, FBgn0031703). It is a protein_coding_gene from Dmel. It has one annotated transcript and one polypeptide. Gene sequence location is 2L:5339132..5342234. Its molecular function is described by: medium-chain fatty acid-CoA ligase activity. It is involved in the biological process described with: fatty acid metabolic process. 10 alleles are reported. No phenotypic data is available. No phenotypic class data is available. Summary of modENCODE Temporal Expression Profile:  Temporal profile ranges from a peak of moderately high expression to a trough of extremely low expression.  Peak expression observed during early larval stages, in adult male stages.
N0.HOG0000618	None	None	0.33975533714409795	0.2799203496864415	n	0.234676366893346	0.4628366435492134	n	Annexin B11 (from API summary)	1	1	1	1	1	3	5	5	1	3	4	1	3	1	4	rna-NM_001272689.1	FBgn0030749	The gene Annexin B11 is referred to in FlyBase by the symbol Dmel\AnxB11 (CG9968, FBgn0030749). It is a protein_coding_gene from Dmel. It has 7 annotated transcripts and 7 polypeptides (3 unique). Gene sequence location is X:16416958..16422265. Its molecular function is described by: calcium-dependent phospholipid binding; phosphatidylserine binding; calcium ion binding. It is involved in the biological process described with: response to calcium ion. 16 alleles are reported. The phenotypes of these alleles manifest in: larval somatic muscle cell; actomyosin contractile ring actin filament. The phenotypic classes of alleles include: short lived; viable; abnormal wound healing; decreased rate of adult locomotory behavior; lethal. Summary of modENCODE Temporal Expression Profile:  Temporal profile ranges from a peak of high expression to a trough of moderately high expression.  Peak expression observed within 06-24 hour embryonic stages, during early larval stages, at stages throughout the pupal period.
N0.HOG0000620	None	None	0.4755244755244756	0.11817595701303213	n	0.39860139860139865	0.19933549461780897	n	None	1	1	8	3	1	1	9	3	1	1	11	2	1	5	10	rna-NM_001299871.1	FBgn0034945	This gene is referred to in FlyBase by the symbol Dmel\CG10904 (FBgn0034945). It is a protein_coding_gene from Dmel. It has 2 annotated transcripts and 2 polypeptides (1 unique). Gene sequence location is 2R:23968941..23970073. Its molecular function is unknown. The biological processes in which it is involved are not known. 6 alleles are reported. No phenotypic data is available. The phenotypic class of alleles includes: viable. Summary of modENCODE Temporal Expression Profile:  Temporal profile ranges from a peak of moderately high expression to a trough of low expression.  Peak expression observed within 00-18 hour embryonic stages, in adult female stages.
N0.HOG0000624	Gene Group 26	glycolysis and early development (and other)	0.007042428152039987	0.9826701704764307	n	-0.4225456891223993	0.17117595198400154	n	uncharacterized protein(CG31272)	3	1	2	6	3	8	4	3	4	4	1	2	2	2	7	rna-NM_141756.5	FBgn0051272	This gene is referred to in FlyBase by the symbol Dmel\CG31272 (FBgn0051272). It is a protein_coding_gene from Dmel. It has one annotated transcript and one polypeptide. Gene sequence location is 3R:10756296..10759398. Its molecular function is described by: transmembrane transporter activity. It is involved in the biological process described with: transmembrane transport; lipid metabolic process. 6 alleles are reported. No phenotypic data is available. The phenotypic class of alleles includes: viable. Summary of modENCODE Temporal Expression Profile:  Temporal profile ranges from a peak of moderately high expression to a trough of extremely low expression.  Peak expression observed within 18-24 hour embryonic stages, during early larval stages.
N0.HOG0000625	None	None	-0.21355694169400766	0.5051242606511095	n	-0.046270670700368326	0.8864552005114834	n	cGAS-like receptor 1 (from API summary)	2	6	1	1	6	7	8	8	1	2	1	1	1	1	7	rna-NM_176180.2	FBgn0034047	The gene cGAS-like receptor 1 is referred to in FlyBase by the symbol Dmel\cGlr1 (CG12970, FBgn0034047). It is a protein_coding_gene from Dmel. It has one annotated transcript and one polypeptide. Gene sequence location is 2R:15855961..15857522. Its molecular function is described by: double-stranded RNA binding; 3',2'-cyclic GMP-AMP synthase activity; 2',3'-cyclic GMP-AMP synthase activity. It is involved in the biological process described with: cGAS/STING signaling pathway; immune response involved in response to exogenous dsRNA; response to exogenous dsRNA; defense response to virus; cellular response to virus. 5 alleles are reported. The phenotype of these alleles manifest in: trichogen cell. The phenotypic classes of alleles include: visible; viable; short lived; abnormal immune response. Summary of modENCODE Temporal Expression Profile:  Temporal profile ranges from a peak of very low expression to a trough of no expression detected.  Peak expression observed in adults stages of both sexes.
N0.HOG0000626	None	None	-0.2867132867132868	0.36625146058358227	n	-0.17482517482517487	0.5868236643627043	n	Glucocerebrosidase 1a (from API summary)	2	4	1	1	3	5	9	8	1	3	1	3	2	2	8	rna-NM_142915.3	FBgn0051148	The gene Glucocerebrosidase 1a is referred to in FlyBase by the symbol Dmel\Gba1a (CG31148, FBgn0051148). It is a protein_coding_gene from Dmel. It has one annotated transcript and one polypeptide. Gene sequence location is 3R:23700621..23702605. Its molecular function is described by: glucosyltransferase activity; glucosylceramidase activity. It is involved in the biological process described with 7 unique terms, many of which group under: multicellular organismal process; membrane lipid metabolic process; behavior; cellular homeostasis; cellular response to unfolded protein. 9 alleles are reported. The phenotype of these alleles manifest in: mesonotum. The phenotypic classes of alleles include: viable; long lived; visible; abnormal sleep. Summary of modENCODE Temporal Expression Profile:  Temporal profile ranges from a peak of moderately high expression to a trough of very low expression.  Peak expression observed during late larval stages.
N0.HOG0000640	None	None	0.1690182756489597	0.599497869823576	n	0.19014556010507966	0.553900040754205	n	Piezo (from API summary)	1	1	1	1	1	1	1	1	5	2	7	6	9	8	8	rna-NM_001316385.1	FBgn0264953	The gene Piezo is referred to in FlyBase by the symbol Dmel\Piezo (CG44122, FBgn0264953). It is a protein_coding_gene from Dmel. It has 11 annotated transcripts and 11 polypeptides (all unique). Gene sequence location is 2L:8163073..8190137. Its molecular function is described by: monoatomic cation channel activity; mechanosensitive monoatomic ion channel activity. It is involved in the biological process described with 7 unique terms, many of which group under: response to stimulus; response to mechanical stimulus; response to abiotic stimulus; monoatomic ion transmembrane transport; detection of external stimulus. 32 alleles are reported. The phenotypes of these alleles manifest in: neuron projection; cellular anatomical structure; cell projection; plasma membrane bounded cell projection; eo-type sensillum. The phenotypic classes of alleles include: abnormal behavior; abnormal sensory perception; increased mortality; phenotype.
N0.HOG0000647	Gene Group 28,Gene Group 31	DNA-related functions,chromatin organization and transcription regulation	0.7272727272727274	0.007355028857805126	n	0.5664335664335665	0.054842119775407844	n	bedwarfed(bdwf)	1	1	7	3	1	1	1	2	1	1	10	2	7	9	9	rna-NM_142334.3	FBgn0038472	The gene bedwarfed is referred to in FlyBase by the symbol Dmel\bdwf (CG3995, FBgn0038472). It is a protein_coding_gene from Dmel. It has one annotated transcript and one polypeptide. Gene sequence location is 3R:17041896..17043136. Its molecular function is described by: ribosome binding; DNA binding. It is involved in the biological process described with: ribosome localization; dendrite arborization. 13 alleles are reported. The phenotypes of these alleles manifest in: cytoskeleton; intracellular anatomical structure; cell projection; supramolecular fiber; protein-containing complex. The phenotypic classes of alleles include: abnormal locomotor behavior; visible; fertile; viable; abnormal neuroanatomy. Summary of modENCODE Temporal Expression Profile:  Temporal profile ranges from a peak of moderately high expression to a trough of low expression.  Peak expression observed within 00-12 hour embryonic stages.
N0.HOG0000648	Gene Group 32	transcription regulation	0.05800910270496299	0.8578817998209817	n	0.07976251621932409	0.805365010461281	n	uncharacterized protein(CG4896)	2	2	2	1	1	1	1	1	1	1	2	1	24	4	23	rna-NM_134739.6	FBgn0031319	This gene is referred to in FlyBase by the symbol Dmel\CG4896 (FBgn0031319). It is a protein_coding_gene from Dmel. It has 5 annotated transcripts and 5 polypeptides (4 unique). Gene sequence location is 2L:1177690..1182454. Its molecular function is described by: RNA binding; nucleic acid binding; mRNA binding. It is involved in the biological process described with: regulation of alternative mRNA splicing, via spliceosome; mRNA splicing, via spliceosome. 13 alleles are reported. No phenotypic data is available. The phenotypic classes of alleles include: viable; fertile. Summary of modENCODE Temporal Expression Profile:  Temporal profile ranges from a peak of moderately high expression to a trough of low expression.  Peak expression observed at stages throughout the pupal period, in adult male stages.
N0.HOG0000649	None	None	-0.2610409621723334	0.41249631869094106	n	-0.04350682702872224	0.8932021742511844	n	SET and MYND domain containing, class 4, member 4 (from API summary)	1	1	1	1	15	6	6	5	2	2	1	1	1	1	14	rna-NM_136886.3	FBgn0027495	The gene SET and MYND domain containing, class 4, member 4 is referred to in FlyBase by the symbol Dmel\Smyd4-4 (CG8378, FBgn0027495). It is a protein_coding_gene from Dmel. It has one annotated transcript and one polypeptide. Gene sequence location is 2R:12140631..12143272. Its molecular function is described by: histone deacetylase binding; histone H3K4 methyltransferase activity. It is involved in the biological process described with: negative regulation of gene expression; compound eye photoreceptor development. 7 alleles are reported. The phenotypes of these alleles manifest in: ommatidium; interommatidial bristle. The phenotypic classes of alleles include: viable; partially lethal - majority live. Summary of modENCODE Temporal Expression Profile:  Temporal profile ranges from a peak of high expression to a trough of moderate expression.  Peak expression observed within 00-06 hour embryonic stages.
N0.HOG0000653	Gene Group 26	glycolysis and early development (and other)	-0.21678321678321683	0.49855598552418856	n	0.1958041958041958	0.5419358857313175	n	pickpocket 24(ppk24)	2	3	2	1	6	3	9	2	3	2	3	3	2	3	8	rna-NM_143603.2	FBgn0039839	The gene pickpocket 24 is referred to in FlyBase by the symbol Dmel\ppk24 (CG15555, FBgn0039839). It is a protein_coding_gene from Dmel. It has one annotated transcript and one polypeptide. Gene sequence location is 3R:31265730..31268511. Its molecular function is described by: ligand-gated sodium channel activity; sodium channel activity. It is involved in the biological process described with: sodium ion transport; sodium ion transmembrane transport. 3 alleles are reported. No phenotypic data is available. The phenotypic classes of alleles include: viable; short lived. Summary of modENCODE Temporal Expression Profile:  Temporal profile ranges from a peak of very low expression to a trough of no expression detected.  Peak expression observed during early larval stages.
N0.HOG0000654	None	None	-0.2517482517482518	0.42991878503288405	n	-0.06993006993006995	0.8290236405313092	n	None	3	5	2	1	2	4	9	5	5	4	1	2	1	1	8	rna-NM_001272539.2	FBgn0030348	This gene is referred to in FlyBase by the symbol Dmel\CG10352 (FBgn0030348). It is a protein_coding_gene from Dmel. It has one annotated transcript and one polypeptide. Gene sequence location is X:11875306..11877168. Its molecular function is described by: phosphatase activity. The biological processes in which it is involved are not known. 5 alleles are reported. No phenotypic data is available. The phenotypic class of alleles includes: viable. Summary of modENCODE Temporal Expression Profile:  Temporal profile ranges from a peak of low expression to a trough of no expression detected.  Peak expression observed during late pupal stages, in adult male stages.
N0.HOG0000662	Gene Group 26	glycolysis and early development (and other)	0.0	1.0	n	-0.16783216783216784	0.602099427786538	n	uncharacterized protein(CG1213)	1	3	4	2	6	6	9	1	2	2	2	2	2	1	8	rna-NM_169113.3	FBgn0037387	This gene is referred to in FlyBase by the symbol Dmel\CG1213 (FBgn0037387). It is a protein_coding_gene from Dmel. It has 4 annotated transcripts and 4 polypeptides (1 unique). Gene sequence location is 3R:5841170..5846568. Its molecular function is described by: sugar transmembrane transporter activity; transmembrane transporter activity. It is involved in the biological process described with: carbohydrate transport; transmembrane transport. 6 alleles are reported. No phenotypic data is available. The phenotypic classes of alleles include: viable; abnormal flight; fertile. Summary of modENCODE Temporal Expression Profile:  Temporal profile ranges from a peak of very high expression to a trough of extremely low expression.  Peak expression observed during late pupal stages, in adult male stages.
N0.HOG0000668	Gene Group 26	glycolysis and early development (and other)	0.23076923076923078	0.470531995381542	n	0.07692307692307693	0.8121826980280591	n	uncharacterized protein(CG45062)	1	2	1	2	2	3	5	4	1	3	2	1	3	1	4	rna-NM_001299798.1	FBgn0266432	This gene is referred to in FlyBase by the symbol Dmel\CG45062 (FBgn0266432). It is a protein_coding_gene from Dmel. It has 2 annotated transcripts and 2 polypeptides (1 unique). Gene sequence location is 2R:22472995..22476314. Its molecular function is described by: nucleotide binding. It is involved in the biological process described with: . 2 alleles are reported. No phenotypic data is available. No phenotypic class data is available.
N0.HOG0000669	Gene Group 18	Aldehyde oxidase	0.49650349650349657	0.10060263183225483	n	0.6293706293706295	0.02831967129576002	n	Aldehyde oxidase 3(AOX3)	4	11	1	2	2	3	5	4	1	2	2	1	2	3	10	rna-NM_001316510.1	FBgn0038349	The gene Aldehyde oxidase 3 is referred to in FlyBase by the symbol Dmel\AOX3 (CG6045, FBgn0038349). It is a protein_coding_gene from Dmel. It has 2 annotated transcripts and 2 polypeptides (1 unique). Gene sequence location is 3R:15542748..15548188. Its molecular function is described by 8 unique terms, many of which group under: binding; small molecule binding; ion binding; catalytic activity; metal ion binding. It is involved in the biological process described with: acetaldehyde metabolic process. 11 alleles are reported. No phenotypic data is available. The phenotypic class of alleles includes: viable. Summary of modENCODE Temporal Expression Profile:  Temporal profile ranges from a peak of moderately high expression to a trough of low expression.  Peak expression observed within 00-06 hour embryonic stages, at stages throughout the larval period, during late pupal stages, in stages of adults of both sexes.
N0.HOG0000671	Gene Group 2	protein breakdown (proteolysis)	-0.08542277667760305	0.7918118156313141	n	0.3238946949025783	0.3043974704848051	n	uncharacterized protein(CG12951)	2	10	4	1	1	1	1	1	1	8	1	1	1	1	9	rna-NM_141623.2	FBgn0037677	This gene is referred to in FlyBase by the symbol Dmel\CG12951 (FBgn0037677). It is a protein_coding_gene from Dmel. It has one annotated transcript and one polypeptide. Gene sequence location is 3R:9329223..9330331. Its molecular function is described by: serine-type endopeptidase activity. It is involved in the biological process described with: proteolysis. 6 alleles are reported. The phenotypes of these alleles manifest in: embryonic/larval fat body; mitochondrion. The phenotypic classes of alleles include: viable; abnormal size. Summary of modENCODE Temporal Expression Profile:  Temporal profile ranges from a peak of very high expression to a trough of no expression detected.  Peak expression observed during late larval stages, during early pupal stages.
N0.HOG0000673	Gene Group 2	protein breakdown (proteolysis)	-0.15660842390893895	0.6269248019462761	n	-0.13525272973953817	0.67513751307536	n	uncharacterized protein(CG31821)	4	4	4	1	3	6	8	2	3	3	1	2	2	2	7	rna-NM_001299039.1	FBgn0051821	This gene is referred to in FlyBase by the symbol Dmel\CG31821 (FBgn0051821). It is a protein_coding_gene from Dmel. It has 2 annotated transcripts and 2 polypeptides (1 unique). Gene sequence location is 2L:15900935..15902410. Its molecular function is described by: serine hydrolase activity; serine-type carboxypeptidase activity. It is involved in the biological process described with: proteolysis. 6 alleles are reported. The phenotype of these alleles manifest in: trichogen cell. The phenotypic classes of alleles include: visible; viable. Summary of modENCODE Temporal Expression Profile:  Temporal profile ranges from a peak of moderate expression to a trough of no expression detected.  Peak expression observed within 18-24 hour embryonic stages, at stages throughout the larval period, in adult male stages.
N0.HOG0000680	None	None	0.3216783216783217	0.30790987618065263	n	0.5384615384615385	0.07089431754922315	n	Cystathionine gamma-lyase (from API summary)	1	4	1	3	1	1	1	3	2	1	5	3	6	10	9	rna-NM_001299649.1	FBgn0000566	The gene Cystathionine gamma-lyase is referred to in FlyBase by the symbol Dmel\Cth (CG5345, FBgn0000566). It is a protein_coding_gene from Dmel. It has 2 annotated transcripts and 2 polypeptides (1 unique). Gene sequence location is 2R:18627918..18629395. Its molecular function is described by: cystathionine gamma-lyase activity; pyridoxal phosphate binding. It is involved in the biological process described with: hydrogen sulfide biosynthetic process; glutathione biosynthetic process; transsulfuration; sulfur amino acid metabolic process; cysteine biosynthetic process via cystathionine. 17 alleles are reported. No phenotypic data is available. The phenotypic classes of alleles include: fertile; lethal - all die during P-stage; viable. Summary of modENCODE Temporal Expression Profile:  Temporal profile ranges from a peak of very high expression to a trough of moderately high expression.  Peak expression observed within 00-06 hour embryonic stages, during early larval stages.
N0.HOG0000682	Gene Group 19	uncharacterized	0.28169712608159947	0.37506523624200017	n	0.23944255716935955	0.4535299634141644	n	uncharacterized protein(CG2663)	1	1	1	3	4	3	15	5	1	1	2	1	2	2	14	rna-NM_169053.3	FBgn0037323	This gene is referred to in FlyBase by the symbol Dmel\CG2663 (FBgn0037323). It is a protein_coding_gene from Dmel. It has 2 annotated transcripts and 2 polypeptides (1 unique). Gene sequence location is 3R:5400594..5404135. Its molecular function is described by: phosphatidylinositol bisphosphate binding. It is involved in the biological process described with: intermembrane lipid transfer. 3 alleles are reported. No phenotypic data is available. The phenotypic classes of alleles include: viable; fertile. Summary of modENCODE Temporal Expression Profile:  Temporal profile ranges from a peak of very high expression to a trough of extremely low expression.  Peak expression observed within 12-18 embryonic stages, during late pupal stages.
N0.HOG0000688	None	None	0.3450789794499594	0.2719649798075829	n	0.4155032609703593	0.17918196554757054	n	None	2	5	5	2	2	2	6	1	2	2	3	2	4	4	5	rna-NM_141045.3	FBgn0037071	This gene is referred to in FlyBase by the symbol Dmel\CG7632 (FBgn0037071). It is a protein_coding_gene from Dmel. It has 2 annotated transcripts and 2 polypeptides (all unique). Gene sequence location is 3L:21304697..21306197. Its molecular function is described by: serine hydrolase activity; hydrolase activity. It is involved in the biological process described with: . 6 alleles are reported. No phenotypic data is available. The phenotypic class of alleles includes: viable. Summary of modENCODE Temporal Expression Profile:  Temporal profile ranges from a peak of moderately high expression to a trough of moderate expression.  Peak expression observed within 00-06 and 18-24 hour embryonic stages.
N0.HOG0000689	None	None	-0.2676122697775195	0.40039240027539647	n	0.2253577008652796	0.4812874129466269	n	None	1	6	3	3	12	3	3	3	3	1	3	1	1	1	11	rna-NM_142972.5	FBgn0039165	This gene is referred to in FlyBase by the symbol Dmel\CG6204 (FBgn0039165). It is a protein_coding_gene from Dmel. It has one annotated transcript and one polypeptide. Gene sequence location is 3R:24193832..24196880. Its molecular function is described by: RNA binding; helicase activity. It is involved in the biological process described with: regulatory ncRNA-mediated heterochromatin formation. 3 alleles are reported. No phenotypic data is available. The phenotypic class of alleles includes: viable. Summary of modENCODE Temporal Expression Profile:  Temporal profile ranges from a peak of moderate expression to a trough of very low expression.  Peak expression observed during late larval stages, in adult male stages.
N0.HOG0000690	None	None	-0.2657342657342658	0.40383308831471165	n	0.23076923076923078	0.470531995381542	n	Chitin deacetylase-like 9 (from API summary)	1	4	1	1	11	4	8	6	1	1	1	1	1	2	10	rna-NM_001299590.1	FBgn0034197	The gene Chitin deacetylase-like 9 is referred to in FlyBase by the symbol Dmel\Cda9 (CG15918, FBgn0034197). It is a protein_coding_gene from Dmel. It has 2 annotated transcripts and 2 polypeptides (1 unique). Gene sequence location is 2R:17128480..17130334. Its molecular function is described by: chitin deacetylase activity; hydrolase activity, acting on carbon-nitrogen (but not peptide) bonds. It is involved in the biological process described with: carbohydrate metabolic process. One allele is reported. No phenotypic data is available. The phenotypic classes of allele include: partially lethal; viable. Summary of modENCODE Temporal Expression Profile:  Temporal profile ranges from a peak of high expression to a trough of extremely low expression.  Peak expression observed at stages throughout the larval period.
N0.HOG0000693	None	None	0.14929322993226435	0.6433004037991689	n	-0.1306315761907313	0.6857269144798043	n	Sorbitol dehydrogenase 2 (from API summary)	2	2	9	1	1	3	3	3	1	1	2	2	2	2	8	rna-NM_079587.3	FBgn0022359	The gene Sorbitol dehydrogenase 2 is referred to in FlyBase by the symbol Dmel\Sord2 (CG4649, FBgn0022359). It is a protein_coding_gene from Dmel. It has one annotated transcript and one polypeptide. Gene sequence location is 3R:10876384..10878257. Its molecular function is described by: L-iditol 2-dehydrogenase (NAD+) activity; zinc ion binding; D-sorbitol dehydrogenase (acceptor) activity; oxidoreductase activity; oxidoreductase activity, acting on the CH-OH group of donors, NAD or NADP as acceptor. It is involved in the biological process described with: sorbitol catabolic process; fructose biosynthetic process. 12 alleles are reported. No phenotypic data is available. The phenotypic classes of alleles include: short lived; viable. Summary of modENCODE Temporal Expression Profile:  Temporal profile ranges from a peak of very high expression to a trough of moderate expression.  Peak expression observed at stages throughout the larval period.
N0.HOG0000694	None	None	0.11188811188811189	0.729194990751066	n	0.5594405594405596	0.05858947538856762	n	Sorbitol dehydrogenase like (from API summary)	1	2	1	1	1	1	1	1	1	2	1	1	1	1	1	rna-NM_001144613.2	FBgn0270925	The gene Sorbitol dehydrogenase like is referred to in FlyBase by the symbol Dmel\Sordl (CG4836, FBgn0270925). It is a protein_coding_gene from Dmel. It has 5 annotated transcripts and 5 polypeptides (all unique). Gene sequence location is 3R:20013872..20018248. Its molecular function is described by: L-iditol 2-dehydrogenase (NAD+) activity. It is involved in the biological process described with: sorbitol catabolic process. 5 alleles are reported. The phenotypes of these alleles manifest in: mesonotum; trichogen cell. The phenotypic classes of alleles include: some die during pupal stage; abnormal body color; partially lethal; partially lethal - majority die; visible.
N0.HOG0000696	None	None	0.006993006993006993	0.9827917689028476	n	-0.006993006993006993	0.9827917689028476	n	sina homologue (from API summary)	1	3	3	4	2	1	1	2	2	3	1	4	10	7	9	rna-NM_140670.2	FBgn0259794	The gene sina homologue is referred to in FlyBase by the symbol Dmel\sinah (CG13030, FBgn0259794). It is a protein_coding_gene from Dmel. It has one annotated transcript and one polypeptide. Gene sequence location is 3L:16859080..16860529. Its molecular function is described by: protein binding; ubiquitin conjugating enzyme binding; ubiquitin-protein transferase activity; zinc ion binding; ubiquitin protein ligase activity. It is involved in the biological process described with: proteasomal protein catabolic process; sensory organ development; proteasome-mediated ubiquitin-dependent protein catabolic process; ubiquitin-dependent protein catabolic process; regulation of R7 cell differentiation. 5 alleles are reported. No phenotypic data is available. The phenotypic classes of alleles include: viable; female fertile; male fertile. Summary of modENCODE Temporal Expression Profile:  Temporal profile ranges from a peak of very high expression to a trough of no expression detected.  Peak expression observed in adult male stages.
N0.HOG0000707	None	None	0.4859275424907591	0.1092271849290281	n	0.30986683868975945	0.3270050102150108	n	tejas (from API summary)	1	1	1	4	1	2	3	1	1	11	13	1	1	1	12	rna-NM_137106.3	FBgn0033921	The gene tejas is referred to in FlyBase by the symbol Dmel\tej (CG8589, FBgn0033921). It is a protein_coding_gene from Dmel. It has one annotated transcript and one polypeptide. Gene sequence location is 2R:14300103..14302353. Its molecular function is unknown. It is involved in the biological process described with 6 unique terms, many of which group under: negative regulation of biosynthetic process; negative regulation of cellular process; regulation of mRNA catabolic process; primary metabolic process; cellular component organization. 20 alleles are reported. The phenotype of these alleles manifest in: germarium. The phenotypic classes of alleles include: female semi-sterile; abnormal cell number; female sterile; viable; female sterile germline-dependent. Summary of modENCODE Temporal Expression Profile:  Temporal profile ranges from a peak of moderately high expression to a trough of very low expression.  Peak expression observed within 00-06 hour embryonic stages, in adult female stages.
N0.HOG0000709	Gene Group 26	glycolysis and early development (and other)	-0.1258741258741259	0.6966831093957659	n	-0.3076923076923077	0.3305892594121097	n	defective proboscis extension response 10(dpr10)	1	1	2	6	1	1	2	1	1	3	1	3	2	1	5	rna-NM_168398.2	FBgn0052057	The gene defective proboscis extension response 10 is referred to in FlyBase by the symbol Dmel\dpr10 (CG32057, FBgn0052057). It is a protein_coding_gene from Dmel. It has 4 annotated transcripts and 4 polypeptides (2 unique). Gene sequence location is 3L:10147454..10186108. Its molecular function is described by: . It is involved in the biological process described with: synapse organization; sensory perception of chemical stimulus. 35 alleles are reported. The phenotypes of these alleles manifest in: embryonic/larval hypodermal muscle; distal medullary amacrine neuron Dm12; neuron projection; distal medullary amacrine neuron Dm4; larval intersegmental nerve branch ISNb of A1-7. The phenotypic classes of alleles include: lethal; abnormal pain response; majority die during embryonic stage; abnormal neuroanatomy; viable; increased cell number. Summary of modENCODE Temporal Expression Profile:  Temporal profile ranges from a peak of moderate expression to a trough of extremely low expression.  Peak expression observed within 12-24 hour embryonic stages, during early larval stages, during late pupal stages.
N0.HOG0000712	None	None	-0.028021058733533853	0.9311140674192737	n	0.08056054385890982	0.80345110920634	n	None	1	1	1	1	5	5	8	5	1	1	2	2	6	2	7	rna-NM_142683.3	FBgn0038854	This gene is referred to in FlyBase by the symbol Dmel\Brat1 (CG7044, FBgn0038854). It is a protein_coding_gene from Dmel. It has one annotated transcript and one polypeptide. Gene sequence location is 3R:21098229..21101718. Its molecular function is unknown. It is involved in the biological process described with: integrator complex assembly; DNA damage response; cell population proliferation. 3 alleles are reported. No phenotypic data is available. The phenotypic class of alleles includes: viable. Summary of modENCODE Temporal Expression Profile:  Temporal profile ranges from a peak of moderately high expression to a trough of low expression.  Peak expression observed within 00-06 hour embryonic stages, in adult female stages.
N0.HOG0000713	None	None	-0.1958041958041958	0.5419358857313175	n	0.11188811188811189	0.729194990751066	n	crammer (from API summary)	1	1	1	3	5	2	5	2	5	3	2	3	4	6	5	rna-NM_137576.4	FBgn0034443	The gene crammer is referred to in FlyBase by the symbol Dmel\cer (CG10460, FBgn0034443). It is a protein_coding_gene from Dmel. It has one annotated transcript and one polypeptide. Gene sequence location is 2R:19396215..19396772. Its molecular function is described by: cysteine-type endopeptidase inhibitor activity. It is involved in the biological process described with: long-term memory; short-term memory. 12 alleles are reported. No phenotypic data is available. The phenotypic classes of alleles include: viable; abnormal feeding behavior; abnormal memory. Summary of modENCODE Temporal Expression Profile:  Temporal profile ranges from a peak of extremely high expression to a trough of moderate expression.  Peak expression observed during early pupal stages.
N0.HOG0000715	Gene Group 26	glycolysis and early development (and other)	-0.4377917304727157	0.15462561279702763	n	-0.3025390007331775	0.33916814895060443	n	uncharacterized protein(CG15117)	2	3	1	1	3	4	6	11	3	3	1	1	1	1	10	rna-NM_166324.2	FBgn0034417	This gene is referred to in FlyBase by the symbol Dmel\CG15117 (FBgn0034417). It is a protein_coding_gene from Dmel. It has 6 annotated transcripts and 6 polypeptides (5 unique). Gene sequence location is 2R:19122231..19129300. Its molecular function is described by: carbohydrate binding; beta-glucuronidase activity; hydrolase activity, hydrolyzing O-glycosyl compounds. It is involved in the biological process described with: insemination; carbohydrate metabolic process. 9 alleles are reported. The phenotypes of these alleles manifest in: trichogen cell; mesonotum. The phenotypic classes of alleles include: partially lethal - majority die; viable; fertile; visible; some die during pupal stage. Summary of modENCODE Temporal Expression Profile:  Temporal profile ranges from a peak of moderately high expression to a trough of very low expression.  Peak expression observed within 12-24 hour embryonic stages, in adult male stages.
N0.HOG0000721	None	None	-0.05800910270496299	0.8578817998209817	n	0.07976251621932409	0.805365010461281	n	secretory Phospholipase A2 (from API summary)	2	2	1	1	2	4	11	6	1	1	1	1	1	1	10	rna-NM_001014501.3	FBgn0033170	The gene secretory Phospholipase A2 is referred to in FlyBase by the symbol Dmel\sPLA2 (CG11124, FBgn0033170). It is a protein_coding_gene from Dmel. It has 3 annotated transcripts and 3 polypeptides (2 unique). Gene sequence location is 2R:7442864..7443827. Its molecular function is described by: phospholipase A2 activity; calcium-dependent phospholipase A2 activity. It is involved in the biological process described with: arachidonate secretion; phospholipid metabolic process. 4 alleles are reported. No phenotypic data is available. The phenotypic class of alleles includes: viable. Summary of modENCODE Temporal Expression Profile:  Temporal profile ranges from a peak of moderately high expression to a trough of very low expression.  Peak expression observed within 18-24 hour embryonic stages, during late larval stages, during late pupal stages.
N0.HOG0000730	Gene Group 26	glycolysis and early development (and other)	-0.21716320518488735	0.49778490192726343	n	-0.21716320518488735	0.49778490192726343	n	Major Facilitator Superfamily Transporter 9(MFS9)	1	1	9	1	3	2	5	6	3	3	1	1	2	2	8	rna-NM_142632.3	FBgn0038799	The gene Vesicular glutamate transporter 2 is referred to in FlyBase by the symbol Dmel\VGlut2 (CG4288, FBgn0038799). It is a protein_coding_gene from Dmel. It has 2 annotated transcripts and 2 polypeptides (1 unique). Gene sequence location is 3R:20507392..20512468. Its molecular function is described by: L-glutamate transmembrane transporter activity; transmembrane transporter activity. It is involved in the biological process described with: L-glutamate transmembrane transport; transmembrane transport; neurotransmitter loading into synaptic vesicle. 10 alleles are reported. The phenotypes of these alleles manifest in: mesonotum; trichogen cell; eye. The phenotypic classes of alleles include: lethal - all die during P-stage; viable; partially lethal - majority die; visible; fertile; some die during pupal stage. Summary of modENCODE Temporal Expression Profile:  Temporal profile ranges from a peak of high expression to a trough of extremely low expression.  Peak expression observed during early larval stages.
N0.HOG0000746	None	None	-0.06762636486976908	0.834586391153786	n	-0.1316934473779714	0.683288954948474	n	None	4	2	3	2	1	3	8	2	3	3	1	1	1	1	7	rna-NM_001169662.2	FBgn0265185	This gene is referred to in FlyBase by the symbol Dmel\CG44250 (FBgn0265185). It is a protein_coding_gene from Dmel. It has 2 annotated transcripts and 2 polypeptides (all unique). Gene sequence location is 2R:12950404..12952293. Its molecular function is described by: . It is involved in the biological process described with: . 4 alleles are reported. No phenotypic data is available. The phenotypic class of alleles includes: viable.
N0.HOG0000750	Gene Group 2	protein breakdown (proteolysis)	-0.2253577008652796	0.4812874129466269	n	0.04929699706427991	0.8790754104005534	n	uncharacterized protein(CG8562)	6	10	9	1	2	2	4	2	4	1	1	1	1	1	9	rna-NM_139861.3	FBgn0035779	This gene is referred to in FlyBase by the symbol Dmel\CG8562 (FBgn0035779). It is a protein_coding_gene from Dmel. It has one annotated transcript and one polypeptide. Gene sequence location is 3L:7398285..7399912. Its molecular function is described by: metallocarboxypeptidase activity; zinc ion binding. It is involved in the biological process described with: proteolysis. 6 alleles are reported. No phenotypic data is available. The phenotypic class of alleles includes: viable. Summary of modENCODE Temporal Expression Profile:  Temporal profile ranges from a peak of very high expression to a trough of extremely low expression.  Peak expression observed within 18-24 hour embryonic stages.
N0.HOG0000756	Gene Group 20	transmembrane transport (olfactory)	0.1885295837911297	0.5573365380454538	n	0.47132395947782424	0.1219218933169533	n	Sulfonylurea receptor(Sur)	1	1	1	1	1	1	1	1	1	1	1	1	1	2	1	rna-NM_001347812.1	FBgn0028675	The gene Sulfonylurea receptor is referred to in FlyBase by the symbol Dmel\Sur (CG5772, FBgn0028675). It is a protein_coding_gene from Dmel. It has one annotated transcript and one polypeptide. Gene sequence location is 2L:10182557..10199117. Its molecular function is described by: ATP binding; ABC-type transporter activity; ATP hydrolysis activity. It is involved in the biological process described with: transmembrane transport; response to hypoxia. 22 alleles are reported. The phenotype of these alleles manifest in: adult heart. The phenotypic classes of alleles include: abnormal stress response; abnormal immune response; viable. Summary of modENCODE Temporal Expression Profile:  Temporal profile ranges from a peak of moderate expression to a trough of extremely low expression.  Peak expression observed within 12-24 hour embryonic stages.
N0.HOG0000761	Gene Group 20	transmembrane transport (olfactory)	0.676263648697691	0.015752067028416923	n	0.8933798727532655	9.050393313658586e-05	y	Multidrug-Resistance like Protein 1(MRP)	1	1	1	1	1	1	1	1	1	1	5	2	2	5	4	rna-NM_205980.2	FBgn0032456	The gene Multidrug-Resistance like Protein 1 is referred to in FlyBase by the symbol Dmel\MRP (CG6214, FBgn0032456). It is a protein_coding_gene from Dmel. It has 18 annotated transcripts and 18 polypeptides (17 unique). Gene sequence location is 2L:12719045..12766546. Its molecular function is described by: ATP hydrolysis activity; ABC-type transporter activity; transmembrane transporter activity; ATPase-coupled inorganic anion transmembrane transporter activity; ATP binding. It is involved in the biological process described with: renal tubular secretion; transmembrane transport; response to toxic substance; monoatomic anion transmembrane transport. 21 alleles are reported. No phenotypic data is available. The phenotypic classes of alleles include: fertile; viable. Summary of modENCODE Temporal Expression Profile:  Temporal profile ranges from a peak of moderately high expression to a trough of moderate expression.  Peak expression observed within 00-06 and 12-24 hour embryonic stages, during early larval stages, at stages throughout the pupal period, in stages of adults of both sexes.
N0.HOG0000764	None	None	0.32867132867132864	0.2969041156887641	n	0.16783216783216784	0.602099427786538	n	Hemolectin (from API summary)	1	2	7	1	1	1	2	1	3	5	5	2	6	2	6	rna-NM_079336.3	FBgn0029167	The gene Hemolectin is referred to in FlyBase by the symbol Dmel\Hml (CG7002, FBgn0029167). It is a protein_coding_gene from Dmel. It has 2 annotated transcripts and 2 polypeptides (all unique). Gene sequence location is 3L:13846054..13860001. Its molecular function is described by: chitin binding; protein homodimerization activity; extracellular matrix structural constituent. It is involved in the biological process described with: wound healing; hemostasis; hemolymph coagulation. 14 alleles are reported. No phenotypic data is available. The phenotypic classes of alleles include: fertile; abnormal immune response; viable. Summary of modENCODE Temporal Expression Profile:  Temporal profile ranges from a peak of moderately high expression to a trough of no expression detected.  Peak expression observed at stages throughout the larval period.
N0.HOG0000767	None	None	-0.6853146853146854	0.013905968814362752	n	-0.5454545454545455	0.06661188226688902	n	target of brain insulin (from API summary)	1	3	4	1	1	1	3	8	9	2	1	3	1	1	8	rna-NM_143134.3	FBgn0261575	The gene target of brain insulin is referred to in FlyBase by the symbol Dmel\tobi (CG11909, FBgn0261575). It is a protein_coding_gene from Dmel. It has one annotated transcript and one polypeptide. Gene sequence location is 3R:25344761..25346921. Its molecular function is described by: hydrolase activity, hydrolyzing O-glycosyl compounds. It is involved in the biological process described with: carbohydrate metabolic process. 7 alleles are reported. No phenotypic data is available. The phenotypic classes of alleles include: increased mortality; increased mortality during development; phenotype; some die during embryonic stage. Summary of modENCODE Temporal Expression Profile:  Temporal profile ranges from a peak of high expression to a trough of extremely low expression.  Peak expression observed during early pupal stages, in stages of adults of both sexes.
N0.HOG0000774	None	None	0.5104895104895105	0.08991373630263913	n	0.2797202797202798	0.37856866966230307	n	meso18E (from API summary)	1	1	9	3	1	7	6	1	1	1	2	1	1	9	8	rna-NM_144358.3	FBgn0040089	The gene meso18E is referred to in FlyBase by the symbol Dmel\meso18E (CG14233, FBgn0040089). It is a protein_coding_gene from Dmel. It has 4 annotated transcripts and 4 polypeptides (1 unique). Gene sequence location is X:19706418..19713045. Its molecular function is unknown. It is involved in the biological process described with: mesoderm development. 6 alleles are reported. No phenotypic data is available. The phenotypic classes of alleles include: fertile; viable; abnormal flight. Summary of modENCODE Temporal Expression Profile:  Temporal profile ranges from a peak of high expression to a trough of low expression.  Peak expression observed within 06-12 hour embryonic stages.
N0.HOG0000775	Gene Group 8	 immunity and sexual reproduction	-0.006993006993006993	0.9827917689028476	n	0.1328671328671329	0.6805975082860818	n	uncharacterized protein(CG2816)	7	3	1	1	1	1	7	1	1	6	1	2	1	1	6	rna-NM_134959.2	FBgn0031564	This gene is referred to in FlyBase by the symbol Dmel\CG2816 (FBgn0031564). It is a protein_coding_gene from Dmel. It has one annotated transcript and one polypeptide. Gene sequence location is 2L:3703659..3704253. Its molecular function is described by: serine-type endopeptidase inhibitor activity. The biological processes in which it is involved are not known. 7 alleles are reported. No phenotypic data is available. The phenotypic class of alleles includes: viable. Summary of modENCODE Temporal Expression Profile:  Temporal profile ranges from a peak of moderately high expression to a trough of no expression detected.  Peak expression observed during early larval stages, during late pupal stages.
N0.HOG0000777	Gene Group 6	immunity (antimicrobial)	0.2797202797202798	0.37856866966230307	n	-0.14685314685314685	0.6487957097846664	n	uncharacterized protein(CG30062)	8	1	1	5	4	5	3	1	1	4	1	2	2	1	7	rna-NM_165992.3	FBgn0050062	This gene is referred to in FlyBase by the symbol Dmel\CG30062 (FBgn0050062). It is a protein_coding_gene from Dmel. It has one annotated transcript and one polypeptide. Gene sequence location is 2R:13445700..13446309. Its molecular function is described by: lysozyme activity. It is involved in the biological process described with: defense response to Gram-negative bacterium. 4 alleles are reported. No phenotypic data is available. The phenotypic class of alleles includes: viable. Summary of modENCODE Temporal Expression Profile:  Temporal profile ranges from a peak of moderately high expression to a trough of very low expression.  Peak expression observed during late pupal stages.
N0.HOG0000786	None	None	0.04895104895104895	0.8799185788786749	n	0.46153846153846156	0.13094806950717278	n	bruchpilot (from API summary)	1	2	1	1	1	1	1	2	1	3	1	1	3	5	4	rna-NM_001414094.1	FBgn0259246	The gene bruchpilot is referred to in FlyBase by the symbol Dmel\brp (CG42344, FBgn0259246). It is a protein_coding_gene from Dmel. It has 14 annotated transcripts and 14 polypeptides (12 unique). Gene sequence location is 2R:9503765..9541565. Its molecular function is described by: structural constituent of presynaptic active zone; protein binding. It is involved in the biological process described with 16 unique terms, many of which group under: cell junction organization; system process; multicellular organismal process; learning or memory; nervous system development. 74 alleles are reported. The phenotypes of these alleles manifest in: adult cerebrum; embryonic/larval neuromuscular junction; segmental subdivision of adult integument; eo-type sensillum; plasma membrane bounded cell projection. The phenotypic classes of alleles include: increased mortality; phenotype; abnormal sleep; abnormal behavior. Summary of modENCODE Temporal Expression Profile:  Temporal profile ranges from a peak of moderately high expression to a trough of extremely low expression.  Peak expression observed within 12-24 hour embryonic stages, during early larval stages, during late pupal stages.
N0.HOG0000793	None	None	0.25218952860180466	0.42908344267490994	n	0.03152369107522558	0.9225248645215405	n	Chemosensory protein A 7a (from API summary)	2	1	1	3	4	5	11	10	1	1	1	1	2	1	10	rna-NM_132167.3	FBgn0029948	The gene Chemosensory protein A 7a is referred to in FlyBase by the symbol Dmel\CheA7a (CG15033, FBgn0029948). It is a protein_coding_gene from Dmel. It has one annotated transcript and one polypeptide. Gene sequence location is X:7378140..7378953. Its molecular function is described by: . It is involved in the biological process described with: sensory perception of chemical stimulus. 2 alleles are reported. The phenotype of these alleles manifest in: trichogen cell. The phenotypic classes of alleles include: visible; viable. Summary of modENCODE Temporal Expression Profile:  Temporal profile ranges from a peak of moderate expression to a trough of no expression detected.  Peak expression observed during late pupal stages, in stages of adults of both sexes.
N0.HOG0000798	Gene Group 26	glycolysis and early development (and other)	-0.2253577008652796	0.4812874129466269	n	-0.11972127858467978	0.7109318595190937	n	uncharacterized protein(CG31100)	1	1	18	1	2	2	2	1	4	2	1	1	1	1	17	rna-NM_001275466.1	FBgn0051100	The gene Glucose uptake by glia is referred to in FlyBase by the symbol Dmel\Glug (CG31100, FBgn0051100). It is a protein_coding_gene from Dmel. It has 2 annotated transcripts and 2 polypeptides (all unique). Gene sequence location is 3R:8995229..9003650. Its molecular function is described by: D-glucose transmembrane transporter activity; transmembrane transporter activity. It is involved in the biological process described with: transmembrane transport; D-glucose transmembrane transport. 8 alleles are reported. No phenotypic data is available. The phenotypic classes of alleles include: viable; decreased efficacy of medium-term memory; fertile; partially lethal; some die during larval stage; decreased efficacy of long-term memory. Summary of modENCODE Temporal Expression Profile:  Temporal profile ranges from a peak of moderately high expression to a trough of extremely low expression.  Peak expression observed within 12-24 hour embryonic stages, at stages throughout the larval period, during early pupal stages.
N0.HOG0000804	None	None	0.18881118881118883	0.5567370561768314	n	0.04895104895104895	0.8799185788786749	n	sallimus (from API summary)	1	2	3	1	1	1	5	1	1	1	1	2	8	1	7	rna-NM_001274375.1	FBgn0086906	The gene sallimus is referred to in FlyBase by the symbol Dmel\sls (CG1915, FBgn0086906). It is a protein_coding_gene from Dmel. It has 13 annotated transcripts and 13 polypeptides (all unique). Gene sequence location is 3L:2039681..2115611. Its molecular function is described by: actin binding; protein binding; structural constituent of muscle. It is involved in the biological process described with 8 unique terms, many of which group under: anatomical structure development; developmental process; tissue development; somatic muscle development; sister chromatid cohesion. 77 alleles are reported. The phenotypes of these alleles manifest in: CNS neuron; efferent neuron; I band; larval muscle cell; cell cycle. The phenotypic classes of alleles include: phenotype; increased mortality during development; partially lethal; abnormal pain response. Summary of modENCODE Temporal Expression Profile:  Temporal profile ranges from a peak of moderately high expression to a trough of extremely low expression.  Peak expression observed within 18-24 hour embryonic stages, during early larval stages, during late pupal stages, in adult male stages.
N0.HOG0000808	None	None	-0.034965034965034975	0.9140933424107598	n	-0.0979020979020979	0.762121655996299	n	Kynurenine aminotransferase (from API summary)	1	5	3	3	2	2	5	8	1	2	1	1	3	1	7	rna-NM_169438.2	FBgn0037955	The gene Kynurenine aminotransferase is referred to in FlyBase by the symbol Dmel\Kyat (CG6950, FBgn0037955). It is a protein_coding_gene from Dmel. It has 4 annotated transcripts and 4 polypeptides (1 unique). Gene sequence location is 3R:11820381..11822493. Its molecular function is described by: kynurenine-oxoglutarate transaminase activity; cysteine-S-conjugate beta-lyase activity; pyridoxal phosphate binding. It is involved in the biological process described with: kynurenic acid biosynthetic process. 8 alleles are reported. No phenotypic data is available. The phenotypic classes of alleles include: viable; fertile; flightless. Summary of modENCODE Temporal Expression Profile:  Temporal profile ranges from a peak of high expression to a trough of low expression.  Peak expression observed during early larval stages, in adult female stages.
N0.HOG0000814	Gene Group 31	chromatin organization and transcription regulation	0.1188811188811189	0.712884219214772	n	0.39860139860139865	0.19933549461780897	n	uncharacterized protein(CG10654)	1	6	4	1	2	3	1	1	5	7	1	1	2	4	6	rna-NM_001274838.1	FBgn0036294	This gene is referred to in FlyBase by the symbol Dmel\CG10654 (FBgn0036294). It is a protein_coding_gene from Dmel. It has 2 annotated transcripts and 2 polypeptides (all unique). Gene sequence location is 3L:12505374..12507840. Its molecular function is described by: transcription cis-regulatory region binding; DNA-binding transcription factor activity, RNA polymerase II-specific; zinc ion binding; DNA-binding transcription factor activity; RNA polymerase II transcription regulatory region sequence-specific DNA binding. It is involved in the biological process described with: regulation of DNA-templated transcription; regulation of transcription by RNA polymerase II. 11 alleles are reported. The phenotype of these alleles manifest in: wing. The phenotypic classes of alleles include: visible; viable. Summary of modENCODE Temporal Expression Profile:  Temporal profile ranges from a peak of moderately high expression to a trough of low expression.  Peak expression observed within 06-18 hour embryonic stages, during early larval stages.
N0.HOG0000817	Gene Group 36	uncharacterized	-0.06293706293706294	0.8459309212287789	n	-0.32867132867132864	0.2969041156887641	n	uncharacterized protein(CG8483)	1	7	1	6	2	9	1	2	2	2	1	3	3	1	8	rna-NM_142007.3	FBgn0038126	This gene is referred to in FlyBase by the symbol Dmel\CG8483 (FBgn0038126). It is a protein_coding_gene from Dmel. It has one annotated transcript and one polypeptide. Gene sequence location is 3R:13208754..13214465. Its molecular function is described by: . It is involved in the biological process described with: . 10 alleles are reported. The phenotypes of these alleles manifest in: mesonotum; chaeta. The phenotypic classes of alleles include: visible; lethal - all die during P-stage; partially lethal - majority die; abnormal body color; some die during pupal stage. Summary of modENCODE Temporal Expression Profile:  Temporal profile ranges from a peak of very high expression to a trough of extremely low expression.  Peak expression observed at stages throughout the pupal period.
N0.HOG0000826	None	None	0.39579745461116567	0.20280764325009978	n	0.3572684988525566	0.25424587401619864	n	None	1	17	3	2	1	2	1	1	1	2	1	1	2	2	16	rna-NM_141431.2	FBgn0037465	This gene is referred to in FlyBase by the symbol Dmel\CG1105 (FBgn0037465). It is a protein_coding_gene from Dmel. It has one annotated transcript and one polypeptide. Gene sequence location is 3R:7064186..7067136. Its molecular function is described by: ubiquitin protein ligase binding. It is involved in the biological process described with: protein transport. 9 alleles are reported. The phenotype of these alleles manifest in: trichogen cell. The phenotypic classes of alleles include: visible; viable; short lived. Summary of modENCODE Temporal Expression Profile:  Temporal profile ranges from a peak of moderately high expression to a trough of moderate expression.  Peak expression observed at stages throughout embryogenesis, at stages throughout the larval period, at stages throughout the pupal period, in stages of adults of both sexes.
N0.HOG0000827	None	None	0.4568216838015835	0.13544995826746495	n	0.4785750973159446	0.11550349090042433	n	None	1	2	2	1	1	1	1	1	2	2	9	1	7	6	8	rna-NM_168353.2	FBgn0261555	This gene is referred to in FlyBase by the symbol Dmel\CG42673 (FBgn0261555). It is a protein_coding_gene from Dmel. It has 3 annotated transcripts and 3 polypeptides (all unique). Gene sequence location is 3L:9547220..9596713. Its molecular function is described by: nitric-oxide synthase binding. It is involved in the biological process described with: postsynaptic actin cytoskeleton organization. 16 alleles are reported. No phenotypic data is available. The phenotypic classes of alleles include: lethal - all die before end of pupal stage; viable; some die during pupal stage. Summary of modENCODE Temporal Expression Profile:  Temporal profile ranges from a peak of moderately high expression to a trough of extremely low expression.  Peak expression observed during early pupal stages.
N0.HOG0000836	Gene Group 26	glycolysis and early development (and other)	0.1126788504326398	0.7273453279440116	n	0.37324869205811934	0.23206767137485984	n	Mitochondrial amidoxime reducing component(Marc)	1	7	4	3	1	1	1	1	4	2	1	1	2	8	7	rna-NM_136679.5	FBgn0033451	The gene Mitochondrial amidoxime reducing component is referred to in FlyBase by the symbol Dmel\Marc (CG1665, FBgn0033451). It is a protein_coding_gene from Dmel. It has one annotated transcript and one polypeptide. Gene sequence location is 2R:9839776..9841163. Its molecular function is described by 6 unique terms, many of which group under: catalytic activity; oxidoreductase activity, acting on other nitrogenous compounds as donors; oxidoreductase activity; nitrite reductase activity; binding. It is involved in the biological process described with: nitric oxide biosynthetic process; cellular detoxification of nitrogen compound. 6 alleles are reported. No phenotypic data is available. The phenotypic class of alleles includes: viable. Summary of modENCODE Temporal Expression Profile:  Temporal profile ranges from a peak of moderately high expression to a trough of very low expression.  Peak expression observed within 00-06 hour embryonic stages, during late larval stages, at stages throughout the pupal period, in adult female stages.
N0.HOG0000852	None	None	0.034965034965034975	0.9140933424107598	n	0.18881118881118883	0.5567370561768314	n	Acyl-CoA oxidase 3 (from API summary)	1	6	5	1	1	1	6	1	2	1	1	2	4	4	5	rna-NM_001144328.2	FBgn0031813	The gene Acyl-CoA oxidase 3 is referred to in FlyBase by the symbol Dmel\Acox3 (CG9527, FBgn0031813). It is a protein_coding_gene from Dmel. It has 4 annotated transcripts and 4 polypeptides (2 unique). Gene sequence location is 2L:6426724..6448403. Its molecular function is described by 6 unique terms, many of which group under: oxidoreductase activity; oxidoreductase activity, acting on the CH-CH group of donors; anion binding; oxidoreductase activity, acting on the CH-CH group of donors, oxygen as acceptor; catalytic activity. It is involved in the biological process described with: fatty acid beta-oxidation; fatty acid beta-oxidation using acyl-CoA oxidase; fatty acid metabolic process. 10 alleles are reported. The phenotypes of these alleles manifest in: lipid droplet; embryonic/larval fat body. The phenotypic class of alleles includes: viable. Summary of modENCODE Temporal Expression Profile:  Temporal profile ranges from a peak of high expression to a trough of low expression.  Peak expression observed within 18-24 hour embryonic stages, at stages throughout the larval period, in adult female stages.
N0.HOG0000854	Gene Group 26	glycolysis and early development (and other)	0.08406317620060154	0.7950626235050116	n	0.1541158230344362	0.6324877788515912	n	vanin-like(vanin-like)	4	1	3	1	10	3	3	2	1	1	2	1	2	2	9	rna-NM_132069.3	FBgn0040069	The gene vanin-like is referred to in FlyBase by the symbol Dmel\vanin-like (CG32754, FBgn0040069). It is a protein_coding_gene from Dmel. It has one annotated transcript and one polypeptide. Gene sequence location is X:6200188..6202559. Its molecular function is described by: pantetheine hydrolase activity; hydrolase activity, acting on carbon-nitrogen (but not peptide) bonds, in linear amides; hydrolase activity. The biological processes in which it is involved are not known. 7 alleles are reported. No phenotypic data is available. The phenotypic classes of alleles include: partially lethal - majority die; viable; some die during pupal stage. Summary of modENCODE Temporal Expression Profile:  Temporal profile ranges from a peak of high expression to a trough of no expression detected.  Peak expression observed during early larval stages.
N0.HOG0000859	Gene Group 26	glycolysis and early development (and other)	0.1015763379090602	0.7534340837808129	n	0.3152369107522558	0.31824499801822026	n	Osiris 16(Osi16)	1	1	2	2	5	2	2	2	3	5	2	2	2	5	4	rna-NM_169133.2	FBgn0051561	The gene Osiris 16 is referred to in FlyBase by the symbol Dmel\Osi16 (CG31561, FBgn0051561). It is a protein_coding_gene from Dmel. It has one annotated transcript and one polypeptide. Gene sequence location is 3R:6305247..6306366. Its molecular function is described by: . It is involved in the biological process described with: . 7 alleles are reported. No phenotypic data is available. The phenotypic classes of alleles include: viable; lethal - all die during P-stage. Summary of modENCODE Temporal Expression Profile:  Temporal profile ranges from a peak of moderate expression to a trough of no expression detected.  Peak expression observed within 12-18 embryonic stages, during early larval stages.
N0.HOG0000861	Gene Group 31	chromatin organization and transcription regulation	0.4755244755244756	0.11817595701303213	n	0.4685314685314686	0.124454791188834	n	uncharacterized protein(CG9932)	2	1	2	1	1	1	6	3	1	2	5	2	5	4	5	rna-NM_135755.3	FBgn0262160	This gene is referred to in FlyBase by the symbol Dmel\CG9932 (FBgn0262160). It is a protein_coding_gene from Dmel. It has 4 annotated transcripts and 4 polypeptides (all unique). Gene sequence location is 2L:13021868..13060140. Its molecular function is described by: RNA polymerase II cis-regulatory region sequence-specific DNA binding; DNA-binding transcription repressor activity, RNA polymerase II-specific. It is involved in the biological process described with: positive regulation of transcription by RNA polymerase II; negative regulation of transcription by RNA polymerase II. 14 alleles are reported. The phenotypes of these alleles manifest in: eye; trichogen cell; mesonotum; tormogen cell. The phenotypic classes of alleles include: visible; viable; lethal; abnormal body color.
N0.HOG0000862	None	None	0.2746546979295595	0.38762285059130586	n	0.521139683250959	0.08230846633904164	n	None	1	2	3	1	1	1	1	1	2	3	2	3	4	11	10	rna-NM_137654.1	FBgn0034532	This gene is referred to in FlyBase by the symbol Dmel\CG13436 (FBgn0034532). It is a protein_coding_gene from Dmel. It has one annotated transcript and one polypeptide. Gene sequence location is 2R:20636392..20638423. Its molecular function is unknown. It is involved in the biological process described with: regulation of cilium beat frequency. 4 alleles are reported. No phenotypic data is available. The phenotypic class of alleles includes: viable. Summary of modENCODE Temporal Expression Profile:  Temporal profile ranges from a peak of moderately high expression to a trough of extremely low expression.  Peak expression observed at stages throughout the pupal period, in adult male stages.
N0.HOG0000867	Gene Group 30	pheromone sensing	-0.08391608391608392	0.7954145018538977	n	0.1328671328671329	0.6805975082860818	n	hector(hec)	1	2	1	1	2	1	2	1	2	3	1	1	4	1	3	rna-NM_132615.3	FBgn0030437	The gene hector is referred to in FlyBase by the symbol Dmel\hec (CG4395, FBgn0030437). It is a protein_coding_gene from Dmel. It has 2 annotated transcripts and 2 polypeptides (1 unique). Gene sequence location is X:12950436..12957462. Its molecular function is described by: G protein-coupled receptor activity; transmembrane signaling receptor activity; calcitonin receptor activity; neuropeptide receptor activity; G protein-coupled peptide receptor activity. It is involved in the biological process described with: male courtship behavior; adenylate cyclase-modulating G protein-coupled receptor signaling pathway; cell surface receptor signaling pathway; G protein-coupled receptor signaling pathway. 14 alleles are reported. No phenotypic data is available. The phenotypic classes of alleles include: abnormal mating behavior; viable. Summary of modENCODE Temporal Expression Profile:  Temporal profile ranges from a peak of low expression to a trough of no expression detected.  Peak expression observed within 18-24 hour embryonic stages, during early larval stages.
N0.HOG0000884	Gene Group 6	immunity (antimicrobial)	0.1398601398601399	0.6646331617926677	n	-0.09090909090909093	0.7787253962454419	n	uncharacterized protein(CG6435)	4	1	6	2	1	1	6	3	1	1	1	1	5	2	5	rna-NM_137321.3	FBgn0034165	This gene is referred to in FlyBase by the symbol Dmel\CG6435 (FBgn0034165). It is a protein_coding_gene from Dmel. It has one annotated transcript and one polypeptide. Gene sequence location is 2R:16873772..16874977. Its molecular function is described by: lysozyme activity. The biological processes in which it is involved are not known. 5 alleles are reported. No phenotypic data is available. The phenotypic classes of alleles include: lethal - all die during embryonic stage; viable; lethal. Summary of modENCODE Temporal Expression Profile:  Temporal profile ranges from a peak of moderate expression to a trough of no expression detected.  Peak expression observed during late pupal stages, in stages of adults of both sexes.
N0.HOG0000885	Gene Group 26	glycolysis and early development (and other)	-0.06993006993006995	0.8290236405313092	n	-0.07692307692307693	0.8121826980280591	n	Ionotropic receptor 64a(Ir64a)	1	3	5	2	5	3	1	4	2	2	2	1	3	2	4	rna-NM_139705.1	FBgn0035604	The gene Ionotropic receptor 64a is referred to in FlyBase by the symbol Dmel\Ir64a (CG10633, FBgn0035604). It is a protein_coding_gene from Dmel. It has one annotated transcript and one polypeptide. Gene sequence location is 3L:5378786..5382821. Its molecular function is described by: olfactory receptor activity; extracellular ligand-gated monoatomic ion channel activity; ligand-gated monoatomic ion channel activity; transmitter-gated monoatomic ion channel activity involved in regulation of postsynaptic membrane potential; glutamate receptor activity. It is involved in the biological process described with 9 unique terms, many of which group under: response to oxygen-containing compound; chemosensory behavior; cellular response to oxygen-containing compound; detection of stimulus; calcium-mediated signaling. 9 alleles are reported. The phenotypes of these alleles manifest in: adult lateral horn type II neuron; antennal lobe glomerulus DP1m. The phenotypic classes of alleles include: abnormal feeding behavior; abnormal neurophysiology; viable; abnormal auditory perception; abnormal smell perception. Summary of modENCODE Temporal Expression Profile:  Temporal profile ranges from a peak of very low expression to a trough of no expression detected.  Peak expression observed in adult male stages.
N0.HOG0000888	Gene Group 26	glycolysis and early development (and other)	0.22377622377622378	0.48445166145539886	n	0.31468531468531474	0.31913878550330455	n	uncharacterized protein(CG43373)	1	2	3	1	2	1	5	1	1	3	5	4	3	3	4	rna-NM_001104152.4	FBgn0263131	This gene is referred to in FlyBase by the symbol Dmel\CG43373 (FBgn0263131). It is a protein_coding_gene from Dmel. It has 2 annotated transcripts and 2 polypeptides (all unique). Gene sequence location is 3L:16491838..16543370. Its molecular function is described by: phosphorus-oxygen lyase activity; adenylate cyclase activity. It is involved in the biological process described with: cAMP biosynthetic process; cyclic nucleotide biosynthetic process; intracellular signal transduction; adenylate cyclase-activating G protein-coupled receptor signaling pathway. 12 alleles are reported. No phenotypic data is available. The phenotypic classes of alleles include: abnormal touch response; viable; fertile.
N0.HOG0000889	Gene Group 36	uncharacterized	0.06338185336835989	0.844853681587023	n	0.3943759765142393	0.20458190665795498	n	uncharacterized protein(CG15878)	1	1	1	1	2	1	1	1	1	2	6	6	2	9	8	rna-NM_139442.1	FBgn0035316	This gene is referred to in FlyBase by the symbol Dmel\CG15878 (FBgn0035316). It is a protein_coding_gene from Dmel. It has one annotated transcript and one polypeptide. Gene sequence location is 3L:2210873..2212503. Its molecular function is described by: . It is involved in the biological process described with: . 3 alleles are reported. No phenotypic data is available. The phenotypic class of alleles includes: viable. Summary of modENCODE Temporal Expression Profile:  Temporal profile ranges from a peak of moderately high expression to a trough of no expression detected.  Peak expression observed at stages throughout the pupal period, in adult male stages.
N0.HOG0000890	Gene Group 26	glycolysis and early development (and other)	-0.2027972027972028	0.5273023541661082	n	-0.027972027972027972	0.9312343512018808	n	uncharacterized protein(CG4020)	2	1	1	1	3	1	6	1	5	3	3	2	4	2	5	rna-NM_001272335.1	FBgn0029821	This gene is referred to in FlyBase by the symbol Dmel\CG4020 (FBgn0029821). It is a protein_coding_gene from Dmel. It has 2 annotated transcripts and 2 polypeptides (1 unique). Gene sequence location is X:5905746..5908001. Its molecular function is described by: alcohol-forming long-chain fatty acyl-CoA reductase activity; alcohol-forming very long-chain fatty acyl-CoA reductase activity. It is involved in the biological process described with: long-chain fatty-acyl-CoA metabolic process. 5 alleles are reported. No phenotypic data is available. The phenotypic class of alleles includes: viable. Summary of modENCODE Temporal Expression Profile:  Temporal profile ranges from a peak of moderately high expression to a trough of very low expression.  Peak expression observed in adults stages of both sexes.
N0.HOG0000892	Gene Group 8	 immunity and sexual reproduction	-0.02816971260815995	0.9307493932264658	n	-0.30986683868975945	0.3270050102150108	n	Kaz1-ORFB(Kaz1-ORFB)	1	4	7	5	1	3	3	3	2	2	1	2	1	1	6	rna-NM_001031920.3	FBgn0063923	The gene Kaz1-ORFB is referred to in FlyBase by the symbol Dmel\Kaz1-ORFB (CG1220, FBgn0063923). It is a protein_coding_gene from Dmel. It has 4 annotated transcripts and 4 polypeptides (2 unique). Gene sequence location is 3L:216625..218058. Its molecular function is described by: serine-type endopeptidase inhibitor activity. The biological processes in which it is involved are not known. 5 alleles are reported. No phenotypic data is available. No phenotypic class data is available. Summary of modENCODE Temporal Expression Profile:  Temporal profile ranges from a peak of moderately high expression to a trough of very low expression.  Peak expression observed during late larval stages, during early pupal stages.  This gene is annotated by FlyBase as a dicistronic gene, meaning that some or all of its transcripts encode two or more polypeptide-coding open reading frames (ORFs) , with each ORF assigned to a different gene.  The distribution of RNA-Seq coverage data amongst the different encoded genes cannot be determined.
N0.HOG0000894	None	None	0.29422111670210543	0.35326505938428154	n	0.28021058733533855	0.3776981560766677	n	Cathepsin B (from API summary)	1	4	1	3	2	3	8	5	1	1	1	1	2	2	7	rna-NM_001272607.2	FBgn0030521	The gene Cathepsin B is referred to in FlyBase by the symbol Dmel\CtsB (CG10992, FBgn0030521). It is a protein_coding_gene from Dmel. It has 2 annotated transcripts and 2 polypeptides (1 unique). Gene sequence location is X:13779847..13782170. Its molecular function is described by: cysteine-type peptidase activity; peptidase activity; cysteine-type endopeptidase activity. It is involved in the biological process described with: proteolysis involved in protein catabolic process; proteolysis. 15 alleles are reported. The phenotype of these alleles manifest in: primordial germ cell. The phenotypic classes of alleles include: viable; abnormal cell number; short lived; lethal; abnormal pain response. Summary of modENCODE Temporal Expression Profile:  Temporal profile ranges from a peak of very high expression to a trough of high expression.  Peak expression observed within 00-18 hour embryonic stages, during late larval stages, at stages throughout the pupal period, in stages of adults of both sexes.
N0.HOG0000896	None	None	0.14685314685314685	0.6487957097846664	n	0.2447552447552448	0.4432619364501832	n	Protostome-specific GEF (from API summary)	1	2	4	2	2	1	4	1	2	3	2	2	4	5	4	rna-NM_206610.5	FBgn0264598	The gene Protostome-specific GEF is referred to in FlyBase by the symbol Dmel\PsGEF (CG43947, FBgn0264598). It is a protein_coding_gene from Dmel. It has 8 annotated transcripts and 8 polypeptides (all unique). Gene sequence location is X:2367121..2387664. Its molecular function is described by: calcium-dependent phospholipid binding; guanyl-nucleotide exchange factor activity. It is involved in the biological process described with: mushroom body development; regulation of actin filament polymerization; positive regulation of Rac protein signal transduction; positive regulation of ruffle assembly. 16 alleles are reported. The phenotype of these alleles manifest in: adult mushroom body alpha-lobe. The phenotypic classes of alleles include: viable; fertile; abnormal neuroanatomy.
N0.HOG0000902	Gene Group 26	glycolysis and early development (and other)	-0.17513161708458658	0.5861577321261827	n	-0.08756580854229329	0.7866940142086327	n	defective proboscis extension response 19(dpr19)	1	2	1	2	4	2	1	2	3	3	3	1	2	1	3	rna-NM_001273407.2	FBgn0032233	The gene defective proboscis extension response 19 is referred to in FlyBase by the symbol Dmel\dpr19 (CG13140, FBgn0032233). It is a protein_coding_gene from Dmel. It has 3 annotated transcripts and 3 polypeptides (1 unique). Gene sequence location is 2L:10376168..10379905. Its molecular function is described by: . It is involved in the biological process described with: synapse organization; sensory perception of chemical stimulus. 10 alleles are reported. No phenotypic data is available. The phenotypic class of alleles includes: viable. Summary of modENCODE Temporal Expression Profile:  Temporal profile ranges from a peak of moderate expression to a trough of very low expression.  Peak expression observed at stages throughout embryogenesis, during early larval stages, at stages throughout the pupal period.
N0.HOG0000903	None	None	0.034965034965034975	0.9140933424107598	n	0.2867132867132868	0.36625146058358227	n	beta-Mannosidase (from API summary)	1	3	2	1	5	3	5	4	1	2	4	2	1	1	4	rna-NM_141179.4	FBgn0037215	The gene beta-Mannosidase is referred to in FlyBase by the symbol Dmel\β-Man (CG12582, FBgn0037215). It is a protein_coding_gene from Dmel. It has 5 annotated transcripts and 5 polypeptides (3 unique). Gene sequence location is 3R:4197206..4204572. Its molecular function is described by: beta-mannosidase activity. It is involved in the biological process described with: glycoprotein catabolic process. 10 alleles are reported. No phenotypic data is available. The phenotypic class of alleles includes: viable. Summary of modENCODE Temporal Expression Profile:  Temporal profile ranges from a peak of moderately high expression to a trough of moderate expression.  Peak expression observed within 00-06 hour embryonic stages, at stages throughout the larval period, at stages throughout the pupal period, in stages of adults of both sexes.
N0.HOG0000904	None	None	0.34965034965034975	0.2652387868927897	n	0.2937062937062937	0.35414764123292175	n	Prophenoloxidase 1 (from API summary)	3	2	3	3	1	2	7	3	1	4	2	1	1	2	6	rna-NM_057464.4	FBgn0283437	The gene Prophenoloxidase 1 is referred to in FlyBase by the symbol Dmel\PPO1 (CG42639, FBgn0283437). It is a protein_coding_gene from Dmel. It has one annotated transcript and one polypeptide. Gene sequence location is 2R:17887220..17889973. Its molecular function is described by: oxidoreductase activity; tyrosinase activity; catechol oxidase activity. It is involved in the biological process described with 8 unique terms, many of which group under: response to stress; response to wounding; wound healing; response to stimulus; defense response. 20 alleles are reported. The phenotypes of these alleles manifest in: anatomical structure; circulatory system; organism; organ system; material anatomical entity. The phenotypic classes of alleles include: increased mortality; phenotype; abnormal wound healing; neoplasia.
N0.HOG0000915	Gene Group 26	glycolysis and early development (and other)	0.5034965034965035	0.09515736659412469	n	0.2937062937062937	0.35414764123292175	n	uncharacterized protein(CG6660)	1	1	1	2	2	3	5	3	2	1	5	2	4	2	4	rna-NM_142847.2	FBgn0039030	This gene is referred to in FlyBase by the symbol Dmel\CG6660 (FBgn0039030). It is a protein_coding_gene from Dmel. It has one annotated transcript and one polypeptide. Gene sequence location is 3R:22923352..22924525. Its molecular function is described by: fatty acid elongase activity. It is involved in the biological process described with: very long-chain fatty acid biosynthetic process; sphingolipid biosynthetic process; fatty acid elongation, polyunsaturated fatty acid; fatty acid elongation, monounsaturated fatty acid; fatty acid elongation, saturated fatty acid. 6 alleles are reported. The phenotypes of these alleles manifest in: embryonic/larval tracheal section; embryonic/larval spiracle. The phenotypic classes of alleles include: decreased fecundity; lethal - all die during larval stage; viable; female sterile. Summary of modENCODE Temporal Expression Profile:  Temporal profile ranges from a peak of high expression to a trough of extremely low expression.  Peak expression observed during late larval stages, during early pupal stages, in adult male stages.
N0.HOG0000916	Gene Group 26	glycolysis and early development (and other)	0.014502275676240748	0.9643208120702008	n	-0.03625568919060187	0.9109332051797949	n	uncharacterized protein(CG8112)	1	4	5	2	1	2	11	2	1	1	1	1	1	1	10	rna-NM_169235.4	FBgn0037612	This gene is referred to in FlyBase by the symbol Dmel\CG8112 (FBgn0037612). It is a protein_coding_gene from Dmel. It has 3 annotated transcripts and 3 polypeptides (all unique). Gene sequence location is 3R:8712933..8715263. Its molecular function is described by: O-acyltransferase activity; cholesterol O-acyltransferase activity. It is involved in the biological process described with: cholesterol homeostasis; cholesterol metabolic process. 6 alleles are reported. No phenotypic data is available. The phenotypic class of alleles includes: viable. Summary of modENCODE Temporal Expression Profile:  Temporal profile ranges from a peak of high expression to a trough of low expression.  Peak expression observed during late larval stages, during early pupal stages.
N0.HOG0000921	None	None	0.3993000869528574	0.19847601803143652	n	0.10507897025075195	0.7451766219125175	n	Terminal ADP-ribose protein glycohydrolase 2 (from API summary)	3	2	7	5	1	1	4	3	1	1	3	2	1	1	6	rna-NM_176378.2	FBgn0053056	The gene Terminal ADP-ribose protein glycohydrolase 2 is referred to in FlyBase by the symbol Dmel\Targ2 (CG33056, FBgn0053056). It is a protein_coding_gene from Dmel. It has 5 annotated transcripts and 5 polypeptides (2 unique). Gene sequence location is 3L:21198261..21203232. Its molecular function is described by: ADP-ribosyl-[dinitrogen reductase] hydrolase activity; ADP-ribosylglutamate hydrolase activity; purine nucleoside binding. It is involved in the biological process described with: purine nucleoside metabolic process; DNA damage response. 7 alleles are reported. The phenotype of these alleles manifest in: trichogen cell. The phenotypic classes of alleles include: viable; visible. Summary of modENCODE Temporal Expression Profile:  Temporal profile ranges from a peak of high expression to a trough of very low expression.  Peak expression observed at stages throughout the pupal period.
N0.HOG0000926	None	None	0.09965990612387024	0.7579621900716275	n	0.1850826828014733	0.564695617691054	n	Ubiquilin (from API summary)	1	2	1	1	2	2	2	2	1	1	3	2	12	2	11	rna-NM_001298528.1	FBgn0031057	The gene Ubiquilin is referred to in FlyBase by the symbol Dmel\Ubqn (CG14224, FBgn0031057). It is a protein_coding_gene from Dmel. It has 2 annotated transcripts and 2 polypeptides (1 unique). Gene sequence location is X:19683808..19687658. Its molecular function is described by: proteasome binding; polyubiquitin modification-dependent protein binding. It is involved in the biological process described with: ubiquitin-dependent protein catabolic process; amyloid precursor protein metabolic process. 24 alleles are reported. The phenotypes of these alleles manifest in: egg; endoplasmic reticulum; eo sensory organ accessory cell; amphisome; mitochondrion. The phenotypic classes of alleles include: increased mortality during development; abnormal memory; abnormal mating behavior; phenotype. Summary of modENCODE Temporal Expression Profile:  Temporal profile ranges from a peak of very high expression to a trough of moderately high expression.  Peak expression observed within 00-06 hour embryonic stages.
N0.HOG0000931	None	None	0.05800910270496299	0.8578817998209817	n	0.07976251621932409	0.805365010461281	n	rigor mortis (from API summary)	1	1	1	1	1	1	1	1	1	1	2	1	20	1	19	rna-NM_137655.3	FBgn0250850	The gene rigor mortis is referred to in FlyBase by the symbol Dmel\rig (CG30149, FBgn0250850). It is a protein_coding_gene from Dmel. It has one annotated transcript and one polypeptide. Gene sequence location is 2R:20633876..20640681. Its molecular function is described by: protein binding; mRNA 3'-UTR binding. It is involved in the biological process described with: molting cycle, chitin-based cuticle; spliceosomal snRNP assembly; adult locomotory behavior; flight behavior; response to ecdysone. 16 alleles are reported. The phenotypes of these alleles manifest in: wing; epithelium; larval muscle system; mouth hook; egg chamber. The phenotypic classes of alleles include: phenotype; increased mortality during development; viable; increased mortality. Summary of modENCODE Temporal Expression Profile:  Temporal profile ranges from a peak of high expression to a trough of low expression.  Peak expression observed within 00-06 hour embryonic stages.
N0.HOG0000933	None	None	0.31468531468531474	0.31913878550330455	n	0.1958041958041958	0.5419358857313175	n	katanin 80 (from API summary)	1	1	1	1	1	2	4	2	1	1	2	1	2	1	3	rna-NM_078639.3	FBgn0040207	The gene katanin 80 is referred to in FlyBase by the symbol Dmel\kat80 (CG13956, FBgn0040207). It is a protein_coding_gene from Dmel. It has 3 annotated transcripts and 3 polypeptides (2 unique). Gene sequence location is X:16267007..16276180. Its molecular function is described by: microtubule binding. It is involved in the biological process described with: dorsal appendage formation; microtubule depolymerization; microtubule severing. 19 alleles are reported. The phenotypes of these alleles manifest in: mesonotum; dorsal appendage. The phenotypic classes of alleles include: abnormal body color; viable; lethal - all die during P-stage; short lived; abnormal planar polarity. Summary of modENCODE Temporal Expression Profile:  Temporal profile ranges from a peak of moderately high expression to a trough of low expression.  Peak expression observed within 00-18 hour embryonic stages, in adult female stages.
N0.HOG0000940	None	None	0.10563642228059983	0.7438646724028309	n	0.1619758474969197	0.615006487406935	n	Carbonic anhydrase-related protein B (from API summary)	1	1	1	1	1	1	1	1	3	3	1	1	1	4	3	rna-NM_001298132.1	FBgn0052698	The gene Carbonic anhydrase-related protein B is referred to in FlyBase by the symbol Dmel\CARPB (CG32698, FBgn0052698). It is a protein_coding_gene from Dmel. It has 4 annotated transcripts and 4 polypeptides (1 unique). Gene sequence location is X:9783223..9855449. Its molecular function is described by: carbonate dehydratase activity; hydro-lyase activity; zinc ion binding. The biological processes in which it is involved are not known. 16 alleles are reported. The phenotypes of these alleles manifest in: sarcomere; Z disc. The phenotypic classes of alleles include: abnormal pain response; lethal; some die during embryonic stage; partially lethal; viable; fertile. Summary of modENCODE Temporal Expression Profile:  Temporal profile ranges from a peak of moderately high expression to a trough of extremely low expression.  Peak expression observed during late larval stages, at stages throughout the pupal period.
N0.HOG0000941	None	None	0.5359027482788349	0.07250748303033829	n	0.4903685278368424	0.10554805393017484	n	Eag-like K[+] channel (from API summary)	1	2	1	4	3	1	1	1	2	3	6	1	5	3	5	rna-NM_057661.3	FBgn0011589	The gene Eag-like K[+] channel is referred to in FlyBase by the symbol Dmel\Elk (CG5076, FBgn0011589). It is a protein_coding_gene from Dmel. It has 2 annotated transcripts and 2 polypeptides (all unique). Gene sequence location is 2R:17873939..17926695. Its molecular function is described by: monoatomic ion channel activity; voltage-gated potassium channel activity; voltage-gated monoatomic cation channel activity. It is involved in the biological process described with: transmembrane transport; monoatomic ion transport; regulation of membrane potential; potassium ion transmembrane transport; potassium ion transport. 16 alleles are reported. No phenotypic data is available. The phenotypic classes of alleles include: viable; partially lethal - majority die; some die during pupal stage. Summary of modENCODE Temporal Expression Profile:  Temporal profile ranges from a peak of low expression to a trough of extremely low expression.  Peak expression observed within 12-24 hour embryonic stages, at stages throughout the larval period, at stages throughout the pupal period, in adult male stages.
N0.HOG0000950	Gene Group 2	protein breakdown (proteolysis)	-0.05800910270496299	0.8578817998209817	n	0.15952503243864818	0.6204381188090293	n	uncharacterized protein(CG11912)	6	6	1	1	1	2	2	2	5	10	1	1	1	1	9	rna-NM_134673.4	FBgn0031248	This gene is referred to in FlyBase by the symbol Dmel\CG11912 (FBgn0031248). It is a protein_coding_gene from Dmel. It has one annotated transcript and one polypeptide. Gene sequence location is 2L:318362..319259. Its molecular function is described by: serine-type endopeptidase activity; serine hydrolase activity. It is involved in the biological process described with: proteolysis. 8 alleles are reported. No phenotypic data is available. The phenotypic class of alleles includes: viable. Summary of modENCODE Temporal Expression Profile:  Temporal profile ranges from a peak of extremely high expression to a trough of no expression detected.  Peak expression observed during late larval stages.
N0.HOG0000960	Gene Group 26	glycolysis and early development (and other)	0.37762237762237766	0.22620604493502663	n	0.35664335664335667	0.25513775175895725	n	Acid phosphatase 1(Acph-1)	1	1	2	3	1	1	1	2	2	2	7	3	3	4	6	rna-NM_170453.2	FBgn0000032	The gene Acid phosphatase 1 is referred to in FlyBase by the symbol Dmel\Acph-1 (CG7899, FBgn0000032). It is a protein_coding_gene from Dmel. It has 2 annotated transcripts and 2 polypeptides (all unique). Gene sequence location is 3R:29991144..29993411. Its molecular function is described by: phosphatase activity; acid phosphatase activity. The biological processes in which it is involved are not known. 33 alleles are reported. No phenotypic data is available. The phenotypic classes of alleles include: viable; fertile; electrophoretic variant. Summary of modENCODE Temporal Expression Profile:  Temporal profile ranges from a peak of high expression to a trough of moderate expression.  Peak expression observed within 00-06 hour embryonic stages.
N0.HOG0000985	None	None	-0.2101579405015039	0.512085328993753	n	-0.05954474980875943	0.8541546246233473	n	gamma-glutamyl transpeptidase (from API summary)	2	3	3	2	2	2	5	3	1	1	1	4	1	3	4	rna-NM_133075.3	FBgn0030932	The gene gamma-glutamyl transpeptidase is referred to in FlyBase by the symbol Dmel\Ggt-1 (CG6461, FBgn0030932). It is a protein_coding_gene from Dmel. It has 2 annotated transcripts and 2 polypeptides (1 unique). Gene sequence location is X:18505883..18512521. Its molecular function is described by: glutathione hydrolase activity. It is involved in the biological process described with: glutathione catabolic process; response to light stimulus; insemination; glutathione metabolic process. 21 alleles are reported. The phenotype of these alleles manifest in: eye. The phenotypic classes of alleles include: abnormal behavior; partially lethal - majority die; viable; abnormal size; visible. Summary of modENCODE Temporal Expression Profile:  Temporal profile ranges from a peak of very high expression to a trough of low expression.  Peak expression observed within 00-06 hour embryonic stages, in adult female stages.
N0.HOG0000991	None	None	-0.14360792600936098	0.6561292074448725	n	-0.37828429290270704	0.2253267533928671	n	None	2	6	9	1	2	4	3	3	1	1	1	1	1	1	8	rna-NM_001258689.1	FBgn0030271	This gene is referred to in FlyBase by the symbol Dmel\CG15202 (FBgn0030271). It is a protein_coding_gene from Dmel. It has 2 annotated transcripts and 2 polypeptides (1 unique). Gene sequence location is X:11142541..11143755. Its molecular function is unknown. The biological processes in which it is involved are not known. 5 alleles are reported. No phenotypic data is available. The phenotypic class of alleles includes: viable. Summary of modENCODE Temporal Expression Profile:  Temporal profile ranges from a peak of very high expression to a trough of very low expression.  Peak expression observed during early pupal stages.
N0.HOG0001028	Gene Group 26	glycolysis and early development (and other)	-0.10507897025075195	0.7451766219125175	n	0.3187395430939476	0.31260167621841195	n	uncharacterized protein(CG30037)	3	1	1	1	7	3	5	4	1	1	2	1	1	2	6	rna-NM_165859.4	FBgn0050037	This gene is referred to in FlyBase by the symbol Dmel\CG30037 (FBgn0050037). It is a protein_coding_gene from Dmel. It has one annotated transcript and one polypeptide. Gene sequence location is 2R:11979094..11980538. Its molecular function is described by: N-acetyl-beta-D-glucosaminide beta-(1,3)-galactosyltransferase activity; glycosyltransferase activity; hexosyltransferase activity. It is involved in the biological process described with: protein O-linked glycosylation. 4 alleles are reported. No phenotypic data is available. The phenotypic class of alleles includes: viable. Summary of modENCODE Temporal Expression Profile:  Temporal profile ranges from a peak of moderate expression to a trough of no expression detected.  Peak expression observed at stages throughout the pupal period, in adult male stages.
N0.HOG0001030	Gene Group 1	Cytochrome P450	-0.2797202797202798	0.37856866966230307	n	-0.02097902097902098	0.9484022252365223	n	uncharacterized protein(CG13078)	2	3	1	1	4	3	3	6	3	3	2	1	1	1	5	rna-NM_136145.3	FBgn0032809	The gene Ferric iron reductase is referred to in FlyBase by the symbol Dmel\Fire (CG13078, FBgn0032809). It is a protein_coding_gene from Dmel. It has one annotated transcript and one polypeptide. Gene sequence location is 2L:19563930..19565158. Its molecular function is described by: transmembrane monodehydroascorbate reductase activity; transmembrane ascorbate ferrireductase activity. It is involved in the biological process described with: iron ion import across plasma membrane. 8 alleles are reported. No phenotypic data is available. The phenotypic class of alleles includes: viable. Summary of modENCODE Temporal Expression Profile:  Temporal profile ranges from a peak of low expression to a trough of no expression detected.  Peak expression observed during late larval stages.
N0.HOG0001034	None	None	0.1258741258741259	0.6966831093957659	n	0.22377622377622378	0.48445166145539886	n	Deoxyuridine triphosphatase (from API summary)	1	3	1	1	1	1	2	1	1	1	1	1	14	4	13	rna-NM_135635.4	FBgn0250837	The gene Deoxyuridine triphosphatase is referred to in FlyBase by the symbol Dmel\dUTPase (CG4584, FBgn0250837). It is a protein_coding_gene from Dmel. It has 4 annotated transcripts and 4 polypeptides (2 unique). Gene sequence location is 2L:11011312..11012135. Its molecular function is described by: dUTP diphosphatase activity; magnesium ion binding. It is involved in the biological process described with: dUMP biosynthetic process; dUTP catabolic process; dUTP metabolic process. 9 alleles are reported. The phenotype of these alleles manifest in: trichogen cell. The phenotypic classes of alleles include: abnormal pain response; viable; visible. Summary of modENCODE Temporal Expression Profile:  Temporal profile ranges from a peak of very high expression to a trough of moderate expression.  Peak expression observed within 00-18 hour embryonic stages, in adult female stages.
N0.HOG0001036	Gene Group 13	molting and development	0.5148307865065466	0.08675862003895493	n	0.34080347839165753	0.27834367571270824	n	uncharacterized protein(CG9512)	3	9	6	5	1	1	1	1	1	1	2	1	2	1	8	rna-NM_001298324.1	FBgn0030593	This gene is referred to in FlyBase by the symbol Dmel\CG9512 (FBgn0030593). It is a protein_coding_gene from Dmel. It has 2 annotated transcripts and 2 polypeptides (1 unique). Gene sequence location is X:14901844..14905549. Its molecular function is described by: flavin adenine dinucleotide binding; oxidoreductase activity, acting on CH-OH group of donors; oxidoreductase activity. It is involved in the biological process described with: ecdysteroid metabolic process. 5 alleles are reported. No phenotypic data is available. The phenotypic class of alleles includes: viable. Summary of modENCODE Temporal Expression Profile:  Temporal profile ranges from a peak of very high expression to a trough of very low expression.  Peak expression observed within 18-24 hour embryonic stages, during early larval stages, in stages of adults of both sexes.
N0.HOG0001037	None	None	0.013986013986013986	0.9655902689187795	n	0.0979020979020979	0.762121655996299	n	Tryptophanyl-tRNA synthetase, mitochondrial (from API summary)	1	2	1	1	2	1	5	1	1	1	1	1	10	5	9	rna-NM_140761.3	FBgn0036763	The gene Tryptophanyl-tRNA synthetase, mitochondrial is referred to in FlyBase by the symbol Dmel\TrpRS-m (CG7441, FBgn0036763). It is a protein_coding_gene from Dmel. It has 2 annotated transcripts and 2 polypeptides (1 unique). Gene sequence location is 3L:17849727..17852453. Its molecular function is described by: nucleotide binding; tryptophan-tRNA ligase activity; ATP binding; aminoacyl-tRNA ligase activity. It is involved in the biological process described with: tryptophanyl-tRNA aminoacylation; tRNA aminoacylation for protein translation; mitochondrial tryptophanyl-tRNA aminoacylation. 4 alleles are reported. The phenotypes of these alleles manifest in: mitochondrion; mesonotum; prothoracic gland. The phenotypic classes of alleles include: visible; fertile; partially lethal - majority die; viable; lethal - all die during P-stage; some die during pupal stage. Summary of modENCODE Temporal Expression Profile:  Temporal profile ranges from a peak of very high expression to a trough of low expression.  Peak expression observed in adult male stages.
N0.HOG0001040	Gene Group 26	glycolysis and early development (and other)	0.29578198238567943	0.3505963593981538	n	0.25352741347343954	0.42655566586092764	n	uncharacterized protein(CG6867)	1	8	7	2	1	1	1	1	1	2	1	1	4	1	7	rna-NM_133034.6	FBgn0030887	This gene is referred to in FlyBase by the symbol Dmel\CG6867 (FBgn0030887). It is a protein_coding_gene from Dmel. It has one annotated transcript and one polypeptide. Gene sequence location is X:18023870..18028261. Its molecular function is unknown. It is involved in the biological process described with: signal transduction; motor neuron axon guidance; synaptic target inhibition. 4 alleles are reported. No phenotypic data is available. The phenotypic classes of alleles include: viable; lethal. Summary of modENCODE Temporal Expression Profile:  Temporal profile ranges from a peak of moderately high expression to a trough of extremely low expression.  Peak expression observed within 12-18 embryonic stages.
N0.HOG0001054	None	None	-0.21678321678321683	0.49855598552418856	n	-0.2517482517482518	0.42991878503288405	n	Alanine-glyoxylate aminotransferase (from API summary)	1	2	3	1	2	3	5	6	1	3	1	1	2	1	5	rna-NM_078507.2	FBgn0014031	The gene Alanine-glyoxylate aminotransferase is referred to in FlyBase by the symbol Dmel\Agxt (CG3926, FBgn0014031). It is a protein_coding_gene from Dmel. It has one annotated transcript and one polypeptide. Gene sequence location is X:6528948..6530726. Its molecular function is described by: L-serine-pyruvate transaminase activity; alanine-glyoxylate transaminase activity. It is involved in the biological process described with: glyoxylate catabolic process; glycine biosynthetic process, by transamination of glyoxylate. 6 alleles are reported. No phenotypic data is available. The phenotypic class of alleles includes: viable. Summary of modENCODE Temporal Expression Profile:  Temporal profile ranges from a peak of very high expression to a trough of very low expression.  Peak expression observed during early pupal stages.
N0.HOG0001065	Gene Group 26	glycolysis and early development (and other)	0.4895104895104896	0.106252371759346	n	0.5314685314685316	0.07536233505348364	n	Myosin-7a binding protein(M7BP)	1	2	2	1	2	1	2	1	1	2	7	1	6	2	6	rna-NM_001259255.1	FBgn0263077	The gene Myosin-7a binding protein is referred to in FlyBase by the symbol Dmel\M7BP (CG43340, FBgn0263077). It is a protein_coding_gene from Dmel. It has 15 annotated transcripts and 15 polypeptides (11 unique). Gene sequence location is 2R:7623242..7651787. Its molecular function is described by: myosin binding; ATPase activator activity. It is involved in the biological process described with: filopodium assembly. 16 alleles are reported. No phenotypic data is available. The phenotypic class of alleles includes: viable.
N0.HOG0001066	None	None	-0.12676370673671977	0.6946303258690809	n	-0.06338185336835989	0.844853681587023	n	None	2	2	8	1	3	1	3	3	1	1	1	1	2	2	7	rna-NM_134824.4	FBgn0031412	This gene is referred to in FlyBase by the symbol Dmel\CG16995 (FBgn0031412). It is a protein_coding_gene from Dmel. It has one annotated transcript and one polypeptide. Gene sequence location is 2L:2307948..2308872. Its molecular function is described by: . It is involved in the biological process described with: mating. 5 alleles are reported. No phenotypic data is available. The phenotypic class of alleles includes: viable. Summary of modENCODE Temporal Expression Profile:  Temporal profile ranges from a peak of moderately high expression to a trough of no expression detected.  Peak expression observed during late larval stages, during early pupal stages.
N0.HOG0001072	None	None	-0.1377716189242871	0.6693880133068077	n	-0.17402730811488895	0.5885588956076864	n	None	2	1	2	1	2	3	9	5	1	1	1	1	1	1	8	rna-NM_001370002.1	FBgn0051664	This gene is referred to in FlyBase by the symbol Dmel\CG31664 (FBgn0051664). It is a protein_coding_gene from Dmel. It has 2 annotated transcripts and 2 polypeptides (all unique). Gene sequence location is 2L:1824172..1826500. Its molecular function is unknown. The biological processes in which it is involved are not known. 5 alleles are reported. No phenotypic data is available. The phenotypic class of alleles includes: viable. Summary of modENCODE Temporal Expression Profile:  Temporal profile ranges from a peak of moderate expression to a trough of no expression detected.  Peak expression observed within 18-24 hour embryonic stages, during early larval stages, in adult female stages.
N0.HOG0001077	Gene Group 1	Cytochrome P450	0.24653868649609267	0.43984026997998227	n	0.26829210001045384	0.3991505469046428	n	Cytochrome P450 303a1(Cyp303a1)	1	1	9	1	2	1	1	1	1	1	6	2	2	2	8	rna-NM_001299048.1	FBgn0001992	The gene Cytochrome P450 303a1 is referred to in FlyBase by the symbol Dmel\Cyp303a1 (CG4163, FBgn0001992). It is a protein_coding_gene from Dmel. It has 2 annotated transcripts and 2 polypeptides (1 unique). Gene sequence location is 2L:16294183..16296969. Its molecular function is described by: heme binding; oxidoreductase activity, acting on paired donors, with incorporation or reduction of molecular oxygen; monooxygenase activity; iron ion binding. It is involved in the biological process described with: sensory organ development. 17 alleles are reported. The phenotypes of these alleles manifest in: wing; tormogen cell; embryonic dorsal vessel; macrochaeta; trichogen cell. The phenotypic classes of alleles include: lethal; increased mortality; phenotype; abnormal locomotor behavior. Summary of modENCODE Temporal Expression Profile:  Temporal profile ranges from a peak of moderately high expression to a trough of extremely low expression.  Peak expression observed during late pupal stages.
N0.HOG0001088	None	None	0.2377622377622378	0.4568008526399232	n	0.3076923076923077	0.3305892594121097	n	Cleavage and polyadenylation specificity factor 73 (from API summary)	1	3	1	1	2	2	6	2	1	2	2	2	4	2	5	rna-NM_142481.3	FBgn0261065	The gene Cleavage and polyadenylation specificity factor 73 is referred to in FlyBase by the symbol Dmel\Cpsf73 (CG7698, FBgn0261065). It is a protein_coding_gene from Dmel. It has one annotated transcript and one polypeptide. Gene sequence location is 3R:18661121..18663552. Its molecular function is described by: RNA binding; 5'-3' RNA exonuclease activity; RNA endonuclease activity; protein binding. It is involved in the biological process described with: mRNA 3'-end processing by stem-loop binding and cleavage; co-transcriptional mRNA 3'-end processing, cleavage and polyadenylation pathway. 5 alleles are reported. The phenotypes of these alleles manifest in: ganglion mother cell; autophagosome; embryonic/larval fat body; larval neuroblast. The phenotypic classes of alleles include: increased mortality; increased mortality during development; phenotype; lethal. Summary of modENCODE Temporal Expression Profile:  Temporal profile ranges from a peak of moderately high expression to a trough of low expression.  Peak expression observed within 00-12 hour embryonic stages, in adult female stages.
N0.HOG0001091	None	None	-0.2610409621723334	0.41249631869094106	n	0.0	1.0	n	Thioredoxin 2 (from API summary)	1	1	1	1	1	1	1	1	1	1	2	7	4	8	7	rna-NM_164863.3	FBgn0040070	The gene Thioredoxin 2 is referred to in FlyBase by the symbol Dmel\Trx2 (CG31884, FBgn0040070). It is a protein_coding_gene from Dmel. It has 2 annotated transcripts and 2 polypeptides (1 unique). Gene sequence location is 2L:9613166..9616404. Its molecular function is described by: protein-disulfide reductase activity; disulfide oxidoreductase activity; glutathione disulfide oxidoreductase activity. It is involved in the biological process described with: response to oxidative stress; cell redox homeostasis; determination of adult lifespan. 44 alleles are reported. The phenotype of these alleles manifest in: embryonic/larval crystal cell. The phenotypic classes of alleles include: abnormal locomotor behavior; abnormal oxidative stress response; phenotype; fertile. Summary of modENCODE Temporal Expression Profile:  Temporal profile ranges from a peak of very high expression to a trough of moderate expression.  Peak expression observed at stages throughout embryogenesis, at stages throughout the larval period, at stages throughout the pupal period, in stages of adults of both sexes.
N0.HOG0001094	Gene Group 26	glycolysis and early development (and other)	0.27272727272727276	0.3910967709418962	n	0.17482517482517487	0.5868236643627043	n	uncharacterized protein(CG5167)	2	4	2	3	1	3	7	2	1	1	1	1	2	1	6	rna-NM_141933.2	FBgn0038038	This gene is referred to in FlyBase by the symbol Dmel\CG5167 (FBgn0038038). It is a protein_coding_gene from Dmel. It has one annotated transcript and one polypeptide. Gene sequence location is 3R:12406532..12408107. Its molecular function is unknown. It is involved in the biological process described with: glycolipid biosynthetic process. 8 alleles are reported. No phenotypic data is available. The phenotypic class of alleles includes: viable. Summary of modENCODE Temporal Expression Profile:  Temporal profile ranges from a peak of high expression to a trough of moderate expression.  Peak expression observed at stages throughout the larval period, in stages of adults of both sexes.
N0.HOG0001097	Gene Group 26	glycolysis and early development (and other)	0.1996500434764287	0.5338670484331346	n	0.3817869252443987	0.22070801550440275	n	golden goal(gogo)	1	2	2	1	1	2	1	1	6	2	4	2	2	4	5	rna-NM_140943.3	FBgn0052227	The gene golden goal is referred to in FlyBase by the symbol Dmel\gogo (CG32227, FBgn0052227). It is a protein_coding_gene from Dmel. It has one annotated transcript and one polypeptide. Gene sequence location is 3L:20268859..20295133. Its molecular function is unknown. It is involved in the biological process described with: retinal ganglion cell axon guidance; photoreceptor cell axon guidance; axon guidance. 56 alleles are reported. The phenotypes of these alleles manifest in: epithelium; NB5-6 lineage neuron; segmental subdivision of integument; tagmatic subdivision of integument; multidendritic neuron. The phenotypic classes of alleles include: viable; partially lethal - majority die; visible; some die during pupal stage; abnormal pain response; abnormal neuroanatomy. Summary of modENCODE Temporal Expression Profile:  Temporal profile ranges from a peak of moderate expression to a trough of very low expression.  Peak expression observed within 06-24 hour embryonic stages, during early pupal stages.
N0.HOG0001098	None	None	0.41331061631962435	0.1817214774016019	n	0.48686589549515064	0.10844282195191488	n	Sulfotransferase 4 (from API summary)	1	3	1	7	4	1	3	1	1	1	3	2	2	2	6	rna-NM_001299469.1	FBgn0033887	The gene Sulfotransferase 4 is referred to in FlyBase by the symbol Dmel\St4 (CG6704, FBgn0033887). It is a protein_coding_gene from Dmel. It has 2 annotated transcripts and 2 polypeptides (1 unique). Gene sequence location is 2R:13969910..13971263. Its molecular function is described by: sulfotransferase activity. It is involved in the biological process described with: sulfation; xenobiotic metabolic process. 6 alleles are reported. No phenotypic data is available. The phenotypic class of alleles includes: viable. Summary of modENCODE Temporal Expression Profile:  Temporal profile ranges from a peak of moderately high expression to a trough of extremely low expression.  Peak expression observed within 12-18 embryonic stages, during late pupal stages, in adult female stages.
N0.HOG0001099	None	None	0.3844024950492138	0.21729649021825165	n	0.38796177741078064	0.21270554169981246	n	None	1	1	1	1	1	1	1	1	1	6	4	3	5	4	5	rna-NM_141151.3	FBgn0037181	This gene is referred to in FlyBase by the symbol Dmel\CG11370 (FBgn0037181). It is a protein_coding_gene from Dmel. It has 2 annotated transcripts and 2 polypeptides (all unique). Gene sequence location is 3L:22712155..22713660. Its molecular function is unknown. The biological processes in which it is involved are not known. 3 alleles are reported. No phenotypic data is available. The phenotypic classes of alleles include: viable; fertile. Summary of modENCODE Temporal Expression Profile:  Temporal profile ranges from a peak of extremely high expression to a trough of extremely low expression.  Peak expression observed during early larval stages.
N0.HOG0001100	Gene Group 26	glycolysis and early development (and other)	-0.18881118881118883	0.5567370561768314	n	-0.055944055944055944	0.8628980736949712	n	Ionotropic receptor 92a(Ir92a)	2	2	1	1	4	2	1	2	2	2	2	2	6	2	5	rna-NM_001104375.2	FBgn0038789	The gene Ionotropic receptor 92a is referred to in FlyBase by the symbol Dmel\Ir92a (CG15685, FBgn0038789). It is a protein_coding_gene from Dmel. It has one annotated transcript and one polypeptide. Gene sequence location is 3R:20338973..20343902. Its molecular function is described by: extracellular ammonia-gated monoatomic ion channel activity; olfactory receptor activity. It is involved in the biological process described with: positive regulation of calcium-mediated signaling; detection of chemical stimulus involved in sensory perception of smell; cellular response to amine stimulus; cellular response to ammonium ion. 11 alleles are reported. The phenotype of these alleles manifest in: coeloconic sensillum of antennal segment 3. The phenotypic classes of alleles include: viable; abnormal smell perception. Summary of modENCODE Temporal Expression Profile:  Temporal profile ranges from a peak of very low expression to a trough of no expression detected.  Peak expression observed within 06-18 hour embryonic stages.
N0.HOG0001108	Gene Group 24	Cuticular protein	0.07042428152039987	0.827831199192635	n	-0.07042428152039987	0.827831199192635	n	Cuticular protein 65Ea(Cpr65Ea)	1	2	11	1	1	2	2	1	2	4	1	1	1	1	10	rna-NM_139818.3	FBgn0035735	The gene Cuticular protein 65Ea is referred to in FlyBase by the symbol Dmel\Cpr65Ea (CG8640, FBgn0035735). It is a protein_coding_gene from Dmel. It has one annotated transcript and one polypeptide. Gene sequence location is 3L:7086003..7086608. Its molecular function is described by: structural constituent of chitin-based larval cuticle. It is involved in the biological process described with: chitin-based cuticle development. 2 alleles are reported. No phenotypic data is available. The phenotypic class of alleles includes: viable. Summary of modENCODE Temporal Expression Profile:  Temporal profile ranges from a peak of extremely high expression to a trough of no expression detected.  Peak expression observed within 12-24 hour embryonic stages.
N0.HOG0001112	Gene Group 26,Gene Group 30	glycolysis and early development (and other),pheromone sensing	-0.10489510489510491	0.7456094809807079	n	-0.17482517482517487	0.5868236643627043	n	methuselah-like 15(mthl15)	1	2	1	3	2	1	2	6	1	4	3	2	2	1	5	rna-NM_164897.3	FBgn0051720	The gene methuselah-like 15 is referred to in FlyBase by the symbol Dmel\mthl15 (CG31720, FBgn0051720). It is a protein_coding_gene from Dmel. It has 2 annotated transcripts and 2 polypeptides (all unique). Gene sequence location is 2L:10234585..10238317. Its molecular function is described by: G protein-coupled peptide receptor activity; G protein-coupled receptor activity; transmembrane signaling receptor activity. It is involved in the biological process described with: cell surface receptor signaling pathway; G protein-coupled receptor signaling pathway. 10 alleles are reported. No phenotypic data is available. No phenotypic class data is available. Summary of modENCODE Temporal Expression Profile:  Temporal profile ranges from a peak of low expression to a trough of extremely low expression.  Peak expression observed within 06-24 hour embryonic stages, at stages throughout the larval period, during early pupal stages, in adult male stages.
N0.HOG0001114	None	None	0.3916083916083916	0.2080634636953532	n	0.11188811188811189	0.729194990751066	n	dumpy (from API summary)	1	1	3	3	1	1	1	2	1	3	6	4	2	2	5	rna-NM_001273103.1	FBgn0053196	The gene dumpy is referred to in FlyBase by the symbol Dmel\dpy (CG33196, FBgn0053196). It is a protein_coding_gene from Dmel. It has 16 annotated transcripts and 16 polypeptides (all unique). Gene sequence location is 2L:4477462..4614300. Its molecular function is described by: calcium ion binding; zinc ion binding; extracellular matrix structural constituent. It is involved in the biological process described with: regulation of imaginal disc-derived wing size; open tracheal system development; chitin-based cuticle attachment to epithelium; apposition of dorsal and ventral imaginal disc-derived wing surfaces; chitin-based embryonic cuticle biosynthetic process. 335 alleles are reported. The phenotypes of these alleles manifest in: adult mesothoracic sensillum; adult head; apical part of cell; capitellum; pupal cuticle. The phenotypic classes of alleles include: modifier of variegation; phenotype; abnormal size; increased mortality during development. Summary of modENCODE Temporal Expression Profile:  Temporal profile ranges from a peak of moderate expression to a trough of extremely low expression.  Peak expression observed within 06-24 hour embryonic stages, at stages throughout the larval period, at stages throughout the pupal period, in stages of adults of both sexes.
N0.HOG0001127	None	None	0.2183152727132396	0.49545035953231165	n	0.2253577008652796	0.4812874129466269	n	arc (from API summary)	1	2	2	2	2	2	8	2	1	2	3	1	1	1	7	rna-NM_166514.2	FBgn0000008	The gene arc is referred to in FlyBase by the symbol Dmel\a (CG6741, FBgn0000008). It is a protein_coding_gene from Dmel. It has 4 annotated transcripts and 4 polypeptides (2 unique). Gene sequence location is 2R:22136968..22172834. Its molecular function is described by: . It is involved in the biological process described with: compound eye development. 51 alleles are reported. The phenotypes of these alleles manifest in: eo-type sensillum; mechanosensory chaeta; retina; adult thoracic mechanosensory chaeta; adult thoracic sensillum. The phenotypic classes of alleles include: increased mortality; phenotype; increased mortality during development; lethal. Summary of modENCODE Temporal Expression Profile:  Temporal profile ranges from a peak of moderately high expression to a trough of low expression.  Peak expression observed within 00-18 hour embryonic stages, at stages throughout the pupal period.
N0.HOG0001134	None	None	0.4125874125874127	0.18256397857316675	n	0.21678321678321683	0.49855598552418856	n	Molecule interacting with CasL (from API summary)	1	2	4	1	2	2	1	1	2	1	4	1	6	2	5	rna-NM_001260086.3	FBgn0053208	The gene Molecule interacting with CasL is referred to in FlyBase by the symbol Dmel\Mical (CG33208, FBgn0053208). It is a protein_coding_gene from Dmel. It has 14 annotated transcripts and 14 polypeptides (11 unique). Gene sequence location is 3R:10001554..10042895. Its molecular function is described by: FAD binding; actin binding; F-actin monooxygenase activity. It is involved in the biological process described with 9 unique terms, many of which group under: actin filament organization; organelle organization; membraneless organelle assembly; regulation of cellular process; actin filament depolymerization. 57 alleles are reported. The phenotypes of these alleles manifest in: external sensillum; cytoplasm; larval muscle system; central nervous system; actin filament. The phenotypic classes of alleles include: partially lethal; increased mortality during development; phenotype; increased mortality. Summary of modENCODE Temporal Expression Profile:  Temporal profile ranges from a peak of very high expression to a trough of low expression.  Peak expression observed during early pupal stages.
N0.HOG0001145	Gene Group 36	uncharacterized	0.5664335664335665	0.054842119775407844	n	0.5174825174825175	0.08486877113393493	n	uncharacterized protein(CG15824)	1	2	4	2	1	1	3	1	1	1	9	1	1	2	8	rna-NM_001298626.1	FBgn0031292	This gene is referred to in FlyBase by the symbol Dmel\CG15824 (FBgn0031292). It is a protein_coding_gene from Dmel. It has 2 annotated transcripts and 2 polypeptides (1 unique). Gene sequence location is 2L:877172..885141. Its molecular function is described by: . It is involved in the biological process described with: . 4 alleles are reported. The phenotype of these alleles manifest in: trichogen cell. The phenotypic classes of alleles include: flightless; viable; visible. Summary of modENCODE Temporal Expression Profile:  Temporal profile ranges from a peak of moderately high expression to a trough of no expression detected.  Peak expression observed in adult male stages.
N0.HOG0001167	Gene Group 2	protein breakdown (proteolysis)	-0.07746670967243986	0.81087645719889	n	-0.08450913782447984	0.7939959959092632	n	uncharacterized protein(CG16998)	1	1	2	10	1	1	1	1	3	1	2	4	1	5	9	rna-NM_139877.1	FBgn0035795	This gene is referred to in FlyBase by the symbol Dmel\CG16998 (FBgn0035795). It is a protein_coding_gene from Dmel. It has one annotated transcript and one polypeptide. Gene sequence location is 3L:7539060..7539836. Its molecular function is described by: serine-type endopeptidase activity. It is involved in the biological process described with: proteolysis. 5 alleles are reported. No phenotypic data is available. The phenotypic class of alleles includes: viable. Summary of modENCODE Temporal Expression Profile:  Temporal profile ranges from a peak of low expression to a trough of no expression detected.  Peak expression observed in adult male stages.
N0.HOG0001170	None	None	-0.02097902097902098	0.9484022252365223	n	-0.2027972027972028	0.5273023541661082	n	None	1	2	1	2	1	3	1	3	2	4	3	3	5	1	4	rna-NM_140010.2	FBgn0035941	This gene is referred to in FlyBase by the symbol Dmel\CG13313 (FBgn0035941). It is a protein_coding_gene from Dmel. It has one annotated transcript and one polypeptide. Gene sequence location is 3L:8958857..8960921. Its molecular function is unknown. The biological processes in which it is involved are not known. 2 alleles are reported. No phenotypic data is available. The phenotypic class of alleles includes: viable. Summary of modENCODE Temporal Expression Profile:  Temporal profile ranges from a peak of moderate expression to a trough of extremely low expression.  Peak expression observed in adult male stages.
N0.HOG0001191	None	None	-0.3846153846153847	0.21702022575997748	n	-0.4265734265734266	0.16669998762494495	n	Carbonic anhydrase 7 (from API summary)	1	1	1	4	3	2	9	1	4	1	1	3	1	1	8	rna-NM_001300338.1	FBgn0037788	The gene Carbonic anhydrase 7 is referred to in FlyBase by the symbol Dmel\CAH7 (CG3940, FBgn0037788). It is a protein_coding_gene from Dmel. It has 3 annotated transcripts and 3 polypeptides (1 unique). Gene sequence location is 3R:10112237..10120081. Its molecular function is described by: carbonate dehydratase activity; zinc ion binding. The biological processes in which it is involved are not known. 10 alleles are reported. No phenotypic data is available. The phenotypic classes of alleles include: viable; fertile. Summary of modENCODE Temporal Expression Profile:  Temporal profile ranges from a peak of very high expression to a trough of low expression.  Peak expression observed during early pupal stages.
N0.HOG0001194	Gene Group 15	chitin-related	0.029004551352481495	0.9287016154017113	n	-0.007251137838120374	0.9821566539187246	n	uncharacterized protein(CG13806)	3	5	6	1	2	3	7	3	1	1	1	1	1	1	6	rna-NM_139451.2	FBgn0035325	This gene is referred to in FlyBase by the symbol Dmel\CG13806 (FBgn0035325). It is a protein_coding_gene from Dmel. It has one annotated transcript and one polypeptide. Gene sequence location is 3L:2266394..2267640. Its molecular function is described by: chitin binding. The biological processes in which it is involved are not known. 5 alleles are reported. The phenotype of these alleles manifest in: trichogen cell. The phenotypic classes of alleles include: viable; visible. Summary of modENCODE Temporal Expression Profile:  Temporal profile ranges from a peak of high expression to a trough of very low expression.  Peak expression observed within 12-24 hour embryonic stages.
N0.HOG0001206	Gene Group 22	transcription regulation	0.5384615384615385	0.07089431754922315	n	0.6153846153846154	0.03316990109010587	n	hinge1(hng1)	1	1	5	1	1	1	2	1	1	1	15	1	1	3	14	rna-NM_137714.4	FBgn0034599	The gene hinge1 is referred to in FlyBase by the symbol Dmel\hng1 (CG9437, FBgn0034599). It is a protein_coding_gene from Dmel. It has one annotated transcript and one polypeptide. Gene sequence location is 2R:21168930..21170010. Its molecular function is described by: DNA binding. It is involved in the biological process described with: regulation of transcription by RNA polymerase II. 14 alleles are reported. The phenotypes of these alleles manifest in: wing hinge; wing blade. The phenotypic classes of alleles include: flightless; visible; abnormal size. Summary of modENCODE Temporal Expression Profile:  Temporal profile ranges from a peak of moderately high expression to a trough of moderate expression.  Peak expression observed within 00-12 hour embryonic stages, during early pupal stages, in stages of adults of both sexes.
N0.HOG0001213	Gene Group 33	mitochondrial translation	0.17482517482517487	0.5868236643627043	n	0.25874125874125875	0.41677476889913834	n	mitochondrial translation elongation factor Tu 1(mEFTu1)	1	1	1	1	1	1	3	1	1	2	1	1	11	3	10	rna-NM_001169673.2	FBgn0024556	The gene mitochondrial translation elongation factor Tu 1 is referred to in FlyBase by the symbol Dmel\mEFTu1 (CG6050, FBgn0024556). It is a protein_coding_gene from Dmel. It has 2 annotated transcripts and 2 polypeptides (1 unique). Gene sequence location is 2R:13507557..13509332. Its molecular function is described by: GTP binding; GTPase activity; translation elongation factor activity. It is involved in the biological process described with: mitochondrial large ribosomal subunit assembly; translational elongation; mitochondrial translational elongation. 15 alleles are reported. The phenotypes of these alleles manifest in: organism; intracellular membrane-bounded organelle; fat body; region; cytoplasm. The phenotypic classes of alleles include: short lived; female sterile; viable; abnormal size; lethal - all die during embryonic stage; lethal. Summary of modENCODE Temporal Expression Profile:  Temporal profile ranges from a peak of very high expression to a trough of moderately high expression.  Peak expression observed at stages throughout embryogenesis, during early larval stages, during late pupal stages, in adult female stages.
N0.HOG0001218	None	None	0.24203120058654198	0.44851277797292655	n	0.25982761239437596	0.4147509440053514	n	Vacuolar protein sorting 13B (from API summary)	1	1	1	1	1	1	1	1	3	1	5	1	10	1	9	rna-NM_143496.4	FBgn0039727	The gene Vacuolar protein sorting 13B is referred to in FlyBase by the symbol Dmel\Vps13B (CG15523, FBgn0039727). It is a protein_coding_gene from Dmel. It has 2 annotated transcripts and 2 polypeptides (all unique). Gene sequence location is 3R:29935978..29948207. Its molecular function is described by: . It is involved in the biological process described with: protein targeting to vacuole. 10 alleles are reported. The phenotype of these alleles manifest in: midgut. The phenotypic class of alleles includes: viable. Summary of modENCODE Temporal Expression Profile:  Temporal profile ranges from a peak of moderately high expression to a trough of very low expression.  Peak expression observed in adult male stages.
N0.HOG0001223	None	None	0.006993006993006993	0.9827917689028476	n	0.37762237762237766	0.22620604493502663	n	beethoven (from API summary)	1	1	1	1	1	1	2	1	3	1	1	1	1	1	2	rna-NM_001042904.4	FBgn0023096	The gene beethoven is referred to in FlyBase by the symbol Dmel\btv (CG15148, FBgn0023096). It is a protein_coding_gene from Dmel. It has one annotated transcript and one polypeptide. Gene sequence location is 2L:17962625..17982472. Its molecular function is described by: ATP binding; dynein light intermediate chain binding; dynein intermediate chain binding; minus-end-directed microtubule motor activity. It is involved in the biological process described with 9 unique terms, many of which group under: microtubule-based process; microtubule-based movement; cellular component organization or biogenesis; behavior; organelle organization. 15 alleles are reported. The phenotypes of these alleles manifest in: adult nervous system; bounding membrane of organelle; cytoplasmic region; adult antennal sensory neuron; adult external mesothorax. The phenotypic classes of alleles include: abnormal courtship behavior; abnormal behavior; phenotype; abnormal mating behavior. Summary of modENCODE Temporal Expression Profile:  Temporal profile ranges from a peak of low expression to a trough of extremely low expression.  Peak expression observed within 12-18 embryonic stages.
N0.HOG0001225	None	None	-0.2676122697775195	0.40039240027539647	n	-0.2746546979295595	0.38762285059130586	n	Cellular Repressor of E1A-stimulated Genes (from API summary)	1	1	7	1	1	1	1	1	5	1	2	2	3	2	6	rna-NM_001260223.1	FBgn0025456	The gene Cellular Repressor of E1A-stimulated Genes is referred to in FlyBase by the symbol Dmel\CREG (CG5413, FBgn0025456). It is a protein_coding_gene from Dmel. It has 4 annotated transcripts and 4 polypeptides (2 unique). Gene sequence location is 3R:17393272..17394640. Its molecular function is described by: TBP-class protein binding. It is involved in the biological process described with: negative regulation of transcription by RNA polymerase II. 9 alleles are reported. The phenotype of these alleles manifest in: lysosome. The phenotypic classes of alleles include: majority die during pupal stage; partially lethal - majority die; viable. Summary of modENCODE Temporal Expression Profile:  Temporal profile ranges from a peak of extremely high expression to a trough of low expression.  Peak expression observed during early pupal stages.
N0.HOG0001234	None	None	0.44833693973654165	0.14379811749123733	n	0.2206658375265791	0.4907024914340439	n	schlank (from API summary)	1	1	7	2	1	2	5	2	1	2	2	1	1	1	6	rna-NM_167063.3	FBgn0040918	The gene schlank is referred to in FlyBase by the symbol Dmel\schlank (CG3576, FBgn0040918). It is a protein_coding_gene from Dmel. It has 2 annotated transcripts and 2 polypeptides (1 unique). Gene sequence location is X:6257668..6267228. Its molecular function is described by: DNA binding; sphingosine N-acyltransferase activity. It is involved in the biological process described with: ceramide biosynthetic process; negative regulation of lipid catabolic process; positive regulation of lipid biosynthetic process; triglyceride metabolic process; SREBP signaling pathway. 35 alleles are reported. The phenotypes of these alleles manifest in: axon terminus; vesicle; adult gut; adult segment; larval endocrine system. The phenotypic classes of alleles include: increased mortality; visible; phenotype; abnormal starvation stress response. Summary of modENCODE Temporal Expression Profile:  Temporal profile ranges from a peak of high expression to a trough of moderate expression.  Peak expression observed at stages throughout embryogenesis, during late larval stages, during early pupal stages.
N0.HOG0001236	None	None	0.021015794050150385	0.9483118884972519	n	0.15061319069274445	0.6403345250750125	n	None	1	1	1	1	3	4	1	2	1	1	2	3	2	6	5	rna-NM_134661.2	FBgn0031235	This gene is referred to in FlyBase by the symbol Dmel\CG13693 (FBgn0031235). It is a protein_coding_gene from Dmel. It has one annotated transcript and one polypeptide. Gene sequence location is 2L:232487..234208. Its molecular function is described by: . It is involved in the biological process described with: cilium assembly. 6 alleles are reported. No phenotypic data is available. The phenotypic class of alleles includes: viable. Summary of modENCODE Temporal Expression Profile:  Temporal profile ranges from a peak of moderately high expression to a trough of no expression detected.  Peak expression observed in adult male stages.
N0.HOG0001241	None	None	0.37762237762237766	0.22620604493502663	n	0.10489510489510491	0.7456094809807079	n	Cytochrome c oxidase assembly factor 8 (from API summary)	2	2	4	2	1	2	4	1	2	1	4	2	2	1	3	rna-NM_130600.2	FBgn0029594	The gene Cytochrome c oxidase assembly factor 8 is referred to in FlyBase by the symbol Dmel\Coa8 (CG14806, FBgn0029594). It is a protein_coding_gene from Dmel. It has 2 annotated transcripts and 2 polypeptides (1 unique). Gene sequence location is X:1880282..1881432. Its molecular function is unknown. It is involved in the biological process described with: intrinsic apoptotic signaling pathway. 7 alleles are reported. No phenotypic data is available. The phenotypic classes of alleles include: decreased rate of movement; abnormal locomotor behavior; abnormal oxidative stress response; abnormal immune response; viable. Summary of modENCODE Temporal Expression Profile:  Temporal profile ranges from a peak of moderately high expression to a trough of moderate expression.  Peak expression observed at stages throughout embryogenesis, during early larval stages, during late pupal stages, in stages of adults of both sexes.
N0.HOG0001253	None	None	-0.4055944055944056	0.19083587400450033	n	-0.30069930069930073	0.34225952894002465	n	None	1	1	2	1	3	1	7	4	1	2	1	3	1	1	6	rna-NM_141439.3	FBgn0051248	This gene is referred to in FlyBase by the symbol Dmel\CG31248 (FBgn0051248). It is a protein_coding_gene from Dmel. It has 2 annotated transcripts and 2 polypeptides (1 unique). Gene sequence location is 3R:7129320..7130908. Its molecular function is described by: N-acetyltransferase activity. The biological processes in which it is involved are not known. 6 alleles are reported. No phenotypic data is available. The phenotypic classes of alleles include: viable; fertile. Summary of modENCODE Temporal Expression Profile:  Temporal profile ranges from a peak of moderately high expression to a trough of extremely low expression.  Peak expression observed in adult male stages.
N0.HOG0001260	None	None	0.31690926684179943	0.31554360361640527	n	0.3239516949938394	0.3043074354691464	n	Iron regulatory protein 1B (from API summary)	2	2	3	3	1	1	1	1	2	1	2	1	2	7	6	rna-NM_079579.3	FBgn0024957	The gene Iron regulatory protein 1B is referred to in FlyBase by the symbol Dmel\Irp-1B (CG6342, FBgn0024957). It is a protein_coding_gene from Dmel. It has one annotated transcript and one polypeptide. Gene sequence location is 3R:10408618..10412869. Its molecular function is described by: aconitate hydratase activity; 4 iron, 4 sulfur cluster binding. It is involved in the biological process described with: intracellular iron ion homeostasis. 24 alleles are reported. No phenotypic data is available. The phenotypic classes of alleles include: lethal - all die during P-stage; viable; male fertile. Summary of modENCODE Temporal Expression Profile:  Temporal profile ranges from a peak of very high expression to a trough of low expression.  Peak expression observed at stages throughout the larval period, during early pupal stages.
N0.HOG0001270	None	None	-0.31690926684179943	0.31554360361640527	n	0.04225456891223992	0.8962612978961098	n	None	2	6	3	1	6	4	2	4	2	1	1	1	1	1	5	rna-NM_132388.4	FBgn0030189	This gene is referred to in FlyBase by the symbol Dmel\CG2909 (FBgn0030189). It is a protein_coding_gene from Dmel. It has one annotated transcript and one polypeptide. Gene sequence location is X:10326464..10328946. Its molecular function is described by: ADP-ribosylarginine hydrolase activity. The biological processes in which it is involved are not known. 4 alleles are reported. No phenotypic data is available. The phenotypic classes of alleles include: lethal - all die during P-stage; viable; fertile. Summary of modENCODE Temporal Expression Profile:  Temporal profile ranges from a peak of moderate expression to a trough of very low expression.  Peak expression observed within 00-06 hour embryonic stages, during late larval stages, at stages throughout the pupal period, in stages of adults of both sexes.
N0.HOG0001272	Gene Group 25	uncharacterized	-0.1258741258741259	0.6966831093957659	n	-0.1258741258741259	0.6966831093957659	n	uncharacterized protein(CG12560)	4	4	1	6	3	3	4	3	1	1	1	1	1	1	5	rna-NM_135329.2	FBgn0031974	This gene is referred to in FlyBase by the symbol Dmel\CG12560 (FBgn0031974). It is a protein_coding_gene from Dmel. It has 2 annotated transcripts and 2 polypeptides (all unique). Gene sequence location is 2L:8008302..8009477. Its molecular function is described by: glycine N-acyltransferase activity; acyltransferase activity, transferring groups other than amino-acyl groups. The biological processes in which it is involved are not known. 7 alleles are reported. No phenotypic data is available. The phenotypic classes of alleles include: abnormal mating behavior; short lived; viable. Summary of modENCODE Temporal Expression Profile:  Temporal profile ranges from a peak of moderately high expression to a trough of low expression.  Peak expression observed within 06-24 hour embryonic stages, in adult female stages.
N0.HOG0001274	Gene Group 22	transcription regulation	0.19614741113473694	0.5412137259515317	n	0.43082377802808297	0.16205750617523712	n	uncharacterized protein(CG7745)	1	1	1	1	1	1	2	1	1	1	1	1	1	1	1	rna-NM_136827.4	FBgn0033616	This gene is referred to in FlyBase by the symbol Dmel\CG7745 (FBgn0033616). It is a protein_coding_gene from Dmel. It has one annotated transcript and one polypeptide. Gene sequence location is 2R:11307879..11309829. Its molecular function is unknown. It is involved in the biological process described with: regulation of transcription by RNA polymerase II. 7 alleles are reported. No phenotypic data is available. The phenotypic class of alleles includes: viable. Summary of modENCODE Temporal Expression Profile:  Temporal profile ranges from a peak of moderately high expression to a trough of low expression.  Peak expression observed within 00-06 hour embryonic stages, in adult female stages.
N0.HOG0001280	None	None	0.3216783216783217	0.30790987618065263	n	0.3216783216783217	0.30790987618065263	n	Cathelicidin-like antimicrobial protein (from API summary)	1	4	3	5	1	1	11	1	1	1	1	1	1	3	10	rna-NM_137360.2	FBgn0034210	The gene Cathelicidin-like antimicrobial protein is referred to in FlyBase by the symbol Dmel\Camp (CG6568, FBgn0034210). It is a protein_coding_gene from Dmel. It has 2 annotated transcripts and 2 polypeptides (all unique). Gene sequence location is 2R:17405304..17407427. Its molecular function is unknown. It is involved in the biological process described with: defense response to bacterium. 6 alleles are reported. No phenotypic data is available. The phenotypic classes of alleles include: viable; abnormal immune response. Summary of modENCODE Temporal Expression Profile:  Temporal profile ranges from a peak of moderately high expression to a trough of moderate expression.  Peak expression observed within 00-12 hour embryonic stages, in adult female stages.
N0.HOG0001283	Gene Group 31	chromatin organization and transcription regulation	-0.1328671328671329	0.6805975082860818	n	-0.08391608391608392	0.7954145018538977	n	Enhancer of variegation 3-9(E(var)3-9)	1	1	1	1	4	2	10	2	1	2	2	2	2	1	9	rna-NM_141595.3	FBgn0260243	The gene Enhancer of variegation 3-9 is referred to in FlyBase by the symbol Dmel\E(var)3-9 (CG11971, FBgn0260243). It is a protein_coding_gene from Dmel. It has one annotated transcript and one polypeptide. Gene sequence location is 3R:8990645..8992949. Its molecular function is described by: zinc ion binding. It is involved in the biological process described with: chromatin organization; positive regulation of transcription by RNA polymerase II. 15 alleles are reported. No phenotypic data is available. The phenotypic classes of alleles include: modifier of variegation; increased mortality during development; phenotype; lethal - all die during embryonic stage. Summary of modENCODE Temporal Expression Profile:  Temporal profile ranges from a peak of high expression to a trough of low expression.  Peak expression observed within 00-06 hour embryonic stages.
N0.HOG0001294	None	None	-0.16677617027676858	0.6044191985316112	n	0.0	1.0	n	scramblase 2 (from API summary)	1	3	2	1	1	1	3	5	1	1	1	1	1	1	4	rna-NM_139504.3	FBgn0035390	The gene scramblase 2 is referred to in FlyBase by the symbol Dmel\scramb2 (CG1893, FBgn0035390). It is a protein_coding_gene from Dmel. It has one annotated transcript and one polypeptide. Gene sequence location is 3L:3044113..3046812. Its molecular function is described by: phospholipid scramblase activity. It is involved in the biological process described with: modulation of chemical synaptic transmission; plasma membrane phospholipid scrambling. 13 alleles are reported. The phenotype of these alleles manifest in: trichogen cell. The phenotypic classes of alleles include: viable; visible. Summary of modENCODE Temporal Expression Profile:  Temporal profile ranges from a peak of high expression to a trough of moderate expression.  Peak expression observed within 00-12 hour embryonic stages, during early pupal stages.
N0.HOG0001295	None	None	0.049036852783684234	0.8797094411808868	n	-0.03152369107522558	0.9225248645215405	n	None	1	1	4	1	1	1	1	2	2	1	9	1	1	1	8	rna-NM_134496.3	FBgn0031052	This gene is referred to in FlyBase by the symbol Dmel\Elys (CG14215, FBgn0031052). It is a protein_coding_gene from Dmel. It has 2 annotated transcripts and 2 polypeptides (1 unique). Gene sequence location is X:19652305..19659407. Its molecular function is described by: chromatin binding; protein binding; chromatin DNA binding. The biological processes in which it is involved are not known. 16 alleles are reported. The phenotypes of these alleles manifest in: mitotic spindle; centrosome. The phenotypic classes of alleles include: viable; female sterile; decreased occurrence of cell division; fertile; male fertile; lethal. Summary of modENCODE Temporal Expression Profile:  Temporal profile ranges from a peak of high expression to a trough of low expression.  Peak expression observed within 00-06 hour embryonic stages.
N0.HOG0001299	None	None	0.2937062937062937	0.35414764123292175	n	0.5174825174825175	0.08486877113393493	n	Alanine aminotransferase (from API summary)	1	8	2	2	1	1	2	2	1	3	1	1	1	2	7	rna-NM_167365.1	FBgn0030478	The gene Alanine aminotransferase is referred to in FlyBase by the symbol Dmel\Alat (CG1640, FBgn0030478). It is a protein_coding_gene from Dmel. It has 8 annotated transcripts and 8 polypeptides (3 unique). Gene sequence location is X:13370606..13380160. Its molecular function is described by: transaminase activity; pyridoxal phosphate binding; L-alanine:2-oxoglutarate aminotransferase activity. It is involved in the biological process described with: L-alanine metabolic process; 2-oxoglutarate metabolic process; positive regulation of gluconeogenesis. 24 alleles are reported. The phenotype of these alleles manifest in: trichogen cell. The phenotypic classes of alleles include: decreased efficacy of memory; viable; abnormal memory; phenotype. Summary of modENCODE Temporal Expression Profile:  Temporal profile ranges from a peak of high expression to a trough of moderate expression.  Peak expression observed within 00-06 and 18-24 hour embryonic stages, at stages throughout the larval period, at stages throughout the pupal period, in stages of adults of both sexes.
N0.HOG0001311	Gene Group 26	glycolysis and early development (and other)	0.01751316170845866	0.9569188239005484	n	0.06304738215045116	0.8456637160508921	n	uncharacterized protein(CG5002)	2	1	5	1	4	3	2	2	1	1	1	1	1	3	4	rna-NM_137418.3	FBgn0034275	The gene neat is referred to in FlyBase by the symbol Dmel\neat (CG5002, FBgn0034275). It is a protein_coding_gene from Dmel. It has one annotated transcript and one polypeptide. Gene sequence location is 2R:17750293..17753214. Its molecular function is described by: solute:inorganic anion antiporter activity; sulfate transmembrane transporter activity; oxalate transmembrane transporter activity. It is involved in the biological process described with: transmembrane transport; chloride transmembrane transport; sulfate transmembrane transport; oxalate transport. 6 alleles are reported. The phenotype of these alleles manifest in: adult Malpighian tubule. The phenotypic class of alleles includes: viable. Summary of modENCODE Temporal Expression Profile:  Temporal profile ranges from a peak of moderately high expression to a trough of very low expression.  Peak expression observed within 00-12 and 18-24 hour embryonic stages, at stages throughout the larval period, at stages throughout the pupal period, in adult male stages.
N0.HOG0001324	None	None	0.3132168478178779	0.3215249574768022	n	0.13525272973953817	0.67513751307536	n	None	1	3	6	1	1	1	1	1	1	1	4	2	4	2	5	rna-NM_132945.3	FBgn0030799	This gene is referred to in FlyBase by the symbol Dmel\CG4872 (FBgn0030799). It is a protein_coding_gene from Dmel. It has one annotated transcript and one polypeptide. Gene sequence location is X:16881347..16882790. Its molecular function is described by: transcription corepressor activity; thiomorpholine-carboxylate dehydrogenase activity; delta1-piperideine-2-carboxylate reductase activity; hormone binding. It is involved in the biological process described with: negative regulation of transcription by RNA polymerase II. 6 alleles are reported. No phenotypic data is available. No phenotypic class data is available. Summary of modENCODE Temporal Expression Profile:  Temporal profile ranges from a peak of moderate expression to a trough of low expression.  Peak expression observed within 00-06 hour embryonic stages, during late larval stages, at stages throughout the pupal period, in stages of adults of both sexes.
N0.HOG0001328	None	None	0.2392875486579723	0.4538312350261742	n	0.5148307865065466	0.08675862003895493	n	None	1	2	2	1	1	1	1	1	1	1	2	1	1	12	11	rna-NM_001273755.1	FBgn0261802	This gene is referred to in FlyBase by the symbol Dmel\CG42748 (FBgn0261802). It is a protein_coding_gene from Dmel. It has 11 annotated transcripts and 11 polypeptides (10 unique). Gene sequence location is 2L:22131221..22166221. Its molecular function is described by: protein phosphatase 1 binding. It is involved in the biological process described with: cell-cell junction organization. 46 alleles are reported. The phenotype of these alleles manifest in: embryonic/larval hemocyte. The phenotypic classes of alleles include: fertile; viable.
N0.HOG0001351	Gene Group 2	protein breakdown (proteolysis)	-0.2527090476712424	0.42810100436041054	n	0.07118564723133589	0.825994817969491	n	hayan(Hayan)	2	1	1	1	7	1	6	2	1	2	1	1	1	1	6	rna-NM_001103550.2	FBgn0030925	The gene Hayan is referred to in FlyBase by the symbol Dmel\Hayan (CG6361, FBgn0030925). It is a protein_coding_gene from Dmel. It has 3 annotated transcripts and 3 polypeptides (2 unique). Gene sequence location is X:18479983..18483772. Its molecular function is described by: serine-type endopeptidase activity. It is involved in the biological process described with 6 unique terms, many of which group under: macromolecule metabolic process; protein metabolic process; secondary metabolic process; positive regulation of melanization defense response; melanin metabolic process. 14 alleles are reported. The phenotype of these alleles manifest in: tracheal section. The phenotypic classes of alleles include: increased mortality during development; phenotype; abnormal immune response; increased mortality. Summary of modENCODE Temporal Expression Profile:  Temporal profile ranges from a peak of moderately high expression to a trough of very low expression.  Peak expression observed within 12-24 hour embryonic stages, during late larval stages, at stages throughout the pupal period.
N0.HOG0001378	None	None	0.2206658375265791	0.4907024914340439	n	0.44833693973654165	0.14379811749123733	n	Megator (from API summary)	1	1	2	1	2	1	1	1	1	4	2	1	1	8	7	rna-NM_001273974.1	FBgn0013756	The gene Megator is referred to in FlyBase by the symbol Dmel\Mgtor (CG8274, FBgn0013756). It is a protein_coding_gene from Dmel. It has 2 annotated transcripts and 2 polypeptides (1 unique). Gene sequence location is 2R:11852617..11861202. Its molecular function is described by: structural constituent of nuclear pore; protein binding; ribonucleoprotein complex binding; chromatin DNA binding; histone acetyltransferase binding. It is involved in the biological process described with 24 unique terms, many of which group under: response to stress; response to heat; stem cell division; homeostatic process; protein localization to nucleus. 15 alleles are reported. The phenotypes of these alleles manifest in: germline stem cell; microtubule organizing center; cell cluster organ; reproductive system; trichogen cell. The phenotypic classes of alleles include: increased mortality during development; phenotype; abnormal cell number; increased cell death. Summary of modENCODE Temporal Expression Profile:  Temporal profile ranges from a peak of high expression to a trough of moderate expression.  Peak expression observed within 00-12 hour embryonic stages, in adult female stages.
N0.HOG0001379	Gene Group 31	chromatin organization and transcription regulation	0.7189750370364925	0.008413264231901082	n	0.7901606842678284	0.0022255407179782834	n	uncharacterized protein(CG13775)	1	1	1	2	1	1	1	1	1	1	17	1	2	4	16	rna-NM_001298765.1	FBgn0031874	This gene is referred to in FlyBase by the symbol Dmel\CG13775 (FBgn0031874). It is a protein_coding_gene from Dmel. It has 3 annotated transcripts and 3 polypeptides (2 unique). Gene sequence location is 2L:6954357..6956950. Its molecular function is described by: DNA binding; protein dimerization activity. The biological processes in which it is involved are not known. 13 alleles are reported. The phenotypes of these alleles manifest in: wing; embryonic/larval hemocyte. The phenotypic classes of alleles include: visible; viable. Summary of modENCODE Temporal Expression Profile:  Temporal profile ranges from a peak of moderate expression to a trough of very low expression.  Peak expression observed within 00-12 hour embryonic stages.
N0.HOG0001388	None	None	0.48582623515406503	0.10931209150022679	n	0.09426479189556485	0.7707468015755511	n	Matrix metalloproteinase 1 (from API summary)	1	3	10	3	1	1	1	1	1	1	2	1	1	1	9	rna-NM_166683.2	FBgn0035049	The gene Matrix metalloproteinase 1 is referred to in FlyBase by the symbol Dmel\Mmp1 (CG4859, FBgn0035049). It is a protein_coding_gene from Dmel. It has 10 annotated transcripts and 10 polypeptides (6 unique). Gene sequence location is 2R:24671294..24688184. Its molecular function is described by: metalloendopeptidase activity; metallopeptidase activity; zinc ion binding. It is involved in the biological process described with 20 unique terms, many of which group under: extracellular matrix organization; response to stimulus; cellular process; response to stress; response to wounding. 43 alleles are reported. The phenotypes of these alleles manifest in: cell projection; tracheal branch; acellular anatomical structure; cellular anatomical structure; larval abdomen. The phenotypic classes of alleles include: lethal - all die before end of first instar larval stage; abnormal size; phenotype; abnormal stress response. Summary of modENCODE Temporal Expression Profile:  Temporal profile ranges from a peak of very high expression to a trough of extremely low expression.  Peak expression observed at stages throughout the pupal period.
N0.HOG0001396	Gene Group 36	uncharacterized	0.2633868947559428	0.40815452366975424	n	0.5837223072969543	0.046302544719796064	n	uncharacterized protein(CG46025)	1	2	1	1	1	1	1	1	1	1	3	2	2	9	8	rna-NM_001316384.1	FBgn0267689	This gene is referred to in FlyBase by the symbol Dmel\CG46025 (FBgn0267689). It is a protein_coding_gene from Dmel. It has 5 annotated transcripts and 5 polypeptides (4 unique). Gene sequence location is 2L:7754174..7765915. Its molecular function is described by: . It is involved in the biological process described with: . 12 alleles are reported. No phenotypic data is available. The phenotypic class of alleles includes: viable.
N0.HOG0001403	Gene Group 30	pheromone sensing	-0.02112728445611996	0.9480380045464691	n	0.13380613488875975	0.6784466863299407	n	Dopamine 2-like receptor(Dop2R)	1	2	2	2	2	1	1	1	5	1	4	1	3	1	4	rna-NM_001014758.3	FBgn0053517	The gene Dopamine 2-like receptor is referred to in FlyBase by the symbol Dmel\Dop2R (CG33517, FBgn0053517). It is a protein_coding_gene from Dmel. It has 6 annotated transcripts and 6 polypeptides (all unique). Gene sequence location is X:20004680..20062706. Its molecular function is described by: dopamine neurotransmitter receptor activity, coupled via Gi/Go; G protein-coupled amine receptor activity; G protein-coupled receptor activity. It is involved in the biological process described with: anesthesia-resistant memory; G protein-coupled receptor signaling pathway; G protein-coupled dopamine receptor signaling pathway. 32 alleles are reported. No phenotypic data is available. The phenotypic classes of alleles include: abnormal memory; abnormal locomotor behavior; viable; abnormal feeding behavior; abnormal sleep. Summary of modENCODE Temporal Expression Profile:  Temporal profile ranges from a peak of moderate expression to a trough of extremely low expression.  Peak expression observed within 18-24 hour embryonic stages.
N0.HOG0001411	Gene Group 14	heat stress and neurological	-0.38796177741078064	0.21270554169981246	n	-0.13525272973953817	0.67513751307536	n	uncharacterized protein(CG15712)	2	1	1	1	6	2	4	7	1	1	1	1	1	1	6	rna-NM_137287.2	FBgn0034131	This gene is referred to in FlyBase by the symbol Dmel\CG15712 (FBgn0034131). It is a protein_coding_gene from Dmel. It has one annotated transcript and one polypeptide. Gene sequence location is 2R:16484841..16485552. Its molecular function is described by: . It is involved in the biological process described with: . 4 alleles are reported. No phenotypic data is available. The phenotypic class of alleles includes: viable. Summary of modENCODE Temporal Expression Profile:  Temporal profile ranges from a peak of moderate expression to a trough of no expression detected.  Peak expression observed within 12-18 embryonic stages, during early larval stages.
N0.HOG0001419	Gene Group 19	uncharacterized	-0.1258741258741259	0.6966831093957659	n	-0.06993006993006995	0.8290236405313092	n	uncharacterized protein(CG31826)	1	17	2	1	1	1	1	1	1	1	1	1	1	1	16	rna-NM_165131.3	FBgn0051826	This gene is referred to in FlyBase by the symbol Dmel\CG31826 (FBgn0051826). It is a protein_coding_gene from Dmel. It has 2 annotated transcripts and 2 polypeptides (1 unique). Gene sequence location is 2L:15771263..15773113. Its molecular function is described by: phosphatidylinositol bisphosphate binding. The biological processes in which it is involved are not known. 5 alleles are reported. No phenotypic data is available. The phenotypic class of alleles includes: viable. Summary of modENCODE Temporal Expression Profile:  Temporal profile ranges from a peak of moderately high expression to a trough of extremely low expression.  Peak expression observed in adult male stages.
N0.HOG0001420	None	None	-0.05694851778506871	0.860457510377353	n	0.19576052988617368	0.5420277922098978	n	painless (from API summary)	1	8	1	1	1	1	3	3	1	3	1	1	1	1	7	rna-NM_138135.2	FBgn0060296	The gene painless is referred to in FlyBase by the symbol Dmel\pain (CG15860, FBgn0060296). It is a protein_coding_gene from Dmel. It has 3 annotated transcripts and 3 polypeptides (all unique). Gene sequence location is 2R:24921505..24928275. Its molecular function is described by: calcium-activated cation channel activity; monoatomic ion channel activity; calcium channel activity; transmembrane transporter activity. It is involved in the biological process described with 23 unique terms, many of which group under: behavior; mating behavior; localization; negative gravitaxis; reproductive process. 29 alleles are reported. The phenotypes of these alleles manifest in: embryonic/larval heart; Johnston organ neuron; scutellar bristle. The phenotypic classes of alleles include: abnormal behavior; abnormal sensory perception; increased mortality; phenotype. Summary of modENCODE Temporal Expression Profile:  Temporal profile ranges from a peak of moderately high expression to a trough of extremely low expression.  Peak expression observed within 12-24 hour embryonic stages, during late larval stages, at stages throughout the pupal period.
N0.HOG0001429	None	None	0.1541158230344362	0.6324877788515912	n	0.1015763379090602	0.7534340837808129	n	None	1	1	1	1	1	1	1	1	1	1	1	1	15	1	14	rna-NM_141631.3	FBgn0037687	This gene is referred to in FlyBase by the symbol Dmel\CG8132 (FBgn0037687). It is a protein_coding_gene from Dmel. It has one annotated transcript and one polypeptide. Gene sequence location is 3R:9401495..9402618. Its molecular function is described by: omega-amidase activity; hydrolase activity, acting on carbon-nitrogen (but not peptide) bonds, in linear amides. It is involved in the biological process described with: asparagine metabolic process; glutamine metabolic process; oxaloacetate metabolic process. 8 alleles are reported. The phenotype of these alleles manifest in: eye. The phenotypic classes of alleles include: fertile; visible; viable. Summary of modENCODE Temporal Expression Profile:  Temporal profile ranges from a peak of moderately high expression to a trough of moderate expression.  Peak expression observed within 00-06 hour embryonic stages, during early larval stages, in stages of adults of both sexes.
N0.HOG0001439	None	None	0.09155156597651984	0.7771962894578055	n	0.06338185336835989	0.844853681587023	n	Linear Ubiquitin E3 ligase (from API summary)	1	1	1	1	2	2	1	1	1	1	3	1	6	5	5	rna-NM_164709.4	FBgn0031857	The gene Linear Ubiquitin E3 ligase is referred to in FlyBase by the symbol Dmel\LUBEL (CG11321, FBgn0031857). It is a protein_coding_gene from Dmel. It has 9 annotated transcripts and 9 polypeptides (7 unique). Gene sequence location is 2L:6759829..6772755. Its molecular function is described by 6 unique terms, many of which group under: binding; ubiquitin-protein transferase activity; aminoacyltransferase activity; acyltransferase activity; protein binding. It is involved in the biological process described with: protein polyubiquitination; positive regulation of peptidoglycan recognition protein signaling pathway; heat acclimation; defense response to Gram-negative bacterium; protein linear polyubiquitination. 11 alleles are reported. The phenotypes of these alleles manifest in: embryonic/larval midgut cell; dorsal longitudinal indirect flight muscle cell; eye; adult gut. The phenotypic classes of alleles include: abnormal flight; phenotype; abnormal stress response; increased size. Summary of modENCODE Temporal Expression Profile:  Temporal profile ranges from a peak of moderately high expression to a trough of extremely low expression.  Peak expression observed during late pupal stages, in adult male stages.
N0.HOG0001442	None	None	0.02097902097902098	0.9484022252365223	n	0.06993006993006995	0.8290236405313092	n	retinal degeneration C (from API summary)	1	1	5	1	1	1	1	1	3	1	2	1	2	4	4	rna-NM_176367.3	FBgn0265959	The gene retinal degeneration C is referred to in FlyBase by the symbol Dmel\rdgC (CG44746, FBgn0265959). It is a protein_coding_gene from Dmel. It has 5 annotated transcripts and 5 polypeptides (3 unique). Gene sequence location is 3L:20248080..20265554. Its molecular function is described by 8 unique terms, many of which group under: binding; catalytic activity; hydrolase activity; phosphoric ester hydrolase activity; cation binding. It is involved in the biological process described with: calcium-mediated signaling; negative regulation of opsin-mediated signaling pathway; thermotaxis; detection of stimulus involved in sensory perception; phototransduction. 23 alleles are reported. The phenotypes of these alleles manifest in: rhabdomere; cell projection; cellular anatomical structure; photoreceptor cell R3; plasma membrane bounded cell projection. The phenotypic classes of alleles include: abnormal temperature response; abnormal stress response; abnormal pain response; phenotype.
N0.HOG0001445	Gene Group 30	pheromone sensing	0.5314685314685316	0.07536233505348364	n	0.43356643356643365	0.1591057694121953	n	muscarinic Acetylcholine Receptor, A-type(mAChR-A)	1	2	4	1	1	1	2	1	1	3	5	1	2	2	4	rna-NM_079120.3	FBgn0000037	The gene muscarinic Acetylcholine Receptor, A-type is referred to in FlyBase by the symbol Dmel\mAChR-A (CG4356, FBgn0000037). It is a protein_coding_gene from Dmel. It has 2 annotated transcripts and 2 polypeptides (all unique). Gene sequence location is 2R:24378630..24390294. Its molecular function is described by: G protein-coupled receptor activity; G protein-coupled acetylcholine receptor activity; G protein-coupled amine receptor activity. It is involved in the biological process described with 6 unique terms, many of which group under: cellular process; biological regulation; regulation of cellular process; response to stimulus; cell-cell signaling. 24 alleles are reported. The phenotypes of these alleles manifest in: adult antennal lobe local neuron; mesonotum. The phenotypic classes of alleles include: viable; abnormal neurophysiology; abnormal chemosensory behavior; visible; abnormal memory. Summary of modENCODE Temporal Expression Profile:  Temporal profile ranges from a peak of moderate expression to a trough of extremely low expression.  Peak expression observed within 12-24 hour embryonic stages, during early larval stages, during late pupal stages, in adult male stages.
N0.HOG0001474	Gene Group 29	microtubule	-0.29186115364847715	0.3573204374373701	n	-0.1316934473779714	0.683288954948474	n	Kinesin-like protein at 61F(Klp61F)	2	2	1	1	4	7	1	1	2	1	1	1	1	1	6	rna-NM_057470.5	FBgn0004378	The gene Kinesin-like protein at 61F is referred to in FlyBase by the symbol Dmel\Klp61F (CG9191, FBgn0004378). It is a protein_coding_gene from Dmel. It has one annotated transcript and one polypeptide. Gene sequence location is 3L:1241568..1245910. Its molecular function is described by 6 unique terms, many of which group under: cytoskeletal motor activity; protein binding; ATP-dependent activity; polypeptide conformation or assembly isomerase activity; isomerase activity. It is involved in the biological process described with 13 unique terms, many of which group under: establishment of protein localization; microtubule-based movement; nuclear chromosome segregation; localization; fusome organization. 41 alleles are reported. The phenotypes of these alleles manifest in: testis; neuron projection; membrane-bounded organelle; proprioceptive system; adult integumentary system. The phenotypic classes of alleles include: some die during embryonic stage; phenotype; lethal - all die before end of larval stage; increased mortality. Summary of modENCODE Temporal Expression Profile:  Temporal profile ranges from a peak of high expression to a trough of very low expression.  Peak expression observed within 00-12 hour embryonic stages.
N0.HOG0001487	Gene Group 26	glycolysis and early development (and other)	0.10489510489510491	0.7456094809807079	n	0.46153846153846156	0.13094806950717278	n	uncharacterized protein(CG17364)	1	1	1	1	2	1	1	2	5	1	5	1	1	3	4	rna-NM_176328.3	FBgn0036391	This gene is referred to in FlyBase by the symbol Dmel\CG17364 (FBgn0036391). It is a protein_coding_gene from Dmel. It has 4 annotated transcripts and 4 polypeptides (3 unique). Gene sequence location is 3L:13977905..13993400. Its molecular function is unknown. The biological processes in which it is involved are not known. 7 alleles are reported. No phenotypic data is available. No phenotypic class data is available. Summary of modENCODE Temporal Expression Profile:  Temporal profile ranges from a peak of moderate expression to a trough of extremely low expression.  Peak expression observed within 18-24 hour embryonic stages, during early larval stages, during late pupal stages, in adult male stages.
N0.HOG0001492	None	None	0.41999531866488177	0.17404880649770288	n	0.5160959424271852	0.085853443578498	n	Palmitoyl-protein thioesterase 1 (from API summary)	1	12	5	1	1	1	1	1	1	1	1	1	1	1	11	rna-NM_001298095.2	FBgn0030057	The gene Palmitoyl-protein thioesterase 1 is referred to in FlyBase by the symbol Dmel\Ppt1 (CG12108, FBgn0030057). It is a protein_coding_gene from Dmel. It has 2 annotated transcripts and 2 polypeptides (1 unique). Gene sequence location is X:8688627..8690227. Its molecular function is described by: serine hydrolase activity; long-chain fatty acyl-CoA hydrolase activity; palmitoyl hydrolase activity; palmitoyl-(protein) hydrolase activity. It is involved in the biological process described with 6 unique terms, many of which group under: nervous system development; multicellular organismal process; localization; multicellular organism development; regulation of biological process. 15 alleles are reported. The phenotypes of these alleles manifest in: neuron projection bundle of larval ventral nerve cord; adult brain; plasma membrane bounded cell projection; neuromuscular junction; excretory system. The phenotypic classes of alleles include: phenotype; abnormal neurophysiology; short lived; increased mortality. Summary of modENCODE Temporal Expression Profile:  Temporal profile ranges from a peak of moderately high expression to a trough of low expression.  Peak expression observed within 00-12 hour embryonic stages, during early pupal stages.
N0.HOG0001501	Gene Group 30	pheromone sensing	0.027972027972027972	0.9312343512018808	n	0.3076923076923077	0.3305892594121097	n	Adipokinetic hormone receptor(AkhR)	1	1	1	1	4	2	4	2	3	1	3	1	1	2	3	rna-NM_205917.3	FBgn0025595	The gene Adipokinetic hormone receptor is referred to in FlyBase by the symbol Dmel\AkhR (CG11325, FBgn0025595). It is a protein_coding_gene from Dmel. It has 4 annotated transcripts and 4 polypeptides (2 unique). Gene sequence location is 2L:6711286..6716186. Its molecular function is described by: adipokinetic hormone receptor activity; G protein-coupled receptor activity; neuropeptide receptor activity; adipokinetic hormone binding. It is involved in the biological process described with 9 unique terms, many of which group under: homeostatic process; chemical homeostasis; cellular response to stimulus; lipid homeostasis; response to endogenous stimulus. 36 alleles are reported. The phenotypes of these alleles manifest in: interoceptive SEZ neuron; wing; embryonic/larval midgut; adult fat body; lipid droplet. The phenotypic classes of alleles include: phenotype; increased body weight; abnormal behavior; abnormal stress response. Summary of modENCODE Temporal Expression Profile:  Temporal profile ranges from a peak of moderately high expression to a trough of extremely low expression.  Peak expression observed during late larval stages, during early pupal stages.
N0.HOG0001502	None	None	0.07042428152039987	0.827831199192635	n	0.1126788504326398	0.7273453279440116	n	Coenzyme Q5 (from API summary)	1	1	1	1	2	1	1	8	1	1	2	1	3	3	7	rna-NM_001298265.1	FBgn0030460	The gene Coenzyme Q5 is referred to in FlyBase by the symbol Dmel\Coq5 (CG2453, FBgn0030460). It is a protein_coding_gene from Dmel. It has 3 annotated transcripts and 3 polypeptides (1 unique). Gene sequence location is X:13193094..13194551. Its molecular function is described by: 2-methoxy-6-polyprenyl-1,4-benzoquinol methyltransferase activity; methyltransferase activity. It is involved in the biological process described with: ubiquinone biosynthetic process. 4 alleles are reported. The phenotype of these alleles manifest in: eye. The phenotypic classes of alleles include: lethal - all die before end of larval stage; viable; decreased body size; abnormal developmental rate; visible; lethal. Summary of modENCODE Temporal Expression Profile:  Temporal profile ranges from a peak of moderately high expression to a trough of moderate expression.  Peak expression observed within 00-06 hour embryonic stages, during early larval stages, in adult female stages.
N0.HOG0001504	None	None	0.11389703557013742	0.7244984151913487	n	0.29186115364847715	0.3573204374373701	n	None	1	7	1	1	1	1	1	1	1	1	2	1	7	6	6	rna-NM_145338.2	FBgn0034460	This gene is referred to in FlyBase by the symbol Dmel\CG18367 (FBgn0034460). It is a protein_coding_gene from Dmel. It has one annotated transcript and one polypeptide. Gene sequence location is 2R:19636660..19637400. Its molecular function is unknown. The biological processes in which it is involved are not known. 4 alleles are reported. No phenotypic data is available. The phenotypic class of alleles includes: viable. Summary of modENCODE Temporal Expression Profile:  Temporal profile ranges from a peak of very high expression to a trough of no expression detected.  Peak expression observed during late pupal stages.
N0.HOG0001529	None	None	0.2027972027972028	0.5273023541661082	n	-0.1258741258741259	0.6966831093957659	n	NADH dehydrogenase (ubiquinone) 51 kDa subunit-like 1 (from API summary)	2	1	2	1	1	1	1	1	1	1	1	1	2	1	1	rna-NM_137394.2	FBgn0034251	The gene NADH dehydrogenase (ubiquinone) 51 kDa subunit-like 1 is referred to in FlyBase by the symbol Dmel\ND-51L1 (CG11423, FBgn0034251). It is a protein_coding_gene from Dmel. It has one annotated transcript and one polypeptide. Gene sequence location is 2R:17595267..17597409. Its molecular function is described by: FMN binding; NADH dehydrogenase (ubiquinone) activity; NAD binding; 4 iron, 4 sulfur cluster binding. It is involved in the biological process described with: mitochondrial electron transport, NADH to ubiquinone. 3 alleles are reported. The phenotypes of these alleles manifest in: mitochondrion; synapse; larval multidendritic neuron. The phenotypic class of alleles includes: viable. Summary of modENCODE Temporal Expression Profile:  Temporal profile ranges from a peak of moderately high expression to a trough of no expression detected.  Peak expression observed in adult male stages.
N0.HOG0001557	None	None	-0.28721585201872196	0.3653744519387	n	-0.33625270480240615	0.28522608724863086	n	SR-related CTD associated factor 6 (from API summary)	1	1	4	1	2	1	1	5	1	1	2	3	1	1	4	rna-NM_001014589.4	FBgn0261872	The gene SR-related CTD associated factor 6 is referred to in FlyBase by the symbol Dmel\scaf6 (CG33522, FBgn0261872). It is a protein_coding_gene from Dmel. It has 3 annotated transcripts and 3 polypeptides (all unique). Gene sequence location is 3L:17036859..17042574. Its molecular function is described by: nucleic acid binding; RNA binding. It is involved in the biological process described with: RNA processing; intracellular calcium ion homeostasis. 8 alleles are reported. The phenotypes of these alleles manifest in: mesonotum; trichogen cell. The phenotypic classes of alleles include: visible; fertile; viable; abnormal flight; lethal.
N0.HOG0001561	None	None	0.570436680315239	0.05277409602042297	n	0.3521214076019994	0.26164342813511765	n	terribly reduced optic lobes (from API summary)	1	1	2	1	1	1	1	1	1	1	4	2	7	2	6	rna-NM_001414086.1	FBgn0284408	The gene terribly reduced optic lobes is referred to in FlyBase by the symbol Dmel\trol (CG33950, FBgn0284408). It is a protein_coding_gene from Dmel. It has 25 annotated transcripts and 25 polypeptides (all unique). Gene sequence location is X:2470460..2545427. Its molecular function is unknown. It is involved in the biological process described with 9 unique terms, many of which group under: response to stimulus; positive regulation of cell communication; positive regulation of cell population proliferation; establishment or maintenance of cell polarity; response to chemical. 200 alleles are reported. The phenotypes of these alleles manifest in: somatic precursor cell; larval head; adult metathoracic segment; squamous epithelium; basement membrane. The phenotypic classes of alleles include: some die during larval stage; female sterile; phenotype; visible.
N0.HOG0001569	Gene Group 35	RNA polymerase II transcription regulation	-0.5954474980875943	0.041074783467649034	n	-0.6164632921377448	0.0327760380837606	n	caudal(cad)	1	2	2	1	1	2	1	2	5	1	1	2	3	1	4	rna-NM_001273712.1	FBgn0000251	The gene caudal is referred to in FlyBase by the symbol Dmel\cad (CG1759, FBgn0000251). It is a protein_coding_gene from Dmel. It has 3 annotated transcripts and 3 polypeptides (2 unique). Gene sequence location is 2L:20770731..20783135. Its molecular function is described by: RNA polymerase II transcription regulatory region sequence-specific DNA binding; DNA binding; DNA-binding transcription factor activity; DNA-binding transcription factor activity, RNA polymerase II-specific. It is involved in the biological process described with 19 unique terms, many of which group under: imaginal disc development; regulation of defense response; axis specification; imaginal disc pattern formation; germ-band extension. 39 alleles are reported. The phenotypes of these alleles manifest in: adult hindgut; periphallic sclerite; sensillum; midgut; imaginal disc primordium. The phenotypic classes of alleles include: increased mortality during development; phenotype; increased mortality; viable. Summary of modENCODE Temporal Expression Profile:  Temporal profile ranges from a peak of very high expression to a trough of low expression.  Peak expression observed within 00-06 hour embryonic stages.
N0.HOG0001574	Gene Group 33	mitochondrial translation	0.1398601398601399	0.6646331617926677	n	-0.006993006993006993	0.9827917689028476	n	mitochondrial translation elongation factor G 1(mEFG1)	1	1	2	2	2	1	2	1	1	1	1	1	5	4	4	rna-NM_135261.2	FBgn0263133	The gene mitochondrial translation elongation factor G 1 is referred to in FlyBase by the symbol Dmel\mEFG1 (CG4567, FBgn0263133). It is a protein_coding_gene from Dmel. It has one annotated transcript and one polypeptide. Gene sequence location is 2L:7220369..7223081. Its molecular function is described by: translation elongation factor activity; GTP binding; GTPase activity. It is involved in the biological process described with: translational elongation; mitochondrial translational elongation. 28 alleles are reported. The phenotypes of these alleles manifest in: wing; trichogen cell; eye; macrochaeta; wing vein. The phenotypic classes of alleles include: lethal; phenotype; increased mortality during development; increased mortality.
N0.HOG0001579	None	None	0.4057581892186145	0.19063953591847155	n	0.45558814228054967	0.13664363190657736	n	Apolipoprotein lipid transfer particle (from API summary)	1	2	1	1	1	1	1	1	1	1	5	1	5	3	4	rna-NM_205948.3	FBgn0032136	The gene Apolipoprotein lipid transfer particle is referred to in FlyBase by the symbol Dmel\Apoltp (CG15828, FBgn0032136). It is a protein_coding_gene from Dmel. It has one annotated transcript and one polypeptide. Gene sequence location is 2L:9634179..9656026. Its molecular function is described by: lipoprotein particle receptor binding; lipid transporter activity. It is involved in the biological process described with: sterol transport; positive regulation of lipid transport; transport across blood-brain barrier; acylglycerol transport; lipid transport. 20 alleles are reported. The phenotypes of these alleles manifest in: adult; anterior ectoderm derivative; organelle; female organism; larval circulatory system. The phenotypic classes of alleles include: female semi-fertile; lethal - all die during first instar larval stage. Summary of modENCODE Temporal Expression Profile:  Temporal profile ranges from a peak of moderately high expression to a trough of very low expression.  Peak expression observed within 06-24 hour embryonic stages, during early larval stages.
N0.HOG0001592	None	None	0.44055944055944063	0.15173503571673022	n	0.3216783216783217	0.30790987618065263	n	pH-sensitive chloride channel 1 (from API summary)	1	1	1	1	1	1	2	1	1	1	5	2	5	3	4	rna-NM_001274969.1	FBgn0264908	The gene pH-sensitive chloride channel 1 is referred to in FlyBase by the symbol Dmel\pHCl-1 (CG44099, FBgn0264908). It is a protein_coding_gene from Dmel. It has 17 annotated transcripts and 17 polypeptides (all unique). Gene sequence location is 3L:15848578..15899029. Its molecular function is described by 6 unique terms, many of which group under: transmembrane transporter activity; transporter activity; monoatomic ion transmembrane transporter activity; ligand-gated monoatomic ion channel activity; channel activity. It is involved in the biological process described with: monoatomic ion transport; monoatomic ion transmembrane transport; chloride transmembrane transport. 16 alleles are reported. The phenotypes of these alleles manifest in: ganglion mother cell; larval neuroblast. The phenotypic classes of alleles include: lethal; phenotype; increased mortality during development; increased mortality.
N0.HOG0001600	None	None	0.2867132867132868	0.36625146058358227	n	0.5664335664335665	0.054842119775407844	n	None	1	1	1	1	2	1	2	1	1	2	2	1	1	8	7	rna-NM_136836.3	FBgn0033628	This gene is referred to in FlyBase by the symbol Dmel\CG13203 (FBgn0033628). It is a protein_coding_gene from Dmel. It has 2 annotated transcripts and 2 polypeptides (all unique). Gene sequence location is 2R:11373607..11377109. Its molecular function is unknown. The biological processes in which it is involved are not known. 4 alleles are reported. No phenotypic data is available. The phenotypic class of alleles includes: viable. Summary of modENCODE Temporal Expression Profile:  Temporal profile ranges from a peak of moderate expression to a trough of no expression detected.  Peak expression observed during late pupal stages.
N0.HOG0001604	None	None	0.04982995306193512	0.8777766794108113	n	0.15660842390893895	0.6269248019462761	n	rad50 (from API summary)	1	1	1	1	1	1	3	2	2	2	6	1	1	1	5	rna-NM_001259532.2	FBgn0034728	The gene rad50 is referred to in FlyBase by the symbol Dmel\rad50 (CG6339, FBgn0034728). It is a protein_coding_gene from Dmel. It has 2 annotated transcripts and 2 polypeptides (all unique). Gene sequence location is 2R:22421013..22425482. Its molecular function is described by: single-stranded telomeric DNA binding; double-stranded telomeric DNA binding; G-quadruplex DNA binding; ATP hydrolysis activity; double-stranded DNA binding. It is involved in the biological process described with 8 unique terms, many of which group under: cellular process; chromosome organization; metabolic process; organelle organization; primary metabolic process. 10 alleles are reported. The phenotypes of these alleles manifest in: chromosome; intracellular anatomical structure; mesothoracic segment; replicon; external sensillum. The phenotypic classes of alleles include: increased mortality during development; phenotype; increased mortality; some die during pupal stage. Summary of modENCODE Temporal Expression Profile:  Temporal profile ranges from a peak of moderately high expression to a trough of very low expression.  Peak expression observed within 00-06 hour embryonic stages, in adult female stages.
N0.HOG0001652	None	None	-0.2183152727132396	0.49545035953231165	n	-0.3239516949938394	0.3043074354691464	n	juvenile hormone acid methyltransferase (from API summary)	1	1	2	1	1	1	2	9	1	1	2	1	1	1	8	rna-NM_001299051.1	FBgn0028841	The gene juvenile hormone acid methyltransferase is referred to in FlyBase by the symbol Dmel\jhamt (CG17330, FBgn0028841). It is a protein_coding_gene from Dmel. It has 2 annotated transcripts and 2 polypeptides (1 unique). Gene sequence location is 2L:16365903..16367039. Its molecular function is described by: farnesoic acid O-methyltransferase activity; methyltransferase activity. It is involved in the biological process described with: male courtship behavior; juvenile hormone biosynthetic process. 28 alleles are reported. The phenotypes of these alleles manifest in: ovary; male genitalia; primordial germ cell. The phenotypic classes of alleles include: some die during P-stage; phenotype; increased mortality; viable. Summary of modENCODE Temporal Expression Profile:  Temporal profile ranges from a peak of moderately high expression to a trough of extremely low expression.  Peak expression observed within 06-12 hour embryonic stages.
N0.HOG0001655	None	None	0.54641064530391	0.06604060406823514	n	0.5639238070123688	0.05616717538739797	n	Cyclin-dependent kinase 2 (from API summary)	1	2	1	1	1	2	2	1	1	2	8	1	1	1	7	rna-NM_001170195.3	FBgn0004107	The gene Cyclin-dependent kinase 2 is referred to in FlyBase by the symbol Dmel\Cdk2 (CG10498, FBgn0004107). It is a protein_coding_gene from Dmel. It has 3 annotated transcripts and 3 polypeptides (1 unique). Gene sequence location is 3R:20735623..20738414. Its molecular function is described by: cyclin binding; protein kinase activity; ATP binding; cyclin-dependent protein serine/threonine kinase activity. It is involved in the biological process described with 6 unique terms, many of which group under: regulation of biological process; G2/M transition of mitotic cell cycle; positive regulation of biological process; cell cycle G1/S phase transition; positive regulation of signaling. 28 alleles are reported. The phenotypes of these alleles manifest in: cellular anatomical structure; intracellular organelle; organelle; organ system; germ layer derivative. The phenotypic classes of alleles include: abnormal neuroanatomy; lethal; abnormal size; wild-type; decreased body size; female sterile. Summary of modENCODE Temporal Expression Profile:  Temporal profile ranges from a peak of high expression to a trough of low expression.  Peak expression observed within 00-12 hour embryonic stages, in adult female stages.
N0.HOG0001692	Gene Group 32	transcription regulation	0.2183152727132396	0.49545035953231165	n	0.20423041640915962	0.5243243274359985	n	uncharacterized protein(CG10948)	1	2	1	2	1	1	1	3	1	1	7	1	1	1	6	rna-NM_168524.2	FBgn0036317	This gene is referred to in FlyBase by the symbol Dmel\CG10948 (FBgn0036317). It is a protein_coding_gene from Dmel. It has 3 annotated transcripts and 3 polypeptides (all unique). Gene sequence location is 3L:12844254..12850117. Its molecular function is described by 6 unique terms, many of which group under: nucleic acid binding; binding; catalytic activity; oxidoreductase activity; RNA binding. It is involved in the biological process described with: ultradian rhythm. 7 alleles are reported. No phenotypic data is available. The phenotypic classes of alleles include: lethal; female semi-sterile; fertile; partially lethal - majority die; lethal - all die during P-stage; viable. Summary of modENCODE Temporal Expression Profile:  Temporal profile ranges from a peak of moderately high expression to a trough of moderate expression.  Peak expression observed within 12-18 embryonic stages, at stages throughout the pupal period.
N0.HOG0001693	None	None	0.28873955423363945	0.36272223973310513	n	0.28873955423363945	0.36272223973310513	n	None	1	1	1	1	1	1	6	1	1	2	3	2	2	2	5	rna-NM_134918.4	FBgn0031518	This gene is referred to in FlyBase by the symbol Dmel\CG3277 (FBgn0031518). It is a protein_coding_gene from Dmel. It has one annotated transcript and one polypeptide. Gene sequence location is 2L:3304100..3317418. Its molecular function is described by: transmembrane receptor protein tyrosine kinase activity; protein tyrosine kinase activity; protein kinase activity; ATP binding. It is involved in the biological process described with: cell surface receptor protein tyrosine kinase signaling pathway. 8 alleles are reported. No phenotypic data is available. The phenotypic class of alleles includes: viable. Summary of modENCODE Temporal Expression Profile:  Temporal profile ranges from a peak of moderately high expression to a trough of very low expression.  Peak expression observed within 18-24 hour embryonic stages.
N0.HOG0001703	Gene Group 2	protein breakdown (proteolysis)	-0.16783216783216784	0.602099427786538	n	0.006993006993006993	0.9827917689028476	n	uncharacterized protein(CG9953)	1	4	1	1	1	1	2	1	4	2	1	1	3	1	3	rna-NM_139810.3	FBgn0035726	This gene is referred to in FlyBase by the symbol Dmel\CG9953 (FBgn0035726). It is a protein_coding_gene from Dmel. It has one annotated transcript and one polypeptide. Gene sequence location is 3L:6969658..6971666. Its molecular function is described by: dipeptidyl-peptidase activity; serine-type exopeptidase activity; serine hydrolase activity. It is involved in the biological process described with: proteolysis. 7 alleles are reported. No phenotypic data is available. The phenotypic class of alleles includes: viable. Summary of modENCODE Temporal Expression Profile:  Temporal profile ranges from a peak of very high expression to a trough of low expression.  Peak expression observed within 00-06 hour embryonic stages, in adult female stages.
N0.HOG0001708	None	None	0.20901052190517005	0.5144446616196205	n	0.14556089918395773	0.6517125235441018	n	Elongin A (from API summary)	1	1	2	1	1	1	1	1	1	1	10	1	1	1	9	rna-NM_170061.3	FBgn0039066	The gene Elongin A is referred to in FlyBase by the symbol Dmel\EloA (CG6755, FBgn0039066). It is a protein_coding_gene from Dmel. It has 2 annotated transcripts and 2 polypeptides (all unique). Gene sequence location is 3R:23251563..23255071. Its molecular function is unknown. It is involved in the biological process described with: transcription elongation by RNA polymerase II; imaginal disc-derived wing vein specification. 6 alleles are reported. The phenotypes of these alleles manifest in: wing margin; wing vein. The phenotypic classes of alleles include: viable; visible; lethal - all die before end of pupal stage; lethal - all die during embryonic stage; some die during pupal stage; lethal. Summary of modENCODE Temporal Expression Profile:  Temporal profile ranges from a peak of high expression to a trough of moderate expression.  Peak expression observed within 00-06 hour embryonic stages.
N0.HOG0001716	None	None	0.09254134140073665	0.7748420204627596	n	-0.17440483571677293	0.5877375856990321	n	None	1	1	8	1	1	3	1	1	1	2	1	1	1	1	7	rna-NM_142904.4	FBgn0039094	This gene is referred to in FlyBase by the symbol Dmel\CG10184 (FBgn0039094). It is a protein_coding_gene from Dmel. It has one annotated transcript and one polypeptide. Gene sequence location is 3R:23602507..23605495. Its molecular function is described by: L-allo-threonine aldolase activity; lyase activity. It is involved in the biological process described with: L-threonine catabolic process; amino acid metabolic process; glycine biosynthetic process. 4 alleles are reported. No phenotypic data is available. The phenotypic class of alleles includes: viable. Summary of modENCODE Temporal Expression Profile:  Temporal profile ranges from a peak of high expression to a trough of very low expression.  Peak expression observed during early larval stages.
N0.HOG0001719	Gene Group 26	glycolysis and early development (and other)	0.028021058733533853	0.9311140674192737	n	0.4098079839779326	0.18582449084404484	n	uncoordinated 80(unc80)	1	1	1	1	2	1	1	2	1	1	2	1	2	7	6	rna-NM_001276095.1	FBgn0039536	The gene uncoordinated 80 is referred to in FlyBase by the symbol Dmel\unc80 (CG18437, FBgn0039536). It is a protein_coding_gene from Dmel. It has 5 annotated transcripts and 5 polypeptides (all unique). Gene sequence location is 3R:27662439..27677099. Its molecular function is described by: monoatomic cation channel activity. It is involved in the biological process described with: locomotor rhythm; monoatomic cation homeostasis. 10 alleles are reported. No phenotypic data is available. The phenotypic classes of alleles include: viable; abnormal circadian behavior. Summary of modENCODE Temporal Expression Profile:  Temporal profile ranges from a peak of moderate expression to a trough of extremely low expression.  Peak expression observed within 12-24 hour embryonic stages, during early larval stages, during late pupal stages, in adult male stages.
N0.HOG0001747	Gene Group 32	transcription regulation	0.2491497653096756	0.43485380702768006	n	0.37728393032608015	0.22665643326935325	n	Insulator su(Hw) mRNA adaptor(Isha)	1	2	3	1	1	1	1	1	1	1	1	1	2	7	6	rna-NM_001103924.2	FBgn0034598	The gene Insulator su(Hw) mRNA adaptor is referred to in FlyBase by the symbol Dmel\Isha (CG4266, FBgn0034598). It is a protein_coding_gene from Dmel. It has 4 annotated transcripts and 4 polypeptides (all unique). Gene sequence location is 2R:21161713..21168659. Its molecular function is described by: nucleic acid binding; mRNA binding; chromatin binding; RNA binding. It is involved in the biological process described with: negative regulation of transcription by RNA polymerase II. 13 alleles are reported. The phenotypes of these alleles manifest in: presynapse; NMJ bouton; cell cluster organ; mesonotum; nervous system. The phenotypic classes of alleles include: visible; phenotype; increased mortality; abnormal behavior. Summary of modENCODE Temporal Expression Profile:  Temporal profile ranges from a peak of high expression to a trough of moderate expression.  Peak expression observed within 00-12 hour embryonic stages.
N0.HOG0001752	None	None	0.10507897025075195	0.7451766219125175	n	0.08756580854229329	0.7866940142086327	n	Heat shock protein 60D (from API summary)	2	1	1	1	1	1	1	1	1	1	1	1	3	1	2	rna-NM_135812.2	FBgn0032525	The gene Heat shock protein 60D is referred to in FlyBase by the symbol Dmel\Hsp60D (CG16954, FBgn0032525). It is a protein_coding_gene from Dmel. It has 2 annotated transcripts and 2 polypeptides (1 unique). Gene sequence location is 2L:13447538..13449497. Its molecular function is described by: ATP hydrolysis activity; ATP-dependent protein folding chaperone; ATP binding; protein-folding chaperone binding. It is involved in the biological process described with 6 unique terms, many of which group under: cellular process; apoptotic process; programmed cell death; cell death; response to unfolded protein. 9 alleles are reported. The phenotypes of these alleles manifest in: eye; eye disc. The phenotypic classes of alleles include: viable; abnormal flight; visible; partially lethal; increased cell death. Summary of modENCODE Temporal Expression Profile:  Temporal profile ranges from a peak of moderate expression to a trough of no expression detected.  Peak expression observed during late pupal stages, in adult male stages.
N0.HOG0001763	None	None	0.3636363636363637	0.2452650007307772	n	0.6853146853146854	0.013905968814362752	n	Malate dehydrogenase 2c (from API summary)	2	1	1	1	1	1	1	1	1	2	1	1	1	2	1	rna-NM_140358.2	FBgn0036327	The gene Malate dehydrogenase 2c is referred to in FlyBase by the symbol Dmel\Mdh2c (CG10748, FBgn0036327). It is a protein_coding_gene from Dmel. It has one annotated transcript and one polypeptide. Gene sequence location is 3L:12971214..12972359. Its molecular function is described by: malate dehydrogenase activity; catalytic activity; oxidoreductase activity; oxidoreductase activity, acting on the CH-OH group of donors, NAD or NADP as acceptor; L-malate dehydrogenase (NAD+) activity. It is involved in the biological process described with: malate metabolic process; tricarboxylic acid cycle; gluconeogenesis; carboxylic acid metabolic process. 4 alleles are reported. No phenotypic data is available. The phenotypic classes of alleles include: male fertile; viable. Summary of modENCODE Temporal Expression Profile:  Temporal profile ranges from a peak of moderate expression to a trough of no expression detected.  Peak expression observed during late larval stages, at stages throughout the pupal period, in adult male stages.
N0.HOG0001765	None	None	0.1885295837911297	0.5573365380454538	n	0.47132395947782424	0.1219218933169533	n	None	1	1	1	1	1	1	1	1	1	1	1	1	1	11	10	rna-NM_135651.3	FBgn0032348	This gene is referred to in FlyBase by the symbol Dmel\CG4751 (FBgn0032348). It is a protein_coding_gene from Dmel. It has one annotated transcript and one polypeptide. Gene sequence location is 2L:11130737..11136003. Its molecular function is described by: metallopeptidase activity; peptidase activity; metal-dependent deubiquitinase activity. It is involved in the biological process described with: . 6 alleles are reported. No phenotypic data is available. The phenotypic class of alleles includes: viable. Summary of modENCODE Temporal Expression Profile:  Temporal profile ranges from a peak of moderately high expression to a trough of low expression.  Peak expression observed within 00-12 hour embryonic stages, during early pupal stages.
N0.HOG0001774	Gene Group 26	glycolysis and early development (and other)	0.10823759170089164	0.7377511951161495	n	-0.20154586040855682	0.529908390325752	n	uncharacterized protein(CG11149)	1	1	2	1	1	4	1	1	1	1	1	1	1	1	3	rna-NM_135108.3	FBgn0031732	This gene is referred to in FlyBase by the symbol Dmel\CG11149 (FBgn0031732). It is a protein_coding_gene from Dmel. It has 5 annotated transcripts and 5 polypeptides (2 unique). Gene sequence location is 2L:5718121..5720899. Its molecular function is described by: glucuronosyltransferase activity. The biological processes in which it is involved are not known. 7 alleles are reported. No phenotypic data is available. The phenotypic classes of alleles include: lethal; viable. Summary of modENCODE Temporal Expression Profile:  Temporal profile ranges from a peak of moderate expression to a trough of extremely low expression.  Peak expression observed within 18-24 hour embryonic stages, during late larval stages, in stages of adults of both sexes.
N0.HOG0001781	Gene Group 26	glycolysis and early development (and other)	0.29071848436041375	0.3592928176714778	n	0.38528955758609046	0.21614675953998513	n	uncharacterized protein(CG3603)	1	1	2	1	2	1	1	1	1	2	1	1	4	5	4	rna-NM_001272270.1	FBgn0029648	This gene is referred to in FlyBase by the symbol Dmel\CG3603 (FBgn0029648). It is a protein_coding_gene from Dmel. It has 2 annotated transcripts and 2 polypeptides (1 unique). Gene sequence location is X:2948034..2949120. Its molecular function is described by: oxidoreductase activity, acting on the CH-OH group of donors, NAD or NADP as acceptor; quinone binding; 3-oxoacyl-[acyl-carrier-protein] reductase (NADPH) activity. It is involved in the biological process described with: fatty acid biosynthetic process. 4 alleles are reported. No phenotypic data is available. The phenotypic classes of alleles include: viable; male fertile. Summary of modENCODE Temporal Expression Profile:  Temporal profile ranges from a peak of moderately high expression to a trough of very low expression.  Peak expression observed at stages throughout the larval period, during late pupal stages, in stages of adults of both sexes.
N0.HOG0001786	Gene Group 31	chromatin organization and transcription regulation	0.4155032609703593	0.17918196554757054	n	0.6690306744437988	0.01735219250540726	n	uncharacterized protein(CG1024)	1	3	1	1	2	1	1	1	1	1	5	1	4	3	4	rna-NM_001144542.2	FBgn0027514	This gene is referred to in FlyBase by the symbol Dmel\CG1024 (FBgn0027514). It is a protein_coding_gene from Dmel. It has 3 annotated transcripts and 3 polypeptides (2 unique). Gene sequence location is 3R:6377349..6380328. Its molecular function is described by: RNA polymerase II transcription regulatory region sequence-specific DNA binding; RNA polymerase II cis-regulatory region sequence-specific DNA binding; DNA-binding transcription repressor activity, RNA polymerase II-specific; DNA-binding transcription factor activity, RNA polymerase II-specific. It is involved in the biological process described with: regulation of transcription by RNA polymerase II; negative regulation of transcription by RNA polymerase II. 10 alleles are reported. The phenotypes of these alleles manifest in: wing; ganglion mother cell; trichogen cell; mesonotum; larval neuroblast. The phenotypic classes of alleles include: lethal - all die before end of pupal stage; visible; lethal; some die during pupal stage; abnormal neuroanatomy. Summary of modENCODE Temporal Expression Profile:  Temporal profile ranges from a peak of high expression to a trough of low expression.  Peak expression observed within 00-06 hour embryonic stages.
N0.HOG0001793	None	None	0.16783216783216784	0.602099427786538	n	0.5384615384615385	0.07089431754922315	n	ribonuclease H1 (from API summary)	1	4	1	1	2	1	2	1	1	4	1	1	1	3	3	rna-NM_057967.5	FBgn0023171	The gene ribonuclease H1 is referred to in FlyBase by the symbol Dmel\rnh1 (CG8729, FBgn0023171). It is a protein_coding_gene from Dmel. It has 2 annotated transcripts and 2 polypeptides (all unique). Gene sequence location is 2R:7931054..7932380. Its molecular function is described by: nucleic acid binding; magnesium ion binding; RNA-DNA hybrid ribonuclease activity. It is involved in the biological process described with: DNA replication, removal of RNA primer; mitochondrial DNA replication. 15 alleles are reported. The phenotypes of these alleles manifest in: prepupa; melanotic mass; larval central nervous system; imaginal disc. The phenotypic classes of alleles include: lethal; increased mortality; phenotype; increased mortality during development. Summary of modENCODE Temporal Expression Profile:  Temporal profile ranges from a peak of moderately high expression to a trough of moderate expression.  Peak expression observed within 00-12 hour embryonic stages, in stages of adults of both sexes.
N0.HOG0001798	Gene Group 31	chromatin organization and transcription regulation	-0.1619758474969197	0.615006487406935	n	-0.36620626390607935	0.24169426770328267	n	uncharacterized protein(CG10631)	1	1	3	4	1	1	1	1	1	1	1	9	2	2	8	rna-NM_136154.2	FBgn0032817	This gene is referred to in FlyBase by the symbol Dmel\CG10631 (FBgn0032817). It is a protein_coding_gene from Dmel. It has one annotated transcript and one polypeptide. Gene sequence location is 2L:19742817..19756904. Its molecular function is described by: sequence-specific DNA binding; transcription corepressor activity. It is involved in the biological process described with: negative regulation of transcription by RNA polymerase II. 16 alleles are reported. No phenotypic data is available. The phenotypic class of alleles includes: viable. Summary of modENCODE Temporal Expression Profile:  Temporal profile ranges from a peak of moderate expression to a trough of very low expression.  Peak expression observed within 00-06 and 12-24 hour embryonic stages, at stages throughout the larval period, at stages throughout the pupal period, in stages of adults of both sexes.
N0.HOG0001838	None	None	0.30986683868975945	0.3270050102150108	n	0.4788851143387191	0.11523415616227106	n	Glycogen phosphorylase (from API summary)	1	1	2	1	1	1	1	1	3	1	3	1	1	5	4	rna-NM_164453.4	FBgn0004507	The gene Glycogen phosphorylase is referred to in FlyBase by the symbol Dmel\Glyp (CG7254, FBgn0004507). It is a protein_coding_gene from Dmel. It has 2 annotated transcripts and 2 polypeptides (1 unique). Gene sequence location is 2L:2130813..2137296. Its molecular function is described by: glycogen phosphorylase activity; protein homodimerization activity; 1,4-alpha-oligoglucan phosphorylase activity; pyridoxal phosphate binding. It is involved in the biological process described with 6 unique terms, many of which group under: carbohydrate metabolic process; cellular response to endogenous stimulus; generation of precursor metabolites and energy; determination of adult lifespan; defense response to Gram-negative bacterium. 28 alleles are reported. No phenotypic data is available. The phenotypic classes of alleles include: abnormal starvation stress response; increased mortality during development; phenotype; increased mortality. Summary of modENCODE Temporal Expression Profile:  Temporal profile ranges from a peak of very high expression to a trough of moderate expression.  Peak expression observed within 00-06 and 12-24 hour embryonic stages, at stages throughout the larval period, during late pupal stages, in stages of adults of both sexes.
N0.HOG0001850	Gene Group 26	glycolysis and early development (and other)	0.14948985918580535	0.6428582844892912	n	0.28474258892534354	0.36970108096762055	n	prage(prage)	1	1	1	1	1	1	5	2	1	1	7	1	1	1	6	rna-NM_001258552.1	FBgn0283741	The gene prage is referred to in FlyBase by the symbol Dmel\prage (CG42666, FBgn0283741). It is a protein_coding_gene from Dmel. It has 11 annotated transcripts and 11 polypeptides (4 unique). Gene sequence location is X:1773719..1853667. Its molecular function is described by: exonuclease activity; nucleic acid binding. It is involved in the biological process described with: rRNA 3'-end processing; egg activation. 27 alleles are reported. The phenotypes of these alleles manifest in: chaeta; mesonotum; trichogen cell. The phenotypic classes of alleles include: increased mortality during development; phenotype; increased mortality; some die during P-stage.
N0.HOG0001856	Gene Group 26,Gene Group 36	glycolysis and early development (and other),uncharacterized	-0.1958041958041958	0.5419358857313175	n	0.04895104895104895	0.8799185788786749	n	uncharacterized protein(CG42390)	1	1	2	1	2	2	1	1	5	1	1	1	1	3	4	rna-NM_001382087.1	FBgn0259736	This gene is referred to in FlyBase by the symbol Dmel\CG42390 (FBgn0259736). It is a protein_coding_gene from Dmel. It has 5 annotated transcripts and 5 polypeptides (4 unique). Gene sequence location is 3R:22120061..22133367. Its molecular function is described by: . It is involved in the biological process described with: protein export from nucleus. 6 alleles are reported. The phenotypes of these alleles manifest in: trichogen cell; chaeta. The phenotypic classes of alleles include: partially lethal; phenotype; increased mortality during development; increased mortality. Summary of modENCODE Temporal Expression Profile:  Temporal profile ranges from a peak of high expression to a trough of extremely low expression.  Peak expression observed within 18-24 hour embryonic stages, in adult male stages.
N0.HOG0001891	None	None	0.35592823615667946	0.25616023692406037	n	0.3167761301794447	0.315758197187108	n	None	1	1	1	6	1	1	1	1	1	1	5	3	1	4	5	rna-NM_140599.3	FBgn0036588	This gene is referred to in FlyBase by the symbol Dmel\CG13068 (FBgn0036588). It is a protein_coding_gene from Dmel. It has one annotated transcript and one polypeptide. Gene sequence location is 3L:16269392..16269911. Its molecular function is unknown. The biological processes in which it is involved are not known. 4 alleles are reported. No phenotypic data is available. The phenotypic classes of alleles include: some die during pupal stage; partially lethal - majority die; viable. Summary of modENCODE Temporal Expression Profile:  Temporal profile ranges from a peak of very high expression to a trough of no expression detected.  Peak expression observed within 18-24 hour embryonic stages, during early larval stages, at stages throughout the pupal period.
N0.HOG0001904	None	None	0.30069930069930073	0.34225952894002465	n	0.44055944055944063	0.15173503571673022	n	timeout (from API summary)	1	1	1	2	1	1	2	1	2	1	1	1	1	7	6	rna-NM_079617.3	FBgn0038118	The gene timeout is referred to in FlyBase by the symbol Dmel\timeout (CG7855, FBgn0038118). It is a protein_coding_gene from Dmel. It has one annotated transcript and one polypeptide. Gene sequence location is 3R:13088651..13163876. Its molecular function is described by: DNA binding. It is involved in the biological process described with: entrainment of circadian clock; DNA repair; replication fork arrest; DNA damage checkpoint signaling; DNA replication checkpoint signaling. 26 alleles are reported. The phenotypes of these alleles manifest in: head; chromosome; trichogen cell; eye. The phenotypic classes of alleles include: some die during pupal stage; increased mortality; phenotype; increased mortality during development. Summary of modENCODE Temporal Expression Profile:  Temporal profile ranges from a peak of moderately high expression to a trough of very low expression.  Peak expression observed within 00-06 hour embryonic stages.
N0.HOG0001910	None	None	0.05800910270496299	0.8578817998209817	n	0.07976251621932409	0.805365010461281	n	Drosomycin-like 6 (from API summary)	2	1	1	1	1	1	1	1	1	1	2	3	10	6	9	rna-NM_168028.2	FBgn0052268	The gene Drosomycin-like 6 is referred to in FlyBase by the symbol Dmel\Drsl6 (CG32268, FBgn0052268). It is a protein_coding_gene from Dmel. It has one annotated transcript and one polypeptide. Gene sequence location is 3L:3336032..3336418. Its molecular function is described by: . It is involved in the biological process described with: defense response; defense response to fungus. 4 alleles are reported. No phenotypic data is available. The phenotypic class of alleles includes: viable. Summary of modENCODE Temporal Expression Profile:  Temporal profile ranges from a peak of extremely high expression to a trough of no expression detected.  Peak expression observed during early pupal stages.
N0.HOG0001918	None	None	0.20665530815981217	0.5193022970166132	n	0.22416846986827083	0.4836659657010076	n	mars (from API summary)	1	1	3	1	2	3	1	1	1	1	1	1	2	4	3	rna-NM_001299459.1	FBgn0033845	The gene mars is referred to in FlyBase by the symbol Dmel\mars (CG17064, FBgn0033845). It is a protein_coding_gene from Dmel. It has 4 annotated transcripts and 4 polypeptides (1 unique). Gene sequence location is 2R:13500621..13506011. Its molecular function is described by: microtubule binding; protein phosphatase 1 binding. It is involved in the biological process described with 8 unique terms, many of which group under: cellular process; cell cycle; biological regulation; regulation of cell cycle; regulation of biological process. 22 alleles are reported. The phenotypes of these alleles manifest in: anatomical structure; intracellular organelle; intracellular membraneless organelle; organelle; cellular anatomical structure. The phenotypic classes of alleles include: increased mortality; phenotype; grandchildless; chemical sensitive. Summary of modENCODE Temporal Expression Profile:  Temporal profile ranges from a peak of high expression to a trough of very low expression.  Peak expression observed within 00-12 hour embryonic stages.
N0.HOG0001925	Gene Group 26	glycolysis and early development (and other)	0.40846083281831924	0.18741773178386253	n	0.7112852433560386	0.009491918077715033	n	uncharacterized protein(CG6184)	1	1	1	1	2	1	1	1	2	1	6	1	1	3	5	rna-NM_169870.2	FBgn0038725	This gene is referred to in FlyBase by the symbol Dmel\CG6184 (FBgn0038725). It is a protein_coding_gene from Dmel. It has 3 annotated transcripts and 3 polypeptides (all unique). Gene sequence location is 3R:19652369..19657866. Its molecular function is unknown. The biological processes in which it is involved are not known. 4 alleles are reported. No phenotypic data is available. The phenotypic class of alleles includes: viable. Summary of modENCODE Temporal Expression Profile:  Temporal profile ranges from a peak of moderately high expression to a trough of extremely low expression.  Peak expression observed within 12-18 embryonic stages.
N0.HOG0001927	None	None	0.034965034965034975	0.9140933424107598	n	0.1188811188811189	0.712884219214772	n	shutdown (from API summary)	2	2	1	1	4	2	3	1	1	1	1	1	3	1	3	rna-NM_137993.4	FBgn0003401	The gene shutdown is referred to in FlyBase by the symbol Dmel\shu (CG4735, FBgn0003401). It is a protein_coding_gene from Dmel. It has one annotated transcript and one polypeptide. Gene sequence location is 2R:23841461..23843286. Its molecular function is described by: Hsp90 protein binding; peptidyl-prolyl cis-trans isomerase activity. It is involved in the biological process described with 6 unique terms, many of which group under: multicellular organismal reproductive process; germ cell development; sexual reproduction; spermatogenesis; cellular developmental process. 17 alleles are reported. The phenotypes of these alleles manifest in: fusome; stretch follicle cell; egg; egg chamber; germline cell. The phenotypic classes of alleles include: abnormal locomotor behavior; phenotype; abnormal behavior; sterile. Summary of modENCODE Temporal Expression Profile:  Temporal profile ranges from a peak of moderately high expression to a trough of very low expression.  Peak expression observed within 00-06 hour embryonic stages, in adult female stages.
N0.HOG0001928	Gene Group 26	glycolysis and early development (and other)	0.07042428152039987	0.827831199192635	n	0.4295881172744393	0.1633986208085632	n	uncharacterized protein(CG13698)	1	1	1	1	2	1	1	1	4	1	3	1	1	4	3	rna-NM_140770.3	FBgn0036773	This gene is referred to in FlyBase by the symbol Dmel\CG13698 (FBgn0036773). It is a protein_coding_gene from Dmel. It has 2 annotated transcripts and 2 polypeptides (1 unique). Gene sequence location is 3L:18088417..18106149. Its molecular function is unknown. The biological processes in which it is involved are not known. 13 alleles are reported. No phenotypic data is available. The phenotypic class of alleles includes: viable. Summary of modENCODE Temporal Expression Profile:  Temporal profile ranges from a peak of high expression to a trough of very low expression.  Peak expression observed within 12-18 embryonic stages.
N0.HOG0001933	None	None	-0.03915210597723474	0.9038457694604445	n	0.03915210597723474	0.9038457694604445	n	Eb1 (from API summary)	1	1	1	1	2	1	1	1	1	1	1	1	8	2	7	rna-NM_165487.4	FBgn0027066	The gene Eb1 is referred to in FlyBase by the symbol Dmel\Eb1 (CG3265, FBgn0027066). It is a protein_coding_gene from Dmel. It has 6 annotated transcripts and 6 polypeptides (3 unique). Gene sequence location is 2R:6749227..6756300. Its molecular function is described by: protein binding; microtubule plus-end binding; microtubule binding; myosin binding. It is involved in the biological process described with 18 unique terms, many of which group under: locomotory behavior; chromosome segregation; developmental process; wound healing; nervous system process. 58 alleles are reported. The phenotypes of these alleles manifest in: microtubule; supramolecular polymer; intracellular anatomical structure; plasma membrane bounded cell projection; external sensillum. The phenotypic classes of alleles include: phenotype; increased mortality during development; increased mortality; flightless. Summary of modENCODE Temporal Expression Profile:  Temporal profile ranges from a peak of very high expression to a trough of moderately high expression.  Peak expression observed within 00-12 hour embryonic stages.
N0.HOG0001973	None	None	-0.14816194208498978	0.6458461551589187	n	0.0	1.0	n	MAGE (from API summary)	1	1	1	1	1	1	1	1	1	10	1	1	1	1	9	rna-NM_141445.3	FBgn0037481	The gene MAGE is referred to in FlyBase by the symbol Dmel\MAGE (CG10059, FBgn0037481). It is a protein_coding_gene from Dmel. It has one annotated transcript and one polypeptide. Gene sequence location is 3R:7154238..7155180. Its molecular function is unknown. It is involved in the biological process described with: DNA damage response; negative regulation of neuron apoptotic process; DNA repair; negative regulation of neuroblast proliferation. 14 alleles are reported. The phenotypes of these alleles manifest in: organ system; organ system subdivision; adult brain; fat body; cellular anatomical structure. The phenotypic classes of alleles include: chemical sensitive; phenotype; increased mortality during development; abnormal cell number. Summary of modENCODE Temporal Expression Profile:  Temporal profile ranges from a peak of high expression to a trough of low expression.  Peak expression observed within 00-06 hour embryonic stages.
N0.HOG0001999	Gene Group 33	mitochondrial translation	0.1328671328671329	0.6805975082860818	n	0.0	1.0	n	waclaw(waw)	1	1	2	1	1	1	5	1	1	1	1	1	3	2	4	rna-NM_001031918.2	FBgn0024182	The gene waclaw is referred to in FlyBase by the symbol Dmel\waw (CG1410, FBgn0024182). It is a protein_coding_gene from Dmel. It has one annotated transcript and one polypeptide. Gene sequence location is X:21363028..21373145. Its molecular function is described by: mitochondrial ribosome binding; GTP binding; GTPase activity. It is involved in the biological process described with: positive regulation of translation. 8 alleles are reported. No phenotypic data is available. The phenotypic classes of alleles include: fertile; viable. Summary of modENCODE Temporal Expression Profile:  Temporal profile ranges from a peak of moderately high expression to a trough of moderate expression.  Peak expression observed at stages throughout embryogenesis, at stages throughout the larval period, at stages throughout the pupal period, in stages of adults of both sexes.  This gene is annotated by FlyBase as a dicistronic gene, meaning that some or all of its transcripts encode two or more polypeptide-coding open reading frames (ORFs) , with each ORF assigned to a different gene.  The distribution of RNA-Seq coverage data amongst the different encoded genes cannot be determined.
N0.HOG0002009	None	None	0.06293706293706294	0.8459309212287789	n	0.3216783216783217	0.30790987618065263	n	fat (from API summary)	1	1	1	1	2	1	2	1	3	2	2	1	1	4	3	rna-NM_058149.4	FBgn0001075	The gene fat is referred to in FlyBase by the symbol Dmel\ft (CG3352, FBgn0001075). It is a protein_coding_gene from Dmel. It has one annotated transcript and one polypeptide. Gene sequence location is 2L:4198404..4221796. Its molecular function is described by: protein binding; calcium ion binding; cadherin binding. It is involved in the biological process described with 35 unique terms, many of which group under: cell-cell adhesion; cell adhesion; regulation of growth; cell-cell adhesion via plasma-membrane adhesion molecules; localization. 178 alleles are reported. The phenotypes of these alleles manifest in: intracellular organelle; vacuole; intracellular membraneless organelle; somatic precursor cell; mesodermal derivative. The phenotypic classes of alleles include: phenotype; abnormal cell number; increased mortality; increased cell number. Summary of modENCODE Temporal Expression Profile:  Temporal profile ranges from a peak of high expression to a trough of extremely low expression.  Peak expression observed within 06-12 hour embryonic stages.
N0.HOG0002010	None	None	-0.0640670825082023	0.8431946004212494	n	0.2491497653096756	0.43485380702768006	n	None	1	8	2	1	1	1	1	1	1	2	1	2	1	1	7	rna-NM_134535.3	FBgn0031098	This gene is referred to in FlyBase by the symbol Dmel\CG17068 (FBgn0031098). It is a protein_coding_gene from Dmel. It has one annotated transcript and one polypeptide. Gene sequence location is X:20248309..20251093. Its molecular function is unknown. It is involved in the biological process described with: neurogenesis. 5 alleles are reported. The phenotype of these alleles manifest in: mesonotum. The phenotypic classes of alleles include: viable; abnormal body color. Summary of modENCODE Temporal Expression Profile:  Temporal profile ranges from a peak of moderately high expression to a trough of low expression.  Peak expression observed within 00-06 hour embryonic stages, in adult female stages.
N0.HOG0002028	None	None	0.3167761301794447	0.315758197187108	n	0.38796177741078064	0.21270554169981246	n	Cylindromatosis (from API summary)	1	1	1	1	2	1	1	1	1	1	4	1	5	1	4	rna-NM_164909.2	FBgn0032210	The gene Cylindromatosis is referred to in FlyBase by the symbol Dmel\CYLD (CG5603, FBgn0032210). It is a protein_coding_gene from Dmel. It has 3 annotated transcripts and 3 polypeptides (2 unique). Gene sequence location is 2L:10295859..10299847. Its molecular function is described by: K63-linked deubiquitinase activity; Met1-linked polyubiquitin deubiquitinase activity; cysteine-type deubiquitinase activity. It is involved in the biological process described with 10 unique terms, many of which group under: regulation of defense response to bacterium; response to tumor necrosis factor; multicellular organismal process; protein K63-linked deubiquitination; homeostatic process. 24 alleles are reported. The phenotypes of these alleles manifest in: scutellum; lipid droplet; adult fat body. The phenotypic classes of alleles include: short lived; abnormal immune response; phenotype; abnormal stress response. Summary of modENCODE Temporal Expression Profile:  Temporal profile ranges from a peak of moderately high expression to a trough of low expression.  Peak expression observed within 12-18 embryonic stages, during late larval stages, at stages throughout the pupal period, in adult male stages.
N0.HOG0002037	None	None	0.5034965034965035	0.09515736659412469	n	0.5454545454545455	0.06661188226688902	n	None	2	1	1	2	1	1	1	1	2	1	6	1	1	3	5	rna-NM_137868.2	FBgn0050268	This gene is referred to in FlyBase by the symbol Dmel\CG30268 (FBgn0050268). It is a protein_coding_gene from Dmel. It has one annotated transcript and one polypeptide. Gene sequence location is 2R:22712701..22717247. Its molecular function is unknown. It is involved in the biological process described with: sperm flagellum assembly. 7 alleles are reported. No phenotypic data is available. The phenotypic class of alleles includes: viable. Summary of modENCODE Temporal Expression Profile:  Temporal profile ranges from a peak of moderate expression to a trough of no expression detected.  Peak expression observed in adult male stages.
N0.HOG0002040	None	None	0.7272727272727274	0.007355028857805126	n	0.6433566433566434	0.024003191200713644	n	None	1	1	4	2	1	1	1	1	1	1	4	1	1	3	3	rna-NM_001259470.2	FBgn0263029	This gene is referred to in FlyBase by the symbol Dmel\CG43324 (FBgn0263029). It is a protein_coding_gene from Dmel. It has one annotated transcript and one polypeptide. Gene sequence location is 2R:17563606..17564351. Its molecular function is described by: G-protein beta-subunit binding. It is involved in the biological process described with: G protein-coupled receptor signaling pathway. 6 alleles are reported. No phenotypic data is available. The phenotypic class of alleles includes: lethal.
N0.HOG0002042	None	None	0.3873335483621993	0.2135115526743914	n	0.612691249227479	0.03416813855342598	n	Neprilysin 1 (from API summary)	1	3	1	1	1	1	1	1	1	1	2	1	2	6	5	rna-NM_001297997.1	FBgn0029843	The gene Neprilysin 1 is referred to in FlyBase by the symbol Dmel\Nep1 (CG5905, FBgn0029843). It is a protein_coding_gene from Dmel. It has 4 annotated transcripts and 4 polypeptides (1 unique). Gene sequence location is X:6091205..6103971. Its molecular function is described by: metalloendopeptidase activity; metallopeptidase activity. It is involved in the biological process described with: proteolysis. 14 alleles are reported. The phenotype of these alleles manifest in: wing. The phenotypic classes of alleles include: semi-sterile; increased mortality; increased mortality during development; phenotype. Summary of modENCODE Temporal Expression Profile:  Temporal profile ranges from a peak of moderate expression to a trough of very low expression.  Peak expression observed within 18-24 hour embryonic stages, at stages throughout the larval period, at stages throughout the pupal period, in stages of adults of both sexes.
N0.HOG0002051	None	None	0.24168163157672948	0.4491887440384277	n	0.44833693973654165	0.14379811749123733	n	None	1	1	1	2	1	1	2	2	1	1	1	1	1	7	6	rna-NM_001038984.3	FBgn0039544	This gene is referred to in FlyBase by the symbol Dmel\CG12877 (FBgn0039544). It is a protein_coding_gene from Dmel. It has one annotated transcript and one polypeptide. Gene sequence location is 3R:27707100..27710857. Its molecular function is described by: nucleic acid binding; exonuclease activity. It is involved in the biological process described with: rRNA 3'-end processing. 9 alleles are reported. No phenotypic data is available. The phenotypic classes of alleles include: viable; fertile. Summary of modENCODE Temporal Expression Profile:  Temporal profile ranges from a peak of moderately high expression to a trough of low expression.  Peak expression observed within 00-12 and 18-24 hour embryonic stages, in adult female stages.
N0.HOG0002086	None	None	0.3846153846153847	0.21702022575997748	n	0.3636363636363637	0.2452650007307772	n	mustard (from API summary)	1	1	1	1	1	1	1	1	1	1	1	1	1	2	1	rna-NM_001259999.2	FBgn0013576	The gene mustard is referred to in FlyBase by the symbol Dmel\mtd (CG32464, FBgn0013576). It is a protein_coding_gene from Dmel. It has 23 annotated transcripts and 23 polypeptides (19 unique). Gene sequence location is 3R:5270116..5350443. Its molecular function is unknown. It is involved in the biological process described with: response to oxidative stress; activation of innate immune response; positive regulation of stem cell proliferation; defense response to Gram-negative bacterium. 50 alleles are reported. The phenotypes of these alleles manifest in: mesothoracic segment; adult segment; organelle; vacuole; intracellular organelle. The phenotypic classes of alleles include: increased mortality; phenotype; abnormal stress response; abnormal neuroanatomy. Summary of modENCODE Temporal Expression Profile:  Temporal profile ranges from a peak of high expression to a trough of moderate expression.  Peak expression observed during early pupal stages.
N0.HOG0002091	None	None	0.09106844088398502	0.7783460719179525	n	0.2767079549936468	0.3839396014534967	n	Suppressor of Triplolethal (from API summary)	1	1	1	1	1	1	8	1	1	1	1	1	1	2	7	rna-NM_001170006.2	FBgn0014037	The gene Suppressor of Triplolethal is referred to in FlyBase by the symbol Dmel\Su(Tpl) (CG32217, FBgn0014037). It is a protein_coding_gene from Dmel. It has 3 annotated transcripts and 3 polypeptides (1 unique). Gene sequence location is 3L:19889120..19909410. Its molecular function is described by: RNA polymerase binding; cis-regulatory region sequence-specific DNA binding; chromatin binding; protein binding. It is involved in the biological process described with 7 unique terms, many of which group under: regulation of biosynthetic process; regulation of DNA-templated transcription; multicellular organismal process; stem cell population maintenance; anatomical structure development. 48 alleles are reported. The phenotypes of these alleles manifest in: type II neuroblast; rhabdomeric photoreceptor cell; epithelial tube; type I neuroblast; adult aminergic neuron. The phenotypic classes of alleles include: phenotype; increased mortality during development; increased mortality; partially lethal. Summary of modENCODE Temporal Expression Profile:  Temporal profile ranges from a peak of high expression to a trough of moderately high expression.  Peak expression observed at stages throughout embryogenesis, in adult female stages.
N0.HOG0002095	None	None	-0.09106844088398502	0.7783460719179525	n	-0.20665530815981217	0.5193022970166132	n	genghis khan (from API summary)	1	1	1	4	2	1	1	2	1	1	1	1	4	1	3	rna-NM_079113.3	FBgn0023081	The gene genghis khan is referred to in FlyBase by the symbol Dmel\gek (CG4012, FBgn0023081). It is a protein_coding_gene from Dmel. It has one annotated transcript and one polypeptide. Gene sequence location is 2R:24092079..24098636. Its molecular function is described by: protein kinase activity; protein serine/threonine kinase activity; protein binding; ATP binding. It is involved in the biological process described with: actin polymerization or depolymerization; synaptic target recognition; regulation of actin filament polymerization; actomyosin structure organization. 36 alleles are reported. The phenotypes of these alleles manifest in: plasma membrane bounded cell projection; motor neuron; neuron projection; male reproductive system; lamina plexus. The phenotypic classes of alleles include: increased mortality; phenotype; fertile; semi-sterile. Summary of modENCODE Temporal Expression Profile:  Temporal profile ranges from a peak of moderately high expression to a trough of moderate expression.  Peak expression observed within 00-18 hour embryonic stages, at stages throughout the pupal period, in adult female stages.
N0.HOG0002098	None	None	0.2464849853213996	0.43994311321635393	n	0.4225456891223993	0.17117595198400154	n	None	1	1	1	1	1	2	1	1	1	1	1	1	2	7	6	rna-NM_166161.2	FBgn0050100	This gene is referred to in FlyBase by the symbol Dmel\CG30100 (FBgn0050100). It is a protein_coding_gene from Dmel. It has 2 annotated transcripts and 2 polypeptides (1 unique). Gene sequence location is 2R:16291453..16292269. Its molecular function is described by: translation release factor activity. It is involved in the biological process described with: translational termination; rescue of stalled ribosome. 8 alleles are reported. No phenotypic data is available. The phenotypic classes of alleles include: fertile; viable. Summary of modENCODE Temporal Expression Profile:  Temporal profile ranges from a peak of moderately high expression to a trough of moderate expression.  Peak expression observed within 00-12 and 18-24 hour embryonic stages, during early larval stages, during late pupal stages, in adult female stages.  This gene is annotated by FlyBase as a dicistronic gene, meaning that some or all of its transcripts encode two or more polypeptide-coding open reading frames (ORFs) , with each ORF assigned to a different gene.  The distribution of RNA-Seq coverage data amongst the different encoded genes cannot be determined.
N0.HOG0002142	Gene Group 28	DNA-related functions	0.3045477892010557	0.3358099009982606	n	-0.02175341351436112	0.9464999715858183	n	proliferation disrupter(prod)	2	1	6	9	1	1	3	1	1	1	1	1	1	1	8	rna-NM_166317.2	FBgn0014269	The gene proliferation disrupter is referred to in FlyBase by the symbol Dmel\prod (CG18608, FBgn0014269). It is a protein_coding_gene from Dmel. It has one annotated transcript and one polypeptide. Gene sequence location is 2R:18969404..18971133. Its molecular function is unknown. It is involved in the biological process described with: regulation of circadian rhythm; lymph gland development; mitotic chromosome condensation. 21 alleles are reported. The phenotypes of these alleles manifest in: organism; developing material anatomical entity; anterior-posterior subdivision of organism; imaginal tissue; macrochaeta. The phenotypic classes of alleles include: increased mortality; abnormal cell number; phenotype; semi-sterile. Summary of modENCODE Temporal Expression Profile:  Temporal profile ranges from a peak of high expression to a trough of moderate expression.  Peak expression observed within 00-12 hour embryonic stages.
N0.HOG0002165	Gene Group 22	transcription regulation	0.21834391465156391	0.4953923823848684	n	0.3353138689291874	0.28665785786011205	n	hinge2(hng2)	1	1	1	1	1	1	1	1	1	1	20	1	1	1	19	rna-NM_141580.3	FBgn0037634	The gene hinge2 is referred to in FlyBase by the symbol Dmel\hng2 (CG8359, FBgn0037634). It is a protein_coding_gene from Dmel. It has one annotated transcript and one polypeptide. Gene sequence location is 3R:8806322..8807581. Its molecular function is described by: DNA binding. It is involved in the biological process described with: regulation of transcription by RNA polymerase II. 9 alleles are reported. The phenotypes of these alleles manifest in: wing; wing hinge. The phenotypic classes of alleles include: viable; fertile; visible; flightless. Summary of modENCODE Temporal Expression Profile:  Temporal profile ranges from a peak of moderately high expression to a trough of low expression.  Peak expression observed within 06-12 hour embryonic stages.
N0.HOG0002176	Gene Group 29	microtubule	0.38528955758609046	0.21614675953998513	n	0.5849396010625192	0.045739074410112046	n	non-claret disjunctional(ncd)	1	2	2	1	3	1	4	1	1	2	2	1	1	1	3	rna-NM_001300663.1	FBgn0002924	The gene non-claret disjunctional is referred to in FlyBase by the symbol Dmel\ncd (CG7831, FBgn0002924). It is a protein_coding_gene from Dmel. It has 2 annotated transcripts and 2 polypeptides (1 unique). Gene sequence location is 3R:29804290..29807127. Its molecular function is described by: protein homodimerization activity; microtubule motor activity; ATP binding; microtubule binding; minus-end-directed microtubule motor activity. It is involved in the biological process described with 16 unique terms, many of which group under: microtubule-based movement; localization; mitotic centrosome separation; regulation of spindle organization; regulation of mitotic spindle elongation. 43 alleles are reported. The phenotypes of these alleles manifest in: intracellular organelle; intracellular membraneless organelle; organelle; intracellular anatomical structure; organism. The phenotypic classes of alleles include: some die during embryonic stage; increased mortality during development; abnormal cell cycle; phenotype. Summary of modENCODE Temporal Expression Profile:  Temporal profile ranges from a peak of high expression to a trough of low expression.  Peak expression observed within 00-12 hour embryonic stages.
N0.HOG0002225	None	None	0.49387116017853416	0.10270518334647254	n	0.2451842639184212	0.4424376657583864	n	abnormal wing discs (from API summary)	1	1	3	1	1	1	2	1	1	2	3	1	3	1	2	rna-NM_001300696.1	FBgn0000150	The gene abnormal wing discs is referred to in FlyBase by the symbol Dmel\awd (CG2210, FBgn0000150). It is a protein_coding_gene from Dmel. It has 3 annotated transcripts and 3 polypeptides (2 unique). Gene sequence location is 3R:31745172..31746077. Its molecular function is described by 6 unique terms, many of which group under: ion binding; small molecule binding; catalytic activity; kinase activity; transferase activity. It is involved in the biological process described with 13 unique terms, many of which group under: anatomical structure development; microtubule-based process; cell-cell junction organization; biological regulation; regulation of tube architecture, open tracheal system. 69 alleles are reported. The phenotypes of these alleles manifest in: embryo; tracheal system; non-connected developing system; presumptive embryonic/larval system; gut. The phenotypic classes of alleles include: lethal; decreased occurrence of cell division; increased mortality during development; phenotype. Summary of modENCODE Temporal Expression Profile:  Temporal profile ranges from a peak of extremely high expression to a trough of very high expression.  Peak expression observed within 00-06 hour embryonic stages, during early larval stages, in adult female stages.
N0.HOG0002240	Gene Group 26	glycolysis and early development (and other)	-0.07042428152039987	0.827831199192635	n	-0.02816971260815995	0.9307493932264658	n	sidestep IV(side-IV)	1	1	2	1	4	2	2	1	1	4	1	1	1	1	3	rna-NM_001260157.1	FBgn0038156	The gene sidestep IV is referred to in FlyBase by the symbol Dmel\side-IV (CG14372, FBgn0038156). It is a protein_coding_gene from Dmel. It has 2 annotated transcripts and 2 polypeptides (1 unique). Gene sequence location is 3R:13450590..13464184. Its molecular function is described by: cell adhesion receptor activity. It is involved in the biological process described with: synapse assembly. 23 alleles are reported. The phenotypes of these alleles manifest in: cellular anatomical structure; neuropil; plasma membrane bounded cell projection; segmental subdivision of adult integument; cell junction. The phenotypic classes of alleles include: abnormal body color; abnormal neuroanatomy; viable. Summary of modENCODE Temporal Expression Profile:  Temporal profile ranges from a peak of moderately high expression to a trough of extremely low expression.  Peak expression observed within 06-24 hour embryonic stages, during late pupal stages.
N0.HOG0002244	Gene Group 22,Gene Group 36	transcription regulation,uncharacterized	0.4755244755244756	0.11817595701303213	n	0.6223776223776225	0.030675895061640132	n	uncharacterized protein(CG43342)	3	4	1	6	1	1	1	2	1	1	3	1	1	2	5	rna-NM_001260309.2	FBgn0263047	This gene is referred to in FlyBase by the symbol Dmel\CG43342 (FBgn0263047). It is a protein_coding_gene from Dmel. It has one annotated transcript and one polypeptide. Gene sequence location is 3R:22381340..22382147. Its molecular function is described by: DNA binding. It is involved in the biological process described with: . 9 alleles are reported. The phenotype of these alleles manifest in: wing. The phenotypic class of alleles includes: visible.
N0.HOG0002260	None	None	-0.16728627099363932	0.603298209716268	n	-0.3950803421339142	0.20370154950273117	n	DNA polymerase eta (from API summary)	1	1	1	3	1	1	2	1	1	1	1	4	3	1	3	rna-NM_141114.3	FBgn0037141	The gene DNA polymerase eta is referred to in FlyBase by the symbol Dmel\PolH (CG7143, FBgn0037141). It is a protein_coding_gene from Dmel. It has one annotated transcript and one polypeptide. Gene sequence location is 3L:21938634..21941812. Its molecular function is described by: DNA-directed DNA polymerase activity; damaged DNA binding. It is involved in the biological process described with 6 unique terms, many of which group under: response to stimulus; response to abiotic stimulus; response to radiation; macromolecule biosynthetic process; translesion synthesis. 12 alleles are reported. The phenotypes of these alleles manifest in: mesonotum; mitotic spindle; trichogen cell. The phenotypic classes of alleles include: increased mortality during development; visible; phenotype; abnormal stress response. Summary of modENCODE Temporal Expression Profile:  Temporal profile ranges from a peak of moderate expression to a trough of very low expression.  Peak expression observed within 00-12 hour embryonic stages, in adult female stages.
N0.HOG0002273	None	None	-0.3480546162297779	0.2675756659285516	n	-0.10151592973368523	0.753576706985726	n	GTPase activating protein and VPS9 domains 1 (from API summary)	1	1	1	1	2	1	1	1	8	1	2	1	1	1	7	rna-NM_132476.3	FBgn0030286	The gene GTPase activating protein and VPS9 domains 1 is referred to in FlyBase by the symbol Dmel\Gapvd1 (CG1657, FBgn0030286). It is a protein_coding_gene from Dmel. It has one annotated transcript and one polypeptide. Gene sequence location is X:11325385..11334071. Its molecular function is described by: guanyl-nucleotide exchange factor activity; GTPase activating protein binding; small GTPase binding. It is involved in the biological process described with: vesicle-mediated transport; regulation of protein transport; regulation of Rab protein signal transduction. 9 alleles are reported. The phenotypes of these alleles manifest in: slit diaphragm; garland cell. The phenotypic classes of alleles include: some die during pupal stage; partially lethal - majority die; viable; fertile. Summary of modENCODE Temporal Expression Profile:  Temporal profile ranges from a peak of moderately high expression to a trough of moderate expression.  Peak expression observed within 00-06 and 18-24 hour embryonic stages, in stages of adults of both sexes.
N0.HOG0002290	None	None	0.2867132867132868	0.36625146058358227	n	0.5384615384615385	0.07089431754922315	n	Na/Ca-exchange protein (from API summary)	1	5	1	1	1	1	1	1	1	2	2	1	3	1	4	rna-NM_001260286.2	FBgn0013995	The gene Na/Ca-exchange protein is referred to in FlyBase by the symbol Dmel\Calx (CG5685, FBgn0013995). It is a protein_coding_gene from Dmel. It has 9 annotated transcripts and 9 polypeptides (7 unique). Gene sequence location is 3R:20978183..21015613. Its molecular function is described by: calcium ion binding; calcium:sodium antiporter activity. It is involved in the biological process described with 8 unique terms, many of which group under: cellular process; establishment of localization; monoatomic cation transport; transmembrane transport; monoatomic ion transmembrane transport. 27 alleles are reported. The phenotypes of these alleles manifest in: eye; rhabdomere; eye photoreceptor cell. The phenotypic classes of alleles include: abnormal neuroanatomy; uncoordinated; short lived; abnormal neurophysiology; viable. Summary of modENCODE Temporal Expression Profile:  Temporal profile ranges from a peak of high expression to a trough of very low expression.  Peak expression observed during late pupal stages, in adult male stages.
N0.HOG0002320	None	None	0.4436729735785192	0.14852484474790698	n	0.29578198238567943	0.3505963593981538	n	None	2	1	1	4	1	1	5	2	1	1	1	1	1	1	4	rna-NM_138001.4	FBgn0034924	This gene is referred to in FlyBase by the symbol Dmel\CG17658 (FBgn0034924). It is a protein_coding_gene from Dmel. It has one annotated transcript and one polypeptide. Gene sequence location is 2R:23895063..23896997. Its molecular function is unknown. The biological processes in which it is involved are not known. 8 alleles are reported. No phenotypic data is available. The phenotypic class of alleles includes: viable. Summary of modENCODE Temporal Expression Profile:  Temporal profile ranges from a peak of moderate expression to a trough of extremely low expression.  Peak expression observed within 00-06 hour embryonic stages, in adult female stages.
N0.HOG0002345	None	None	0.6267761055315589	0.029178067781260492	n	0.9225580879172384	1.924134407022793e-05	y	Snurportin (from API summary)	1	4	1	1	1	1	2	1	1	1	4	1	1	2	3	rna-NM_001144405.3	FBgn0259199	The gene Snurportin is referred to in FlyBase by the symbol Dmel\Snup (CG42303, FBgn0259199). It is a protein_coding_gene from Dmel. It has one annotated transcript and one polypeptide. Gene sequence location is 3L:2652088..2655455. Its molecular function is described by: U2 snRNA binding; U4 snRNA binding; U1 snRNA binding. It is involved in the biological process described with: snRNA import into nucleus. 3 alleles are reported. No phenotypic data is available. No phenotypic class data is available. Summary of modENCODE Temporal Expression Profile:  Temporal profile ranges from a peak of moderate expression to a trough of low expression.  Peak expression observed within 00-12 hour embryonic stages, during early pupal stages.  This gene is annotated by FlyBase as a dicistronic gene, meaning that some or all of its transcripts encode two or more polypeptide-coding open reading frames (ORFs) , with each ORF assigned to a different gene.  The distribution of RNA-Seq coverage data amongst the different encoded genes cannot be determined.
N0.HOG0002365	None	None	-0.2517482517482518	0.42991878503288405	n	-0.18881118881118883	0.5567370561768314	n	centromere identifier (from API summary)	1	2	1	2	3	1	1	5	1	1	1	1	3	1	4	rna-NM_079006.4	FBgn0040477	The gene centromere identifier is referred to in FlyBase by the symbol Dmel\cid (CG13329, FBgn0040477). It is a protein_coding_gene from Dmel. It has one annotated transcript and one polypeptide. Gene sequence location is 2R:13485617..13486631. Its molecular function is described by: structural constituent of chromatin; protein heterodimerization activity; DNA binding. It is involved in the biological process described with 7 unique terms, many of which group under: cell cycle; mitotic cell cycle; organelle organization; cellular component biogenesis; cellular component assembly. 44 alleles are reported. The phenotypes of these alleles manifest in: anatomical structure; multicellular structure; anterior ectoderm derivative; somatic cell; segmental subdivision of adult integument. The phenotypic classes of alleles include: some die during embryonic stage; increased mortality; phenotype; increased mortality during development. Summary of modENCODE Temporal Expression Profile:  Temporal profile ranges from a peak of high expression to a trough of very low expression.  Peak expression observed within 00-06 hour embryonic stages.
N0.HOG0002393	Gene Group 3	lipid metabolic process (digestion)	0.54641064530391	0.06604060406823514	n	0.4378290427114664	0.15458641247553007	n	uncharacterized protein(CG6847)	1	1	1	1	1	1	2	1	1	1	4	1	4	1	3	rna-NM_001298468.1	FBgn0030884	This gene is referred to in FlyBase by the symbol Dmel\CG6847 (FBgn0030884). It is a protein_coding_gene from Dmel. It has 2 annotated transcripts and 2 polypeptides (1 unique). Gene sequence location is X:17911462..17924163. Its molecular function is described by: triacylglycerol lipase activity; lipase activity. It is involved in the biological process described with: lipid metabolic process; lipid catabolic process. 8 alleles are reported. No phenotypic data is available. The phenotypic class of alleles includes: viable. Summary of modENCODE Temporal Expression Profile:  Temporal profile ranges from a peak of high expression to a trough of very low expression.  Peak expression observed within 12-18 embryonic stages.
N0.HOG0002468	Gene Group 31	chromatin organization and transcription regulation	0.04195804195804196	0.8969858708195542	n	0.04895104895104895	0.8799185788786749	n	hunchback(hb)	1	1	1	1	1	1	1	3	2	1	2	1	4	1	3	rna-NM_169233.2	FBgn0001180	The gene hb transcription factor is referred to in FlyBase by the symbol Dmel\hb (CG9786, FBgn0001180). It is a protein_coding_gene from Dmel. It has 2 annotated transcripts and 2 polypeptides (1 unique). Gene sequence location is 3R:8690980..8697822. Its molecular function is described by: DNA-binding transcription factor activity; RNA polymerase II transcription regulatory region sequence-specific DNA binding; sequence-specific DNA binding; DNA-binding transcription factor activity, RNA polymerase II-specific; RNA polymerase II cis-regulatory region sequence-specific DNA binding. It is involved in the biological process described with 15 unique terms, many of which group under: anterior/posterior axis specification, embryo; trunk segmentation; animal organ development; neuroblast differentiation; head segmentation. 158 alleles are reported. The phenotypes of these alleles manifest in: embryonic/larval tracheal dorsal trunk; photoreceptor; cellular anatomical structure; proventriculus; embryonic abdominal segment 1. The phenotypic classes of alleles include: phenotype; embryonic/larval segmentation phenotype; increased mortality during development; lethal - all die before end of prepupal stage. Summary of modENCODE Temporal Expression Profile:  Temporal profile ranges from a peak of very high expression to a trough of extremely low expression.  Peak expression observed within 00-06 hour embryonic stages.
N0.HOG0002511	Gene Group 26	glycolysis and early development (and other)	0.12101560029327099	0.7079272414616193	n	-0.007118564723133589	0.9824828407045115	n	aluminum tubes(alt)	1	1	2	1	1	1	1	1	1	1	1	1	6	2	5	rna-NM_001275750.1	FBgn0038535	The gene aluminum tubes is referred to in FlyBase by the symbol Dmel\alt (CG18212, FBgn0038535). It is a protein_coding_gene from Dmel. It has 8 annotated transcripts and 8 polypeptides (2 unique). Gene sequence location is 3R:17673732..17682515. Its molecular function is unknown. The biological processes in which it is involved are not known. 19 alleles are reported. No phenotypic data is available. The phenotypic classes of alleles include: partially lethal; viable; fertile. Summary of modENCODE Temporal Expression Profile:  Temporal profile ranges from a peak of very high expression to a trough of moderate expression.  Peak expression observed within 00-06 hour embryonic stages, during late larval stages, during early pupal stages.
N0.HOG0002579	None	None	0.21716320518488735	0.49778490192726343	n	0.05253948512537598	0.8711783093619829	n	LDL receptor protein 1 (from API summary)	1	1	2	1	1	1	4	1	3	1	4	1	1	1	3	rna-NM_001273871.2	FBgn0053087	The gene LDL receptor protein 1 is referred to in FlyBase by the symbol Dmel\LRP1 (CG33087, FBgn0053087). It is a protein_coding_gene from Dmel. It has 2 annotated transcripts and 2 polypeptides (all unique). Gene sequence location is 2R:8174165..8226438. Its molecular function is described by: low-density lipoprotein particle receptor activity; calcium ion binding. It is involved in the biological process described with: regulation of lipid transport; positive regulation of reverse cholesterol transport; regulation of axon guidance. 23 alleles are reported. No phenotypic data is available. The phenotypic classes of alleles include: viable; fertile. Summary of modENCODE Temporal Expression Profile:  Temporal profile ranges from a peak of moderately high expression to a trough of moderate expression.  Peak expression observed within 00-12 hour embryonic stages, during late larval stages, during early pupal stages.
N0.HOG0002614	Gene Group 30	pheromone sensing	0.46234746910330854	0.13018583568230105	n	0.6549922478963537	0.020793709126082544	n	frizzled 4(fz4)	1	1	1	1	1	1	1	1	1	1	3	1	1	6	5	rna-NM_167119.3	FBgn0027342	The gene frizzled 4 is referred to in FlyBase by the symbol Dmel\fz4 (CG4626, FBgn0027342). It is a protein_coding_gene from Dmel. It has 2 annotated transcripts and 2 polypeptides (1 unique). Gene sequence location is X:7106272..7110321. Its molecular function is described by: Wnt-protein binding; transmembrane signaling receptor activity. It is involved in the biological process described with: canonical Wnt signaling pathway; cell surface receptor signaling pathway; signal transduction; non-canonical Wnt signaling pathway. 23 alleles are reported. No phenotypic data is available. The phenotypic classes of alleles include: viable; fertile. Summary of modENCODE Temporal Expression Profile:  Temporal profile ranges from a peak of moderately high expression to a trough of low expression.  Peak expression observed within 00-06 hour embryonic stages, in adult female stages.
N0.HOG0002680	Gene Group 27	ribosomal protein and protein modification	0.04895104895104895	0.8799185788786749	n	0.2937062937062937	0.35414764123292175	n	Ubiquitin-5E(Ubi-p5E)	2	1	2	1	1	1	1	1	1	1	1	1	1	2	1	rna-NM_001298008.1	FBgn0086558	The gene Ubiquitin-5E is referred to in FlyBase by the symbol Dmel\Ubi-p5E (CG32744, FBgn0086558). It is a protein_coding_gene from Dmel. It has 2 annotated transcripts and 2 polypeptides (1 unique). Gene sequence location is X:6276876..6279647. Its molecular function is described by: structural constituent of ribosome; protein tag activity; ubiquitin protein ligase binding. It is involved in the biological process described with: protein ubiquitination; modification-dependent protein catabolic process. 5 alleles are reported. No phenotypic data is available. The phenotypic class of alleles includes: viable. Summary of modENCODE Temporal Expression Profile:  Temporal profile ranges from a peak of very high expression to a trough of moderate expression.  Peak expression observed during late larval stages, at stages throughout the pupal period.
N0.HOG0002693	Gene Group 26	glycolysis and early development (and other)	0.04350682702872224	0.8932021742511844	n	0.2827943756866945	0.37312794868323884	n	uncharacterized protein(CG4025)	1	9	2	1	2	3	1	1	1	1	1	1	1	1	8	rna-NM_130623.3	FBgn0025624	This gene is referred to in FlyBase by the symbol Dmel\CG4025 (FBgn0025624). It is a protein_coding_gene from Dmel. It has one annotated transcript and one polypeptide. Gene sequence location is X:2076966..2078455. Its molecular function is described by: . It is involved in the biological process described with: regulation of autophagy. 3 alleles are reported. No phenotypic data is available. The phenotypic class of alleles includes: viable. Summary of modENCODE Temporal Expression Profile:  Temporal profile ranges from a peak of moderately high expression to a trough of moderate expression.  Peak expression observed during late larval stages, in adult male stages.
N0.HOG0002702	Gene Group 29	microtubule	-0.3642737635359401	0.2443764872590352	n	-0.24168163157672948	0.4491887440384277	n	subito(sub)	1	3	2	1	1	1	1	4	1	3	1	1	1	1	3	rna-NM_137416.3	FBgn0003545	The gene subito is referred to in FlyBase by the symbol Dmel\sub (CG12298, FBgn0003545). It is a protein_coding_gene from Dmel. It has 2 annotated transcripts and 2 polypeptides (1 unique). Gene sequence location is 2R:17745500..17748078. Its molecular function is described by: microtubule binding; ATP binding; microtubule motor activity; ATP hydrolysis activity; gamma-tubulin complex binding. It is involved in the biological process described with 12 unique terms, many of which group under: mitotic cell cycle; localization; protein-containing complex localization; cell division; microtubule-based movement. 44 alleles are reported. The phenotypes of these alleles manifest in: intracellular organelle; chaeta; germline cell; female organism; intracellular membraneless organelle. The phenotypic classes of alleles include: sterile; male sterile; phenotype; increased mortality during development. Summary of modENCODE Temporal Expression Profile:  Temporal profile ranges from a peak of high expression to a trough of very low expression.  Peak expression observed within 00-12 hour embryonic stages.
N0.HOG0002740	None	None	0.1885295837911297	0.5573365380454538	n	0.47132395947782424	0.1219218933169533	n	None	1	1	1	1	1	1	1	1	1	1	1	1	1	2	1	rna-NM_169196.2	FBgn0051473	This gene is referred to in FlyBase by the symbol Dmel\CG31473 (FBgn0051473). It is a protein_coding_gene from Dmel. It has one annotated transcript and one polypeptide. Gene sequence location is 3R:7811814..7813009. Its molecular function is described by: FMN binding; pyridoxamine phosphate oxidase activity. It is involved in the biological process described with: pyridoxal phosphate biosynthetic process; pyridoxine biosynthetic process. 6 alleles are reported. No phenotypic data is available. The phenotypic classes of alleles include: partially lethal; viable. Summary of modENCODE Temporal Expression Profile:  Temporal profile ranges from a peak of high expression to a trough of very low expression.  Peak expression observed during late pupal stages, in adult male stages.
N0.HOG0002868	None	None	-0.1126788504326398	0.7273453279440116	n	0.11972127858467978	0.7109318595190937	n	Arginase (from API summary)	1	1	1	1	1	1	1	1	1	1	1	1	1	2	1	rna-NM_080136.3	FBgn0023535	The gene Arginase is referred to in FlyBase by the symbol Dmel\Arg (CG18104, FBgn0023535). It is a protein_coding_gene from Dmel. It has one annotated transcript and one polypeptide. Gene sequence location is X:509435..528028. Its molecular function is described by: metal ion binding; manganese ion binding; arginase activity. It is involved in the biological process described with: urea cycle; arginine metabolic process. 48 alleles are reported. No phenotypic data is available. The phenotypic classes of alleles include: partially lethal; increased mortality; phenotype; increased mortality during development. Summary of modENCODE Temporal Expression Profile:  Temporal profile ranges from a peak of high expression to a trough of very low expression.  Peak expression observed within 18-24 hour embryonic stages, during early larval stages.
N0.HOG0002938	Gene Group 35	RNA polymerase II transcription regulation	0.28021058733533855	0.3776981560766677	n	0.4798606308117672	0.11438935771004496	n	proboscipedia(pb)	1	1	1	1	1	1	1	1	1	1	1	1	1	7	6	rna-NM_057321.5	FBgn0051481	The gene proboscipedia is referred to in FlyBase by the symbol Dmel\pb (CG31481, FBgn0051481). It is a protein_coding_gene from Dmel. It has 4 annotated transcripts and 4 polypeptides (all unique). Gene sequence location is 3R:6707800..6742063. Its molecular function is described by: DNA-binding transcription factor activity; DNA binding; DNA-binding transcription factor activity, RNA polymerase II-specific; RNA polymerase II cis-regulatory region sequence-specific DNA binding. It is involved in the biological process described with: regulation of transcription by RNA polymerase II; specification of segmental identity, maxillary segment; specification of segmental identity, labial segment; proboscis development; regulation of DNA-templated transcription. 103 alleles are reported. The phenotypes of these alleles manifest in: larval prothoracic segment; ventral acute muscle; prothoracic metatarsus; embryonic procephalic segment; mesothoracic ventral oblique muscle 2. The phenotypic classes of alleles include: increased mortality; increased mortality during development; phenotype; lethal. Summary of modENCODE Temporal Expression Profile:  Temporal profile ranges from a peak of low expression to a trough of extremely low expression.  Peak expression observed within 06-24 hour embryonic stages, during early larval stages, at stages throughout the pupal period.
N0.HOG0002954	None	None	0.14010529366766927	0.6640757694429809	n	0.20665530815981217	0.5193022970166132	n	alpha-Mannosidase class I a (from API summary)	1	1	1	1	1	1	1	1	1	1	2	1	2	1	1	rna-NM_167224.3	FBgn0259170	The gene alpha-Mannosidase class I a is referred to in FlyBase by the symbol Dmel\α-Man-Ia (CG42275, FBgn0259170). It is a protein_coding_gene from Dmel. It has 9 annotated transcripts and 9 polypeptides (3 unique). Gene sequence location is X:10266792..10325958. Its molecular function is described by: calcium ion binding; mannosyl-oligosaccharide 1,2-alpha-mannosidase activity. It is involved in the biological process described with: ERAD pathway; Golgi apparatus N-glycan mannose trimming; carbohydrate metabolic process. 51 alleles are reported. The phenotypes of these alleles manifest in: cellular anatomical structure; organelle; contractile muscle fiber; membraneless organelle; sarcomere. The phenotypic classes of alleles include: flightless; abnormal immune response; viable; phenotype. Summary of modENCODE Temporal Expression Profile:  Temporal profile ranges from a peak of moderately high expression to a trough of low expression.  Peak expression observed within 00-06 and 12-18 hour embryonic stages.
N0.HOG0002957	None	None	-0.25919479328518813	0.41592926127477936	n	-0.1576184553761279	0.6246756664067579	n	misato (from API summary)	1	1	1	1	2	1	1	4	1	1	1	1	3	1	3	rna-NM_001298589.1	FBgn0020272	The gene misato is referred to in FlyBase by the symbol Dmel\mst (CG1424, FBgn0020272). It is a protein_coding_gene from Dmel. It has 2 annotated transcripts and 2 polypeptides (1 unique). Gene sequence location is X:21388977..21391533. Its molecular function is unknown. It is involved in the biological process described with: mitochondrion organization; mitotic spindle assembly; positive regulation of mitochondrial fusion; mitotic sister chromatid segregation. 32 alleles are reported. The phenotypes of these alleles manifest in: intracellular anatomical structure; cytoplasm; intracellular membrane-bounded organelle; male reproductive system; actin cytoskeleton. The phenotypic classes of alleles include: phenotype; lethal - all die before end of larval stage; increased mortality; abnormal cell number. Summary of modENCODE Temporal Expression Profile:  Temporal profile ranges from a peak of moderately high expression to a trough of low expression.  Peak expression observed within 00-06 hour embryonic stages, in adult female stages.
N0.HOG0002979	None	None	0.07692307692307693	0.8121826980280591	n	0.0	1.0	n	D-amino acid oxidase 2 (from API summary)	1	1	6	1	1	1	2	1	1	1	2	1	1	1	5	rna-NM_135231.3	FBgn0031860	The gene D-amino acid oxidase 2 is referred to in FlyBase by the symbol Dmel\Daao2 (CG11236, FBgn0031860). It is a protein_coding_gene from Dmel. It has 2 annotated transcripts and 2 polypeptides (all unique). Gene sequence location is 2L:6803011..6804372. Its molecular function is described by: FAD binding; D-amino-acid oxidase activity. It is involved in the biological process described with: D-serine catabolic process; D-amino acid metabolic process; D-amino acid catabolic process. 8 alleles are reported. No phenotypic data is available. The phenotypic classes of alleles include: decreased sleep; viable. Summary of modENCODE Temporal Expression Profile:  Temporal profile ranges from a peak of moderately high expression to a trough of extremely low expression.  Peak expression observed during early larval stages, in adult male stages.
N0.HOG0003035	Gene Group 15	chitin-related	0.4055944055944056	0.19083587400450033	n	0.22377622377622378	0.48445166145539886	n	Mucin related 18B(Mur18B)	1	1	4	1	1	1	3	1	1	2	1	1	1	2	3	rna-NM_133136.3	FBgn0030999	The gene Mucin related 18B is referred to in FlyBase by the symbol Dmel\Mur18B (CG7874, FBgn0030999). It is a protein_coding_gene from Dmel. It has one annotated transcript and one polypeptide. Gene sequence location is X:19213254..19214938. Its molecular function is described by: extracellular matrix structural constituent; chitin binding. The biological processes in which it is involved are not known. 3 alleles are reported. The phenotypes of these alleles manifest in: nurse cell; egg chamber. The phenotypic class of alleles includes: viable. Summary of modENCODE Temporal Expression Profile:  Temporal profile ranges from a peak of very high expression to a trough of extremely low expression.  Peak expression observed within 18-24 hour embryonic stages, during early larval stages, during late pupal stages, in stages of adults of both sexes.
N0.HOG0003058	None	None	0.15384615384615385	0.6330906812462618	n	0.5034965034965035	0.09515736659412469	n	Phosphoribosyl pyrophosphate synthetase (from API summary)	1	1	1	1	1	1	2	1	1	2	1	1	1	5	4	rna-NM_168360.2	FBgn0036030	The gene Phosphoribosyl pyrophosphate synthetase is referred to in FlyBase by the symbol Dmel\Prps (CG6767, FBgn0036030). It is a protein_coding_gene from Dmel. It has 9 annotated transcripts and 9 polypeptides (6 unique). Gene sequence location is 3L:9683579..9696700. Its molecular function is described by: magnesium ion binding; ribose phosphate diphosphokinase activity. It is involved in the biological process described with: nucleotide biosynthetic process; purine nucleotide biosynthetic process; ribonucleoside monophosphate biosynthetic process; olfactory behavior; 5-phosphoribose 1-diphosphate biosynthetic process. 25 alleles are reported. The phenotype of these alleles manifest in: trichogen cell. The phenotypic classes of alleles include: visible; viable; abnormal smell perception. Summary of modENCODE Temporal Expression Profile:  Temporal profile ranges from a peak of very high expression to a trough of moderate expression.  Peak expression observed during late larval stages, during early pupal stages.
N0.HOG0003109	None	None	-0.16783216783216784	0.602099427786538	n	-0.04895104895104895	0.8799185788786749	n	Dorsal interacting protein 2 (from API summary)	2	2	1	1	1	1	2	1	1	1	1	3	6	1	5	rna-NM_079500.4	FBgn0040466	The gene Dorsal interacting protein 2 is referred to in FlyBase by the symbol Dmel\Dlip2 (CG9771, FBgn0040466). It is a protein_coding_gene from Dmel. It has one annotated transcript and one polypeptide. Gene sequence location is 3R:4644649..4645655. Its molecular function is described by: sequence-specific DNA binding; protein binding. It is involved in the biological process described with: . 10 alleles are reported. The phenotype of these alleles manifest in: embryonic/larval hemocyte. The phenotypic classes of alleles include: fertile; viable. Summary of modENCODE Temporal Expression Profile:  Temporal profile ranges from a peak of moderately high expression to a trough of low expression.  Peak expression observed within 00-12 hour embryonic stages.
N0.HOG0003120	None	None	0.22067550641714126	0.49068300396895215	n	0.19931981224774048	0.534557886000188	n	None	1	1	12	1	1	1	1	1	1	1	1	1	2	4	11	rna-NM_001273899.2	FBgn0033421	This gene is referred to in FlyBase by the symbol Dmel\CG1888 (FBgn0033421). It is a protein_coding_gene from Dmel. It has 4 annotated transcripts and 4 polypeptides (1 unique). Gene sequence location is 2R:9541947..9548135. Its molecular function is unknown. The biological processes in which it is involved are not known. 19 alleles are reported. The phenotype of these alleles manifest in: embryonic/larval hemocyte. The phenotypic class of alleles includes: viable. Summary of modENCODE Temporal Expression Profile:  Temporal profile ranges from a peak of high expression to a trough of moderate expression.  Peak expression observed within 00-12 hour embryonic stages.
N0.HOG0003126	None	None	0.08957593795935859	0.7819006272034151	n	-0.12316691469411807	0.7029416801621765	n	Neurotrophin 1 (from API summary)	1	1	1	1	1	17	1	1	1	1	1	1	1	1	16	rna-NM_001274489.1	FBgn0261526	The gene Neurotrophin 1 is referred to in FlyBase by the symbol Dmel\NT1 (CG42576, FBgn0261526). It is a protein_coding_gene from Dmel. It has 7 annotated transcripts and 7 polypeptides (3 unique). Gene sequence location is 3L:4501652..4508433. Its molecular function is described by: receptor ligand activity; growth factor activity; Toll binding. It is involved in the biological process described with 6 unique terms, many of which group under: axon development; response to stress; negative regulation of biological process; regulation of neuronal synaptic plasticity in response to neurotrophin; cell surface receptor signaling pathway. 19 alleles are reported. The phenotypes of these alleles manifest in: larval central nervous system; disconnected anatomical group; neuron; developing embryonic structure; anatomical structure. The phenotypic classes of alleles include: long lived; viable; fertile; decreased cell death; abnormal neuroanatomy; increased cell death. Summary of modENCODE Temporal Expression Profile:  Temporal profile ranges from a peak of high expression to a trough of no expression detected.  Peak expression observed during late pupal stages.
N0.HOG0003159	None	None	0.3450789794499594	0.2719649798075829	n	0.02816971260815995	0.9307493932264658	n	Rad, Gem/Kir family member 1 (from API summary)	1	1	4	1	1	1	1	1	1	2	3	2	1	1	3	rna-NM_166341.3	FBgn0264753	The gene Rad, Gem/Kir family member 1 is referred to in FlyBase by the symbol Dmel\Rgk1 (CG44011, FBgn0264753). It is a protein_coding_gene from Dmel. It has 3 annotated transcripts and 3 polypeptides (all unique). Gene sequence location is 2R:19311148..19356525. Its molecular function is described by: calcium channel regulator activity; GTP binding; GTPase activity. It is involved in the biological process described with: small GTPase-mediated signal transduction; medium-term memory; anesthesia-resistant memory. 25 alleles are reported. No phenotypic data is available. The phenotypic classes of alleles include: viable; abnormal memory; fertile; lethal.
N0.HOG0003221	None	None	0.3916083916083916	0.2080634636953532	n	0.5944055944055945	0.04152149441031855	n	Threonyl-carbamoyl synthesis 1 (from API summary)	1	2	1	1	1	1	1	1	1	1	2	1	3	4	3	rna-NM_001032273.4	FBgn0061361	The gene Threonyl-carbamoyl synthesis 1 is referred to in FlyBase by the symbol Dmel\Tcs1 (CG33786, FBgn0061361). It is a protein_coding_gene from Dmel. It has one annotated transcript and one polypeptide. Gene sequence location is 2R:20642466..20643785. Its molecular function is described by: nucleotidyltransferase activity; L-threonylcarbamoyladenylate synthase; tRNA binding; double-stranded RNA binding. It is involved in the biological process described with: tRNA threonylcarbamoyladenosine modification; regulation of translational fidelity. 5 alleles are reported. No phenotypic data is available. The phenotypic classes of alleles include: decreased body size; lethal - all die before end of larval stage. Summary of modENCODE Temporal Expression Profile:  Temporal profile ranges from a peak of moderately high expression to a trough of moderate expression.  Peak expression observed within 00-12 and 18-24 hour embryonic stages, during early larval stages, in adult female stages.  This gene is annotated by FlyBase as a dicistronic gene, meaning that some or all of its transcripts encode two or more polypeptide-coding open reading frames (ORFs) , with each ORF assigned to a different gene.  The distribution of RNA-Seq coverage data amongst the different encoded genes cannot be determined.
N0.HOG0003311	None	None	0.06293706293706294	0.8459309212287789	n	0.09090909090909093	0.7787253962454419	n	tumorous testis (from API summary)	1	1	1	1	2	1	2	1	1	1	1	1	7	1	6	rna-NM_168261.3	FBgn0052364	The gene tumorous testis is referred to in FlyBase by the symbol Dmel\tut (CG32364, FBgn0052364). It is a protein_coding_gene from Dmel. It has one annotated transcript and one polypeptide. Gene sequence location is 3L:8209577..8210743. Its molecular function is described by: mRNA binding; nucleic acid binding; RNA binding. It is involved in the biological process described with: negative regulation of translation; male germline stem cell symmetric division. 9 alleles are reported. The phenotypes of these alleles manifest in: spermatogonium; testis. The phenotypic classes of alleles include: neoplasia; male sterile; decreased rate of copulation; increased cell number; viable. Summary of modENCODE Temporal Expression Profile:  Temporal profile ranges from a peak of moderately high expression to a trough of very low expression.  Peak expression observed within 00-06 hour embryonic stages, in adult female stages.
N0.HOG0003591	Gene Group 14,Gene Group 36	heat stress and neurological,uncharacterized	-0.049036852783684234	0.8797094411808868	n	-0.08056054385890982	0.80345110920634	n	uncharacterized protein(CG6280)	1	1	1	1	1	1	1	1	1	1	1	1	6	2	5	rna-NM_137054.2	FBgn0033866	This gene is referred to in FlyBase by the symbol Dmel\CG6280 (FBgn0033866). It is a protein_coding_gene from Dmel. It has one annotated transcript and one polypeptide. Gene sequence location is 2R:13753964..13758971. Its molecular function is described by: . It is involved in the biological process described with: . 4 alleles are reported. No phenotypic data is available. The phenotypic class of alleles includes: viable. Summary of modENCODE Temporal Expression Profile:  Temporal profile ranges from a peak of very high expression to a trough of no expression detected.  Peak expression observed during late pupal stages.
N0.HOG0003725	Gene Group 22	transcription regulation	0.3843103054203798	0.2174161895643392	n	0.6235978540783521	0.030254948727508692	n	uncharacterized protein(CG11504)	1	1	1	1	1	1	1	1	1	1	15	1	1	1	14	rna-NM_143501.4	FBgn0039733	The gene Vostok is referred to in FlyBase by the symbol Dmel\Vostok (CG11504, FBgn0039733). It is a protein_coding_gene from Dmel. It has 3 annotated transcripts and 3 polypeptides (1 unique). Gene sequence location is 3R:29997900..29999755. Its molecular function is described by: promoter-enhancer loop anchoring activity. It is involved in the biological process described with: regulation of transcription by RNA polymerase II; chromatin looping. 8 alleles are reported. No phenotypic data is available. The phenotypic classes of alleles include: lethal - all die during P-stage; viable. Summary of modENCODE Temporal Expression Profile:  Temporal profile ranges from a peak of high expression to a trough of moderate expression.  Peak expression observed within 00-12 hour embryonic stages.
N0.HOG0003749	None	None	0.1398601398601399	0.6646331617926677	n	0.1258741258741259	0.6966831093957659	n	Ribosomal protein S24 (from API summary)	1	1	1	1	1	1	1	1	1	1	2	1	5	1	4	rna-NM_137849.4	FBgn0261596	The gene Ribosomal protein S24 is referred to in FlyBase by the symbol Dmel\RpS24 (CG3751, FBgn0261596). It is a protein_coding_gene from Dmel. It has one annotated transcript and one polypeptide. Gene sequence location is 2R:22640526..22641419. Its molecular function is described by: structural constituent of ribosome. It is involved in the biological process described with: translation; cytoplasmic translation. 6 alleles are reported. The phenotypes of these alleles manifest in: cellular anatomical structure; supramolecular fiber; intracellular organelle; cytoplasm; polymeric cytoskeletal fiber. The phenotypic classes of alleles include: abnormal developmental rate; increased mortality during development; phenotype; increased mortality. Summary of modENCODE Temporal Expression Profile:  Temporal profile ranges from a peak of extremely high expression to a trough of very high expression.  Peak expression observed at stages throughout embryogenesis, during early larval stages, in adult female stages.
N0.HOG0003778	Gene Group 26	glycolysis and early development (and other)	0.3846153846153847	0.21702022575997748	n	0.4685314685314686	0.124454791188834	n	friend of echinoid(fred)	1	1	1	1	1	1	2	1	1	1	3	2	4	2	3	rna-NM_134968.4	FBgn0051774	The gene friend of echinoid is referred to in FlyBase by the symbol Dmel\fred (CG31774, FBgn0051774). It is a protein_coding_gene from Dmel. It has 3 annotated transcripts and 3 polypeptides (all unique). Gene sequence location is 2L:3902928..3991713. Its molecular function is described by: cell adhesion molecule binding. It is involved in the biological process described with: cell-cell adhesion; regulation of establishment of planar polarity; sensory organ development; compound eye morphogenesis; adult chitin-based cuticle pattern formation. 23 alleles are reported. The phenotypes of these alleles manifest in: organism subdivision; adult head; adult thoracic segment; tagma; supramolecular polymer. The phenotypic classes of alleles include: flightless; lethal; increased cell death; viable. Summary of modENCODE Temporal Expression Profile:  Temporal profile ranges from a peak of low expression to a trough of no expression detected.  Peak expression observed within 12-24 hour embryonic stages, during early larval stages, at stages throughout the pupal period.
N0.HOG0003797	None	None	0.42732114568639123	0.16587727319738638	n	0.38879218992778225	0.21164296722004275	n	INO80 complex subunit (from API summary)	1	1	1	1	1	1	1	1	1	1	1	1	2	1	1	rna-NM_169854.2	FBgn0289122	The gene INO80 complex subunit is referred to in FlyBase by the symbol Dmel\Ino80 (CG31212, FBgn0289122). It is a protein_coding_gene from Dmel. It has one annotated transcript and one polypeptide. Gene sequence location is 3R:19368995..19403153. Its molecular function is described by 8 unique terms, many of which group under: binding; ATP-dependent activity; catalytic activity; protein binding; DNA binding. It is involved in the biological process described with 6 unique terms, many of which group under: RNA metabolic process; nucleobase-containing compound biosynthetic process; DNA-templated transcription; chromatin remodeling; cellular response to stimulus. 36 alleles are reported. The phenotypes of these alleles manifest in: chromosome; larval abdominal segment 5; metathoracic segment; intracellular anatomical structure; larval abdominal segment 3. The phenotypic classes of alleles include: lethal - all die before end of second instar larval stage; phenotype; increased mortality during development; increased mortality.
N0.HOG0003818	None	None	0.44846957755741607	0.14366512941483017	n	0.5125366600656184	0.08841643063431351	n	Cytochrome c oxidase copper chaperone COX11 (from API summary)	1	2	1	1	1	1	1	1	1	1	2	1	4	1	3	rna-NM_164644.3	FBgn0051648	The gene Cytochrome c oxidase copper chaperone COX11 is referred to in FlyBase by the symbol Dmel\Cox11 (CG31648, FBgn0051648). It is a protein_coding_gene from Dmel. It has one annotated transcript and one polypeptide. Gene sequence location is 2L:5526957..5527854. Its molecular function is described by: copper ion binding. It is involved in the biological process described with: mitochondrial respiratory chain complex IV assembly. 7 alleles are reported. The phenotype of these alleles manifest in: trichogen cell. The phenotypic classes of alleles include: visible; viable; abnormal flight. Summary of modENCODE Temporal Expression Profile:  Temporal profile ranges from a peak of moderately high expression to a trough of moderate expression.  Peak expression observed within 00-06 hour embryonic stages, during early larval stages, in adult female stages.
N0.HOG0003949	Gene Group 36	uncharacterized	0.1885295837911297	0.5573365380454538	n	0.47132395947782424	0.1219218933169533	n	uncharacterized protein(CG10139)	1	1	1	1	1	1	1	1	1	1	1	1	1	2	1	rna-NM_137132.3	FBgn0033951	This gene is referred to in FlyBase by the symbol Dmel\CG10139 (FBgn0033951). It is a protein_coding_gene from Dmel. It has 2 annotated transcripts and 2 polypeptides (all unique). Gene sequence location is 2R:14645270..14646344. Its molecular function is described by: . It is involved in the biological process described with: . 7 alleles are reported. The phenotypes of these alleles manifest in: mesonotum; trichogen cell. The phenotypic classes of alleles include: visible; viable; lethal - all die during P-stage; abnormal body color. Summary of modENCODE Temporal Expression Profile:  Temporal profile ranges from a peak of high expression to a trough of moderate expression.  Peak expression observed within 00-12 hour embryonic stages.
N0.HOG0004409	Gene Group 26	glycolysis and early development (and other)	-0.18864196516304008	0.5570972684616313	n	0.0	1.0	n	Ionotropic receptor 68b(Ir68b)	2	1	1	1	1	1	2	1	4	6	1	1	1	1	5	rna-NM_140291.1	FBgn0036250	The gene Ionotropic receptor 68b is referred to in FlyBase by the symbol Dmel\Ir68b (CG17152, FBgn0036250). It is a protein_coding_gene from Dmel. It has one annotated transcript and one polypeptide. Gene sequence location is 3L:12125487..12127394. Its molecular function is described by: ligand-gated monoatomic ion channel activity. It is involved in the biological process described with: detection of chemical stimulus. 3 alleles are reported. No phenotypic data is available. No phenotypic class data is available. Summary of modENCODE Temporal Expression Profile:  Temporal profile ranges from a peak of very low expression to a trough of no expression detected.  Peak expression observed during late larval stages, at stages throughout the pupal period, in adult male stages.
N0.HOG0004415	None	None	0.07251137838120374	0.8227991261167644	n	0.23203641081985196	0.46802972364550155	n	crossveinless d (from API summary)	1	4	2	1	1	1	6	2	1	1	1	1	1	1	5	rna-NM_169676.2	FBgn0265048	The gene crossveinless d is referred to in FlyBase by the symbol Dmel\cv-d (CG31150, FBgn0265048). It is a protein_coding_gene from Dmel. It has one annotated transcript and one polypeptide. Gene sequence location is 3R:15844466..15853581. Its molecular function is described by: BMP binding; lipid transporter activity; heparan sulfate proteoglycan binding. It is involved in the biological process described with: positive regulation of BMP signaling pathway; imaginal disc-derived wing vein specification; lipid transport. 26 alleles are reported. The phenotypes of these alleles manifest in: anterior crossvein; posterior crossvein; wing margin. The phenotypic classes of alleles include: fertile; visible; viable.
N0.HOG0004729	None	None	0.2657342657342658	0.40383308831471165	n	0.5944055944055945	0.04152149441031855	n	Myosin binding subunit (from API summary)	1	1	1	1	1	1	1	1	1	1	1	1	1	6	5	rna-NM_001259857.2	FBgn0005536	The gene Myosin binding subunit is referred to in FlyBase by the symbol Dmel\Mbs (CG32156, FBgn0005536). It is a protein_coding_gene from Dmel. It has 18 annotated transcripts and 18 polypeptides (all unique). Gene sequence location is 3L:16051959..16082026. Its molecular function is described by: myosin phosphatase regulator activity; protein kinase binding; enzyme inhibitor activity. It is involved in the biological process described with 8 unique terms, many of which group under: cellular component organization or biogenesis; regulation of cellular process; rhythmic behavior; imaginal disc-derived wing morphogenesis; embryonic development via the syncytial blastoderm. 52 alleles are reported. The phenotypes of these alleles manifest in: cellular anatomical structure; cell cortex; larval segment; neuron projection; larval neuroblast. The phenotypic classes of alleles include: lethal; increased mortality; phenotype; increased mortality during development. Summary of modENCODE Temporal Expression Profile:  Temporal profile ranges from a peak of moderately high expression to a trough of moderate expression.  Peak expression observed at stages throughout embryogenesis, during late larval stages, at stages throughout the pupal period, in stages of adults of both sexes.
N0.HOG0005307	Gene Group 31	chromatin organization and transcription regulation	-0.03502632341691732	0.9139432528752413	n	0.11558686727582713	0.7205545635404205	n	uncharacterized protein(CG10366)	1	1	1	1	1	1	1	1	1	2	1	2	4	4	3	rna-NM_136151.3	FBgn0032814	This gene is referred to in FlyBase by the symbol Dmel\CG10366 (FBgn0032814). It is a protein_coding_gene from Dmel. It has one annotated transcript and one polypeptide. Gene sequence location is 2L:19584235..19586440. Its molecular function is described by: zinc ion binding; DNA binding. It is involved in the biological process described with: positive regulation of transcription by RNA polymerase II. 12 alleles are reported. No phenotypic data is available. The phenotypic class of alleles includes: viable. Summary of modENCODE Temporal Expression Profile:  Temporal profile ranges from a peak of moderately high expression to a trough of low expression.  Peak expression observed within 00-06 hour embryonic stages, in adult female stages.
N0.HOG0005613	Gene Group 26	glycolysis and early development (and other)	0.02491497653096756	0.9387365198143007	n	0.12101560029327099	0.7079272414616193	n	uncharacterized protein(CG32641)	3	1	1	1	1	1	3	1	1	1	2	2	2	2	2	rna-NM_167352.3	FBgn0052641	This gene is referred to in FlyBase by the symbol Dmel\CG32641 (FBgn0052641). It is a protein_coding_gene from Dmel. It has one annotated transcript and one polypeptide. Gene sequence location is X:13184478..13184996. Its molecular function is unknown. The biological processes in which it is involved are not known. One allele is reported. No phenotypic data is available. No phenotypic class data is available. Summary of modENCODE Temporal Expression Profile:  Temporal profile ranges from a peak of moderately high expression to a trough of low expression.  Peak expression observed within 00-12 hour embryonic stages, during late larval stages, during early pupal stages, in stages of adults of both sexes.
N0.HOG0005786	None	None	-0.15384615384615385	0.6330906812462618	n	-0.02097902097902098	0.9484022252365223	n	None	1	1	1	1	1	1	3	1	1	2	1	2	2	1	2	rna-NM_132241.2	FBgn0030029	This gene is referred to in FlyBase by the symbol Dmel\CG15343 (FBgn0030029). It is a protein_coding_gene from Dmel. It has one annotated transcript and one polypeptide. Gene sequence location is X:8272324..8273806. Its molecular function is described by: FMN binding; pyridoxamine phosphate oxidase activity. It is involved in the biological process described with: pyridoxal phosphate biosynthetic process; pyridoxine biosynthetic process. 3 alleles are reported. No phenotypic data is available. The phenotypic class of alleles includes: viable. Summary of modENCODE Temporal Expression Profile:  Temporal profile ranges from a peak of moderate expression to a trough of very low expression.  Peak expression observed during late larval stages, during early pupal stages.
N0.HOG0006000	None	None	0.7285475270718802	0.00720175094976221	n	0.8231186002975568	0.001004946783874641	n	None	1	1	1	1	1	1	1	1	1	1	2	1	1	4	3	rna-NM_143494.4	FBgn0260759	This gene is referred to in FlyBase by the symbol Dmel\CG42557 (FBgn0260759). It is a protein_coding_gene from Dmel. It has one annotated transcript and one polypeptide. Gene sequence location is 3R:29933287..29934587. Its molecular function is described by: . It is involved in the biological process described with: cilium organization. 3 alleles are reported. No phenotypic data is available. No phenotypic class data is available. Summary of modENCODE Temporal Expression Profile:  Temporal profile ranges from a peak of moderately high expression to a trough of moderate expression.  Peak expression observed within 00-18 hour embryonic stages, during late larval stages, at stages throughout the pupal period, in stages of adults of both sexes.  This gene is annotated by FlyBase as a dicistronic gene, meaning that some or all of its transcripts encode two or more polypeptide-coding open reading frames (ORFs) , with each ORF assigned to a different gene.  The distribution of RNA-Seq coverage data amongst the different encoded genes cannot be determined.
N0.HOG0006995	Gene Group 31	chromatin organization and transcription regulation	0.29004551352481495	0.3604571272621032	n	0.5438353378590279	0.06758713970187623	n	uncharacterized protein(CG18011)	1	1	1	1	1	1	1	1	1	1	2	1	4	8	7	rna-NM_136715.4	FBgn0033491	This gene is referred to in FlyBase by the symbol Dmel\CG18011 (FBgn0033491). It is a protein_coding_gene from Dmel. It has one annotated transcript and one polypeptide. Gene sequence location is 2R:10142338..10146206. Its molecular function is described by: DNA-binding transcription factor activity, RNA polymerase II-specific; RNA polymerase II cis-regulatory region sequence-specific DNA binding. It is involved in the biological process described with: regulation of transcription by RNA polymerase II. 12 alleles are reported. No phenotypic data is available. The phenotypic classes of alleles include: some die during pupal stage; partially lethal - majority die; viable. Summary of modENCODE Temporal Expression Profile:  Temporal profile ranges from a peak of moderate expression to a trough of low expression.  Peak expression observed within 00-18 hour embryonic stages, during early pupal stages, in adult female stages.
N0.HOG0007183	Gene Group 4	Esterase and mating behavior	-0.1377716189242871	0.6693880133068077	n	0.31905006487729637	0.3121040651249244	n	alpha-Esterase-6(alpha-Est6)	1	10	1	1	2	1	1	1	1	2	1	1	1	1	9	rna-NM_079538.3	FBgn0015574	The gene alpha-Esterase-6 is referred to in FlyBase by the symbol Dmel\α-Est6 (CG1108, FBgn0015574). It is a protein_coding_gene from Dmel. It has one annotated transcript and one polypeptide. Gene sequence location is 3R:7524567..7528777. Its molecular function is described by: carboxylesterase activity. The biological processes in which it is involved are not known. 4 alleles are reported. No phenotypic data is available. The phenotypic class of alleles includes: viable. Summary of modENCODE Temporal Expression Profile:  Temporal profile ranges from a peak of moderately high expression to a trough of extremely low expression.  Peak expression observed in adult male stages.
N0.HOG0007210	None	None	-0.14816194208498978	0.6458461551589187	n	0.0	1.0	n	lectin-33A (from API summary)	1	1	1	1	1	1	1	1	1	13	1	1	1	1	12	rna-NM_001103675.2	FBgn0040096	The gene lectin-33A is referred to in FlyBase by the symbol Dmel\lectin-33A (CG16834, FBgn0040096). It is a protein_coding_gene from Dmel. It has one annotated transcript and one polypeptide. Gene sequence location is 2L:11002072..11002738. Its molecular function is described by: galactose binding; carbohydrate binding. The biological processes in which it is involved are not known. 5 alleles are reported. No phenotypic data is available. The phenotypic class of alleles includes: viable. Summary of modENCODE Temporal Expression Profile:  Temporal profile ranges from a peak of moderately high expression to a trough of extremely low expression.  Peak expression observed in adult male stages.
N0.HOG0008202	None	None	0.055944055944055944	0.8628980736949712	n	0.04895104895104895	0.8799185788786749	n	Senataxin (from API summary)	1	1	1	1	1	1	1	1	1	1	1	1	6	1	5	rna-NM_001144435.2	FBgn0035842	The gene Senataxin is referred to in FlyBase by the symbol Dmel\Setx (CG7504, FBgn0035842). It is a protein_coding_gene from Dmel. It has 2 annotated transcripts and 2 polypeptides (all unique). Gene sequence location is 3L:8131429..8137498. Its molecular function is described by: helicase activity; transcription termination site sequence-specific DNA binding; RNA binding; 5'-3' RNA helicase activity. It is involved in the biological process described with: termination of RNA polymerase II transcription. 7 alleles are reported. The phenotype of these alleles manifest in: male germline stem cell. The phenotypic classes of alleles include: viable; female sterile; decreased cell number; female fertile. Summary of modENCODE Temporal Expression Profile:  Temporal profile ranges from a peak of moderately high expression to a trough of very low expression.  Peak expression observed within 00-06 hour embryonic stages.
N0.HOG0008498	None	None	0.07042428152039987	0.827831199192635	n	-0.08450913782447984	0.7939959959092632	n	Dynein heavy chain at 36C (from API summary)	1	1	1	3	1	1	1	1	1	1	1	1	5	2	4	rna-NM_001382179.1	FBgn0013810	The gene Dynein heavy chain at 36C is referred to in FlyBase by the symbol Dmel\Dhc36C (CG5526, FBgn0013810). It is a protein_coding_gene from Dmel. It has 2 annotated transcripts and 2 polypeptides (all unique). Gene sequence location is 2L:17501401..17525515. Its molecular function is described by: dynein light intermediate chain binding; dynein intermediate chain binding; minus-end-directed microtubule motor activity; ATP binding. It is involved in the biological process described with: cilium movement involved in cell motility; sensory perception of sound; microtubule-based movement; flagellated sperm motility. 11 alleles are reported. No phenotypic data is available. The phenotypic classes of alleles include: abnormal auditory perception; abnormal locomotor behavior; male semi-sterile; viable; abnormal neurophysiology. Summary of modENCODE Temporal Expression Profile:  Temporal profile ranges from a peak of moderate expression to a trough of extremely low expression.  Peak expression observed at stages throughout the pupal period, in adult male stages.
N0.HOG0008798	Gene Group 31	chromatin organization and transcription regulation	0.2610409621723334	0.41249631869094106	n	0.5365842000209077	0.07207543088661057	n	Serendipity beta(Sry-beta)	2	1	1	1	1	1	1	1	1	1	2	2	2	6	5	rna-NM_001316522.1	FBgn0003511	The gene Serendipity beta is referred to in FlyBase by the symbol Dmel\Sry-β (CG7938, FBgn0003511). It is a protein_coding_gene from Dmel. It has 2 annotated transcripts and 2 polypeptides (1 unique). Gene sequence location is 3R:30039719..30043071. Its molecular function is described by: DNA binding; RNA polymerase II transcription regulatory region sequence-specific DNA binding; DNA-binding transcription factor activity, RNA polymerase II-specific. It is involved in the biological process described with: regulation of transcription by RNA polymerase II. 12 alleles are reported. The phenotype of these alleles manifest in: wing. The phenotypic classes of alleles include: partially lethal - majority die; viable; visible; some die during pupal stage. Summary of modENCODE Temporal Expression Profile:  Temporal profile ranges from a peak of high expression to a trough of moderate expression.  Peak expression observed within 00-06 hour embryonic stages.
N0.HOG0008866	Gene Group 26	glycolysis and early development (and other)	0.33355234055353716	0.2893552505936301	n	0.5945933027258705	0.04144076209354325	n	uncharacterized protein(CG31675)	4	1	1	1	1	1	1	1	1	1	2	1	3	5	4	rna-NM_165347.2	FBgn0051675	This gene is referred to in FlyBase by the symbol Dmel\CG31675 (FBgn0051675). It is a protein_coding_gene from Dmel. It has one annotated transcript and one polypeptide. Gene sequence location is 2L:20867755..20869650. Its molecular function is described by: . It is involved in the biological process described with: sleep; regulation of synaptic transmission, cholinergic. 7 alleles are reported. No phenotypic data is available. The phenotypic class of alleles includes: viable. Summary of modENCODE Temporal Expression Profile:  Temporal profile ranges from a peak of moderately high expression to a trough of extremely low expression.  Peak expression observed within 12-24 hour embryonic stages.
N0.HOG0009002	Gene Group 9	 sexual reproduction	-0.11188811188811189	0.729194990751066	n	0.027972027972027972	0.9312343512018808	n	uncharacterized protein(CG42259)	1	4	1	1	1	1	2	1	1	2	1	1	1	1	3	rna-NM_001042791.3	FBgn0266569	This gene is referred to in FlyBase by the symbol Dmel\CG42259 (FBgn0266569). It is a protein_coding_gene from Dmel. It has 2 annotated transcripts and 2 polypeptides (1 unique). Gene sequence location is X:1046224..1047009. Its molecular function is described by: protein homodimerization activity. It is involved in the biological process described with: response to wounding; hemolymph coagulation. 3 alleles are reported. No phenotypic data is available. No phenotypic class data is available.
N0.HOG0010108	Gene Group 26	glycolysis and early development (and other)	0.04195804195804196	0.8969858708195542	n	-0.37762237762237766	0.22620604493502663	n	uncharacterized protein(CG14275)	2	1	1	1	1	2	2	3	1	1	1	1	1	1	2	rna-NM_135367.3	FBgn0032022	This gene is referred to in FlyBase by the symbol Dmel\CG14275 (FBgn0032022). It is a protein_coding_gene from Dmel. It has 2 annotated transcripts and 2 polypeptides (1 unique). Gene sequence location is 2L:8327456..8332911. Its molecular function is unknown. It is involved in the biological process described with: regulation of synaptic transmission, cholinergic; sleep. 11 alleles are reported. No phenotypic data is available. The phenotypic class of alleles includes: viable. Summary of modENCODE Temporal Expression Profile:  Temporal profile ranges from a peak of very high expression to a trough of very low expression.  Peak expression observed within 18-24 hour embryonic stages.
N0.HOG0010122	None	None	-0.006993006993006993	0.9827917689028476	n	0.14685314685314685	0.6487957097846664	n	None	1	1	2	1	1	1	1	3	1	1	1	1	1	7	6	rna-NM_135511.4	FBgn0032193	This gene is referred to in FlyBase by the symbol Dmel\CG5727 (FBgn0032193). It is a protein_coding_gene from Dmel. It has one annotated transcript and one polypeptide. Gene sequence location is 2L:10209853..10210681. Its molecular function is described by: . The biological processes in which it is involved are not known. 7 alleles are reported. No phenotypic data is available. The phenotypic classes of alleles include: viable; abnormal pain response. Summary of modENCODE Temporal Expression Profile:  Temporal profile ranges from a peak of moderately high expression to a trough of low expression.  Peak expression observed within 12-18 embryonic stages.
N0.HOG0010520	None	None	-0.29004551352481495	0.3604571272621032	n	-0.02175341351436112	0.9464999715858183	n	G protein-coupled receptor kinase interacting ArfGAP (from API summary)	3	1	1	1	6	1	1	1	1	1	1	1	1	1	5	rna-NM_136755.4	FBgn0033539	The gene G protein-coupled receptor kinase interacting ArfGAP is referred to in FlyBase by the symbol Dmel\Git (CG16728, FBgn0033539). It is a protein_coding_gene from Dmel. It has one annotated transcript and one polypeptide. Gene sequence location is 2R:10641818..10645427. Its molecular function is described by: small GTPase binding; protein binding; GTPase activator activity; molecular adaptor activity. It is involved in the biological process described with 10 unique terms, many of which group under: localization; regulation of G protein-coupled receptor signaling pathway; protein localization to synapse; establishment of localization in cell; macromolecule localization. 23 alleles are reported. The phenotypes of these alleles manifest in: A1-7 ventral oblique muscle; synapse; larval peripheral nervous system; A1-7 ventral acute muscle cell; cell junction. The phenotypic classes of alleles include: abnormal neuroanatomy; abnormal size; abnormal locomotor behavior; partially lethal - majority die; abnormal neurophysiology. Summary of modENCODE Temporal Expression Profile:  Temporal profile ranges from a peak of moderately high expression to a trough of moderate expression.  Peak expression observed at stages throughout embryogenesis, during early pupal stages, in adult female stages.
N0.HOG0010775	Gene Group 22	transcription regulation	0.21355694169400766	0.5051242606511095	n	-0.0640670825082023	0.8431946004212494	n	uncharacterized protein(CG12155)	1	1	3	1	1	1	1	1	1	1	1	1	4	3	3	rna-NM_132175.3	FBgn0029957	This gene is referred to in FlyBase by the symbol Dmel\CG12155 (FBgn0029957). It is a protein_coding_gene from Dmel. It has one annotated transcript and one polypeptide. Gene sequence location is X:7728755..7731729. Its molecular function is unknown. The biological processes in which it is involved are not known. 9 alleles are reported. No phenotypic data is available. The phenotypic class of alleles includes: viable. Summary of modENCODE Temporal Expression Profile:  Temporal profile ranges from a peak of high expression to a trough of moderate expression.  Peak expression observed within 00-06 hour embryonic stages.
N0.HOG0010822	Gene Group 31	chromatin organization and transcription regulation	-0.2729298933144549	0.39073082997882846	n	-0.07018197256657412	0.8284158044226562	n	uncharacterized protein(CG1663)	1	1	1	1	1	1	1	1	5	6	1	1	1	1	5	rna-NM_136677.3	FBgn0033449	This gene is referred to in FlyBase by the symbol Dmel\CG1663 (FBgn0033449). It is a protein_coding_gene from Dmel. It has one annotated transcript and one polypeptide. Gene sequence location is 2R:9836985..9838481. Its molecular function is described by: DNA-binding transcription activator activity, RNA polymerase II-specific; DNA-binding transcription repressor activity, RNA polymerase II-specific; RNA polymerase II cis-regulatory region sequence-specific DNA binding. It is involved in the biological process described with: negative regulation of transcription by RNA polymerase II; regulation of transcription by RNA polymerase II. 12 alleles are reported. No phenotypic data is available. The phenotypic class of alleles includes: viable. Summary of modENCODE Temporal Expression Profile:  Temporal profile ranges from a peak of moderately high expression to a trough of low expression.  Peak expression observed within 00-06 hour embryonic stages.
N0.HOG0010885	Gene Group 20	transmembrane transport (olfactory)	0.4518395720782334	0.14031277047271032	n	0.7986001739057148	0.0018404248554876482	n	oskyddad(osy)	1	3	1	1	1	1	1	1	1	2	2	1	1	1	2	rna-NM_001300613.1	FBgn0053970	The gene oskyddad is referred to in FlyBase by the symbol Dmel\osy (CG33970, FBgn0053970). It is a protein_coding_gene from Dmel. It has 3 annotated transcripts and 3 polypeptides (2 unique). Gene sequence location is 3R:26318355..26362588. Its molecular function is described by: ABC-type transporter activity; ATP hydrolysis activity; ATP binding. The biological processes in which it is involved are not known. 15 alleles are reported. The phenotypes of these alleles manifest in: wing; epidermal cell; cytoplasmic vesicle; embryonic/larval cuticle. The phenotypic classes of alleles include: flightless; lethal; abnormal sleep; viable; lethal - all die before end of larval stage; increased mortality during development. Summary of modENCODE Temporal Expression Profile:  Temporal profile ranges from a peak of high expression to a trough of extremely low expression.  Peak expression observed within 18-24 hour embryonic stages, during early pupal stages.
N0.HOG0010910	Gene Group 22	transcription regulation	0.4350682702872224	0.15750401510460624	n	0.6816069567833151	0.014641746073665321	n	Dpt-YFP repressor by overexpression(Dyro)	1	1	1	1	1	1	1	1	1	1	9	1	1	1	8	rna-NM_001274779.1	FBgn0036152	The gene Dpt-YFP repressor by overexpression is referred to in FlyBase by the symbol Dmel\Dyro (CG6175, FBgn0036152). It is a protein_coding_gene from Dmel. It has 3 annotated transcripts and 3 polypeptides (2 unique). Gene sequence location is 3L:11287936..11295919. Its molecular function is unknown. The biological processes in which it is involved are not known. 16 alleles are reported. The phenotypes of these alleles manifest in: egg; egg chamber. The phenotypic classes of alleles include: lethal - all die before end of prepupal stage; increased mortality; phenotype; increased mortality during development. Summary of modENCODE Temporal Expression Profile:  Temporal profile ranges from a peak of moderately high expression to a trough of low expression.  Peak expression observed within 00-06 and 12-18 hour embryonic stages, in adult female stages.
N0.HOG0010919	Gene Group 26	glycolysis and early development (and other)	0.14593057682423857	0.6508776410237396	n	0.07474492959290267	0.8174207303894088	n	boudin(bou)	1	1	1	1	1	1	2	1	1	1	1	1	5	1	4	rna-NM_132145.4	FBgn0261284	The gene boudin is referred to in FlyBase by the symbol Dmel\bou (CG14430, FBgn0261284). It is a protein_coding_gene from Dmel. It has one annotated transcript and one polypeptide. Gene sequence location is X:6986486..6987188. Its molecular function is unknown. It is involved in the biological process described with: septate junction assembly; sleep; regulation of synaptic transmission, cholinergic; regulation of tube architecture, open tracheal system. 19 alleles are reported. The phenotypes of these alleles manifest in: multicellular structure; organism; anatomical structure; disconnected anatomical group; presumptive embryonic/larval tracheal system. The phenotypic classes of alleles include: some die during embryonic stage; lethal; viable; lethal - all die during embryonic stage. Summary of modENCODE Temporal Expression Profile:  Temporal profile ranges from a peak of very high expression to a trough of moderate expression.  Peak expression observed within 06-18 hour embryonic stages.
N0.HOG0011218	None	None	0.0	1.0	n	0.11558686727582713	0.7205545635404205	n	CTP synthase (from API summary)	1	1	1	1	2	1	3	1	1	1	1	1	3	2	2	rna-NM_001300138.1	FBgn0266452	The gene CTP synthase is referred to in FlyBase by the symbol Dmel\Ctps (CG45070, FBgn0266452). It is a protein_coding_gene from Dmel. It has 3 annotated transcripts and 3 polypeptides (2 unique). Gene sequence location is 3L:15097914..15113003. Its molecular function is described by: CTP synthase activity; identical protein binding. It is involved in the biological process described with: pyrimidine nucleotide biosynthetic process; pyrimidine nucleobase biosynthetic process; larval lymph gland hemopoiesis; CTP biosynthetic process; phospholipid metabolic process. 57 alleles are reported. The phenotypes of these alleles manifest in: cellular anatomical structure; intracellular organelle; organelle; supramolecular polymer; ganglion mother cell. The phenotypic classes of alleles include: fertile; phenotype; abnormal size; increased mortality during development.
N0.HOG0011280	Gene Group 33	mitochondrial translation	0.0	1.0	n	0.11558686727582713	0.7205545635404205	n	mitochondrial translation initiation factor 2(mIF2)	1	1	1	1	1	1	1	1	1	1	1	1	6	2	5	rna-NM_143364.3	FBgn0039588	The gene mitochondrial translation initiation factor 2 is referred to in FlyBase by the symbol Dmel\mIF2 (CG12413, FBgn0039588). It is a protein_coding_gene from Dmel. It has one annotated transcript and one polypeptide. Gene sequence location is 3R:28542274..28544817. Its molecular function is described by: GTP binding; GTPase activity; translation initiation factor activity; tRNA binding. It is involved in the biological process described with: formation of translation preinitiation complex; mitochondrial translational initiation; mitochondrial translation. 8 alleles are reported. No phenotypic data is available. No phenotypic class data is available. Summary of modENCODE Temporal Expression Profile:  Temporal profile ranges from a peak of moderate expression to a trough of low expression.  Peak expression observed at stages throughout embryogenesis, during early larval stages, during late pupal stages, in adult female stages.
N0.HOG0011349	Gene Group 36	uncharacterized	0.20643837697087405	0.5197507165228195	n	0.2562683300328092	0.4213999085391852	n	lethal (2) 05714(l(2)05714)	2	1	5	1	1	1	1	1	1	1	1	1	1	4	4	rna-NM_164605.3	FBgn0010607	The gene lethal (2) 05714 is referred to in FlyBase by the symbol Dmel\l(2)05714 (CG8886, FBgn0010607). It is a protein_coding_gene from Dmel. It has 3 annotated transcripts and 3 polypeptides (2 unique). Gene sequence location is 2L:4970135..4973921. Its molecular function is described by: . It is involved in the biological process described with: . 9 alleles are reported. The phenotypes of these alleles manifest in: myofibril; indirect flight muscle cell; mesonotum; sarcomere. The phenotypic classes of alleles include: visible; viable; flightless; lethal. Summary of modENCODE Temporal Expression Profile:  Temporal profile ranges from a peak of high expression to a trough of low expression.  Peak expression observed within 06-12 hour embryonic stages.
N0.HOG0011509	None	None	0.41331061631962435	0.1817214774016019	n	0.49387116017853416	0.10270518334647254	n	Leukocyte-antigen-related-like (from API summary)	1	1	1	1	1	1	1	1	1	1	4	1	2	1	3	rna-NM_001273665.1	FBgn0000464	The gene Leukocyte-antigen-related-like is referred to in FlyBase by the symbol Dmel\Lar (CG10443, FBgn0000464). It is a protein_coding_gene from Dmel. It has 7 annotated transcripts and 7 polypeptides (all unique). Gene sequence location is 2L:19586623..19732069. Its molecular function is described by: transmembrane receptor protein tyrosine phosphatase activity; insulin receptor binding; protein tyrosine phosphatase activity; SAM domain binding. It is involved in the biological process described with 19 unique terms, many of which group under: oogenesis; hematopoietic stem cell homeostasis; spermatogenesis; regulation of signaling; photoreceptor cell morphogenesis. 77 alleles are reported. The phenotypes of these alleles manifest in: germarium; cell projection; actin-based cell projection; neuron projection; larval imaginal tissue. The phenotypic classes of alleles include: phenotype; increased mortality; abnormal behavior; semi-sterile. Summary of modENCODE Temporal Expression Profile:  Temporal profile ranges from a peak of moderately high expression to a trough of low expression.  Peak expression observed within 12-24 hour embryonic stages, at stages throughout the pupal period.
N0.HOG0011866	Gene Group 31	chromatin organization and transcription regulation	0.18914214645135352	0.5560328502017109	n	0.5288974835954515	0.07705239037267651	n	Boundary element-associated factor of 32kD(BEAF-32)	1	1	1	1	1	1	1	1	1	1	1	1	1	8	7	rna-NM_079023.5	FBgn0015602	The gene Boundary element-associated factor of 32kD is referred to in FlyBase by the symbol Dmel\BEAF-32 (CG10159, FBgn0015602). It is a protein_coding_gene from Dmel. It has 3 annotated transcripts and 3 polypeptides (2 unique). Gene sequence location is 2R:14770469..14772630. Its molecular function is described by: protein binding; chromatin insulator sequence binding; DNA binding. It is involved in the biological process described with: chromatin organization; regulation of transcription by RNA polymerase II; oogenesis. 32 alleles are reported. The phenotypes of these alleles manifest in: cellular anatomical structure; adult mesothoracic segment; membraneless organelle; eye-antennal disc; female germline cell. The phenotypic classes of alleles include: fertile; phenotype; modifier of variegation; increased mortality. Summary of modENCODE Temporal Expression Profile:  Temporal profile ranges from a peak of high expression to a trough of moderate expression.  Peak expression observed within 00-12 hour embryonic stages.
N0.HOG0011923	Gene Group 36	uncharacterized	-0.05800910270496299	0.8578817998209817	n	-0.33355234055353716	0.2893552505936301	n	uncharacterized protein(CG42676)	1	1	6	1	1	2	1	1	1	1	1	1	1	1	5	rna-NM_001299976.1	FBgn0261562	This gene is referred to in FlyBase by the symbol Dmel\CG42676 (FBgn0261562). It is a protein_coding_gene from Dmel. It has 4 annotated transcripts and 4 polypeptides (3 unique). Gene sequence location is 3L:1803107..1806920. Its molecular function is described by: . It is involved in the biological process described with: . 6 alleles are reported. No phenotypic data is available. No phenotypic class data is available. Summary of modENCODE Temporal Expression Profile:  Temporal profile ranges from a peak of moderate expression to a trough of low expression.  Peak expression observed at stages throughout embryogenesis, at stages throughout the larval period, at stages throughout the pupal period, in stages of adults of both sexes.
N0.HOG0012011	Gene Group 22	transcription regulation	0.21834391465156391	0.4953923823848684	n	0.3353138689291874	0.28665785786011205	n	uncharacterized protein(CG30403)	1	1	1	1	1	1	1	1	1	1	8	1	1	1	7	rna-NM_166478.4	FBgn0050403	This gene is referred to in FlyBase by the symbol Dmel\CG30403 (FBgn0050403). It is a protein_coding_gene from Dmel. It has one annotated transcript and one polypeptide. Gene sequence location is 2R:21709895..21711613. Its molecular function is described by: DNA binding. It is involved in the biological process described with: . 16 alleles are reported. The phenotype of these alleles manifest in: trichogen cell. The phenotypic classes of alleles include: lethal; viable; visible. Summary of modENCODE Temporal Expression Profile:  Temporal profile ranges from a peak of moderate expression to a trough of very low expression.  Peak expression observed within 00-06 hour embryonic stages, in adult female stages.
N0.HOG0012032	None	None	0.5244755244755246	0.08001937592027475	n	0.5174825174825175	0.08486877113393493	n	None	1	1	1	1	1	1	1	1	1	1	3	1	1	1	2	rna-NM_001259859.1	FBgn0262987	This gene is referred to in FlyBase by the symbol Dmel\CG43295 (FBgn0262987). It is a protein_coding_gene from Dmel. It has one annotated transcript and one polypeptide. Gene sequence location is 3L:16105852..16106428. Its molecular function is described by: chromatin binding. It is involved in the biological process described with: mitotic G2 DNA damage checkpoint signaling. No alleles are reported.
N0.HOG0012076	None	None	-0.46234746910330854	0.13018583568230105	n	-0.29772374904379717	0.34729146092788776	n	Sol1 (from API summary)	1	1	1	1	1	1	1	1	1	1	1	2	2	1	1	rna-NM_001104286.2	FBgn0085431	The gene Sol1 is referred to in FlyBase by the symbol Dmel\Sol1 (CG34402, FBgn0085431). It is a protein_coding_gene from Dmel. It has 3 annotated transcripts and 3 polypeptides (all unique). Gene sequence location is 3R:12386249..12402902. Its molecular function is described by: channel activator activity. It is involved in the biological process described with: positive regulation of glutamate secretion, neurotransmission; positive regulation of synaptic transmission, glutamatergic; presynaptic modulation of chemical synaptic transmission. 19 alleles are reported. The phenotypes of these alleles manifest in: embryonic/larval neuromuscular junction; muscle cell of A1-7 ventral longitudinal muscle 3. The phenotypic classes of alleles include: fertile; abnormal neurophysiology; viable. Summary of modENCODE Temporal Expression Profile:  Temporal profile ranges from a peak of moderate expression to a trough of extremely low expression.  Peak expression observed during late pupal stages.
N0.HOG0012168	Gene Group 26	glycolysis and early development (and other)	0.6024527627709778	0.03815947554942023	n	0.39579745461116567	0.20280764325009978	n	uncharacterized protein(CG11562)	1	1	1	1	1	1	1	1	1	1	2	1	2	1	1	rna-NM_134672.2	FBgn0031247	This gene is referred to in FlyBase by the symbol Dmel\CG11562 (FBgn0031247). It is a protein_coding_gene from Dmel. It has one annotated transcript and one polypeptide. Gene sequence location is 2L:292419..293222. Its molecular function is described by: . It is involved in the biological process described with: mitochondrial respiratory chain complex IV assembly. 10 alleles are reported. No phenotypic data is available. The phenotypic classes of alleles include: lethal; viable. Summary of modENCODE Temporal Expression Profile:  Temporal profile ranges from a peak of high expression to a trough of moderate expression.  Peak expression observed during late pupal stages, in adult male stages.
N0.HOG0012589	Gene Group 22	transcription regulation	0.4568216838015835	0.13544995826746495	n	0.4060637189347409	0.19027361142401095	n	Corepressor of Pangolin(Coop)	1	1	1	1	1	1	1	1	1	1	5	1	1	1	4	rna-NM_136442.5	FBgn0263240	The gene Corepressor of Pangolin is referred to in FlyBase by the symbol Dmel\Coop (CG1621, FBgn0263240). It is a protein_coding_gene from Dmel. It has 2 annotated transcripts and 2 polypeptides (1 unique). Gene sequence location is 2R:7490836..7492589. Its molecular function is described by: DNA-binding transcription factor binding; transcription corepressor activity. It is involved in the biological process described with: negative regulation of transcription by RNA polymerase II; regulation of transcription by RNA polymerase II; negative regulation of canonical Wnt signaling pathway. 19 alleles are reported. The phenotype of these alleles manifest in: mesonotum. The phenotypic classes of alleles include: lethal; viable; visible; lethal - all die before end of pupal stage; fertile.
N0.HOG0012931	None	None	0.007042428152039987	0.9826701704764307	n	-0.07042428152039987	0.827831199192635	n	Sec61 gamma subunit (from API summary)	2	1	1	1	1	1	1	1	1	2	1	1	2	1	1	rna-NM_001298521.1	FBgn0031049	The gene Sec61 gamma subunit is referred to in FlyBase by the symbol Dmel\Sec61γ (CG14214, FBgn0031049). It is a protein_coding_gene from Dmel. It has 3 annotated transcripts and 3 polypeptides (1 unique). Gene sequence location is X:19643327..19644518. Its molecular function is described by: protein transmembrane transporter activity. It is involved in the biological process described with 6 unique terms, many of which group under: negative regulation of autophagy; negative regulation of metabolic process; regulation of catabolic process; post-translational protein targeting to membrane, translocation; metabolic process. 8 alleles are reported. No phenotypic data is available. The phenotypic classes of alleles include: abnormal pain response; lethal; some die during pupal stage; lethal - all die before end of pupal stage; viable; lethal - all die during P-stage. Summary of modENCODE Temporal Expression Profile:  Temporal profile ranges from a peak of very high expression to a trough of moderately high expression.  Peak expression observed within 06-18 hour embryonic stages, during early larval stages, during late pupal stages.
N0.HOG0012941	None	None	0.02112728445611996	0.9480380045464691	n	-0.11972127858467978	0.7109318595190937	n	male fertility factor kl5 (from API summary)	1	1	1	1	1	1	3	1	1	1	1	1	1	1	2	rna-NM_001015499.4	FBgn0267433	The gene male fertility factor kl5 is referred to in FlyBase by the symbol Dmel\kl-5 (CG45786, FBgn0267433). It is a protein_coding_gene from Dmel. It has one annotated transcript and one polypeptide. Gene sequence location is Y:22250..137486. Its molecular function is described by: dynein intermediate chain binding; minus-end-directed microtubule motor activity; dynein light intermediate chain binding; ATP binding. It is involved in the biological process described with: flagellated sperm motility; microtubule-based movement. 27 alleles are reported. The phenotypes of these alleles manifest in: sperm individualization complex; spermatid; spermatozoon; axoneme; testis. The phenotypic classes of alleles include: male sterile; decreased fecundity; viable; male semi-fertile.
N0.HOG0013047	Gene Group 26	glycolysis and early development (and other)	0.32745397726414505	0.2988039068232815	n	0.5730444602122539	0.05145667221240698	n	uncharacterized protein(CG6293)	1	1	1	1	1	1	1	1	1	1	1	1	1	6	5	rna-NM_001275530.1	FBgn0037807	This gene is referred to in FlyBase by the symbol Dmel\CG6293 (FBgn0037807). It is a protein_coding_gene from Dmel. It has 2 annotated transcripts and 2 polypeptides (1 unique). Gene sequence location is 3R:10307806..10311613. Its molecular function is described by: L-ascorbate:sodium symporter activity; transmembrane transporter activity. It is involved in the biological process described with: L-ascorbic acid transmembrane transport; transmembrane transport. 9 alleles are reported. No phenotypic data is available. The phenotypic class of alleles includes: viable. Summary of modENCODE Temporal Expression Profile:  Temporal profile ranges from a peak of high expression to a trough of very low expression.  Peak expression observed within 00-06 hour embryonic stages, in adult female stages.
N0.HOG0013096	Gene Group 2	protein breakdown (proteolysis)	-0.29004551352481495	0.3604571272621032	n	-0.34080347839165753	0.27834367571270824	n	uncharacterized protein(CG3916)	1	1	1	1	1	1	1	6	1	1	1	1	1	1	5	rna-NM_141910.2	FBgn0038003	This gene is referred to in FlyBase by the symbol Dmel\CG3916 (FBgn0038003). It is a protein_coding_gene from Dmel. It has one annotated transcript and one polypeptide. Gene sequence location is 3R:12229413..12230425. Its molecular function is described by: serine-type endopeptidase activity. It is involved in the biological process described with: proteolysis. 5 alleles are reported. No phenotypic data is available. The phenotypic class of alleles includes: viable. Summary of modENCODE Temporal Expression Profile:  Temporal profile ranges from a peak of moderately high expression to a trough of no expression detected.  Peak expression observed during early pupal stages.
N0.HOG0013621	None	None	0.007118564723133589	0.9824828407045115	n	0.042711388338801524	0.8951451878401395	n	Nimrod B3 (from API summary)	1	1	1	1	1	1	2	1	1	1	1	1	1	2	1	rna-NM_001038816.3	FBgn0054003	The gene Nimrod B3 is referred to in FlyBase by the symbol Dmel\NimB3 (CG34003, FBgn0054003). It is a protein_coding_gene from Dmel. It has one annotated transcript and one polypeptide. Gene sequence location is 2L:13967464..13967985. Its molecular function is described by: . The biological processes in which it is involved are not known. 6 alleles are reported. No phenotypic data is available. No phenotypic class data is available. Summary of modENCODE Temporal Expression Profile:  Temporal profile ranges from a peak of very high expression to a trough of very low expression.  Peak expression observed during late larval stages.
N0.HOG0014524	None	None	-0.07005264683383464	0.8287278541011254	n	-0.41331061631962435	0.1817214774016019	n	Adipokinetic hormone (from API summary)	1	1	1	1	1	2	1	1	1	1	1	1	1	1	1	rna-NM_079194.2	FBgn0004552	The gene Adipokinetic hormone is referred to in FlyBase by the symbol Dmel\Akh (CG1171, FBgn0004552). It is a protein_coding_gene from Dmel. It has one annotated transcript and one polypeptide. Gene sequence location is 3L:4141467..4142070. Its molecular function is described by: hormone activity; neuropeptide hormone activity; adipokinetic hormone receptor binding. It is involved in the biological process described with 10 unique terms, many of which group under: chemical homeostasis; response to stimulus; homeostatic process; carbohydrate homeostasis; neutral lipid catabolic process. 18 alleles are reported. The phenotypes of these alleles manifest in: wing; adult fat body; lipid droplet. The phenotypic classes of alleles include: abnormal behavior; abnormal size; phenotype; viable. Summary of modENCODE Temporal Expression Profile:  Temporal profile ranges from a peak of moderately high expression to a trough of extremely low expression.  Peak expression observed in adult male stages.
N0.HOG0014559	None	None	0.10677847084700383	0.741178844273399	n	0.1922012475246069	0.5495411215625509	n	None	1	1	1	1	1	1	1	1	1	1	1	1	4	1	3	rna-NM_001298474.1	FBgn0030914	This gene is referred to in FlyBase by the symbol Dmel\CG6106 (FBgn0030914). It is a protein_coding_gene from Dmel. It has 2 annotated transcripts and 2 polypeptides (1 unique). Gene sequence location is X:18358881..18362527. Its molecular function is described by: hydrolase activity, acting on carbon-nitrogen (but not peptide) bonds; hydrolase activity; zinc ion binding; allantoinase activity; cobalt ion binding. It is involved in the biological process described with: purine nucleobase catabolic process; allantoin catabolic process. 6 alleles are reported. No phenotypic data is available. The phenotypic class of alleles includes: viable. Summary of modENCODE Temporal Expression Profile:  Temporal profile ranges from a peak of low expression to a trough of no expression detected.  Peak expression observed at stages throughout the larval period.
N0.HOG0017619	None	None	0.1885295837911297	0.5573365380454538	n	0.47132395947782424	0.1219218933169533	n	None	2	1	1	1	1	1	1	1	1	1	1	1	1	2	1	rna-NM_143612.4	FBgn0039850	This gene is referred to in FlyBase by the symbol Dmel\CG11333 (FBgn0039850). It is a protein_coding_gene from Dmel. It has one annotated transcript and one polypeptide. Gene sequence location is 3R:31463301..31464134. Its molecular function is unknown. The biological processes in which it is involved are not known. 5 alleles are reported. No phenotypic data is available. The phenotypic class of alleles includes: viable. Summary of modENCODE Temporal Expression Profile:  Temporal profile ranges from a peak of moderately high expression to a trough of no expression detected.  Peak expression observed in adult male stages.
N0.HOG0019705	None	None	0.1885295837911297	0.5573365380454538	n	0.47132395947782424	0.1219218933169533	n	None	1	1	1	1	1	1	1	1	1	1	1	1	1	2	1	rna-NM_168482.3	FBgn0052095	This gene is referred to in FlyBase by the symbol Dmel\CG32095 (FBgn0052095). It is a protein_coding_gene from Dmel. It has one annotated transcript and one polypeptide. Gene sequence location is 3L:11824207..11825732. Its molecular function is described by: . It is involved in the biological process described with: . 4 alleles are reported. No phenotypic data is available. The phenotypic class of alleles includes: viable. Summary of modENCODE Temporal Expression Profile:  Temporal profile ranges from a peak of moderately high expression to a trough of low expression.  Peak expression observed within 00-12 hour embryonic stages.
N0.HOG0019708	None	None	0.1885295837911297	0.5573365380454538	n	0.47132395947782424	0.1219218933169533	n	None	1	1	1	1	1	1	1	1	1	1	1	1	1	2	1	rna-NM_139378.2	FBgn0035246	This gene is referred to in FlyBase by the symbol Dmel\CG13928 (FBgn0035246). It is a protein_coding_gene from Dmel. It has one annotated transcript and one polypeptide. Gene sequence location is 3L:1625791..1628377. Its molecular function is unknown. It is involved in the biological process described with: negative regulation of translation; positive regulation of nuclear-transcribed mRNA poly(A) tail shortening. 13 alleles are reported. No phenotypic data is available. The phenotypic classes of alleles include: viable; fertile. Summary of modENCODE Temporal Expression Profile:  Temporal profile ranges from a peak of high expression to a trough of very low expression.  Peak expression observed within 06-18 hour embryonic stages, at stages throughout the pupal period.
N0.HOG0000008	None	None	0.25379849088484935	0.42604438789552435	n	0.19034886816363702	0.5534683093202064	n	No_flybase_match	1	1	16	1	1	1	1	1	1	1	1	1	1	1	15	No_flybase_transcript_match	None	None
N0.HOG0000012	None	None	-0.03502632341691732	0.9139432528752413	n	0.1996500434764287	0.5338670484331346	n	No_flybase_match	1	3	1	1	1	1	1	1	5	2	22	1	1	1	21	No_flybase_transcript_match	None	None
N0.HOG0000015	None	None	0.2183152727132396	0.49545035953231165	n	0.5633942521631989	0.05644958783915075	n	No_flybase_match	1	9	1	1	1	1	1	1	1	4	1	1	1	2	8	No_flybase_transcript_match	None	None
N0.HOG0000016	None	None	0.09090909090909093	0.7787253962454419	n	-0.18181818181818185	0.5717012385276553	n	No_flybase_match	1	1	1	1	1	2	2	1	1	2	1	1	3	1	2	No_flybase_transcript_match	None	None
N0.HOG0000017	None	None	-0.41958041958041964	0.1745190081300594	n	-0.034965034965034975	0.9140933424107598	n	No_flybase_match	1	3	1	1	1	1	3	2	9	8	1	2	2	3	8	No_flybase_transcript_match	None	None
N0.HOG0000020	None	None	-0.31468531468531474	0.31913878550330455	n	-0.04195804195804196	0.8969858708195542	n	No_flybase_match	1	4	1	1	2	1	3	4	5	3	3	2	8	5	7	No_flybase_transcript_match	None	None
N0.HOG0000023	None	None	-0.11188811188811189	0.729194990751066	n	0.14685314685314685	0.6487957097846664	n	No_flybase_match	1	13	1	4	8	9	15	14	10	16	7	9	14	15	15	No_flybase_transcript_match	None	None
N0.HOG0000024	None	None	-0.23117373455165427	0.4697325571728438	n	0.049036852783684234	0.8797094411808868	n	No_flybase_match	1	6	1	3	1	1	3	2	7	7	4	4	3	3	6	No_flybase_transcript_match	None	None
N0.HOG0000050	None	None	0.37762237762237766	0.22620604493502663	n	0.3636363636363637	0.2452650007307772	n	No_flybase_match	1	9	3	1	1	14	7	6	2	4	5	2	4	5	13	No_flybase_transcript_match	None	None
N0.HOG0000053	None	None	-0.06993006993006995	0.8290236405313092	n	-0.3846153846153847	0.21702022575997748	n	No_flybase_match	1	2	7	3	3	31	2	20	7	1	1	1	5	4	30	No_flybase_transcript_match	None	None
N0.HOG0000054	None	None	0.21355694169400766	0.5051242606511095	n	0.32033541254101144	0.3100489656589186	n	No_flybase_match	5	2	7	1	1	1	1	1	1	1	1	1	1	13	12	No_flybase_transcript_match	None	None
N0.HOG0000075	None	None	0.2027972027972028	0.5273023541661082	n	0.31468531468531474	0.31913878550330455	n	No_flybase_match	4	12	10	67	22	2	19	19	4	1	6	1	1	10	66	No_flybase_transcript_match	None	None
N0.HOG0000088	None	None	0.5804195804195805	0.04785597684206058	n	0.6083916083916086	0.035805997052029234	n	No_flybase_match	1	10	4	14	6	5	9	4	2	1	5	3	2	8	13	No_flybase_transcript_match	None	None
N0.HOG0000090	None	None	0.1258741258741259	0.6966831093957659	n	0.4055944055944056	0.19083587400450033	n	No_flybase_match	3	37	17	4	1	4	9	19	14	1	8	4	14	33	36	No_flybase_transcript_match	None	None
N0.HOG0000121	None	None	-0.3216783216783217	0.30790987618065263	n	0.16783216783216784	0.602099427786538	n	No_flybase_match	1	53	14	11	19	1	9	9	6	1	2	8	1	2	52	No_flybase_transcript_match	None	None
N0.HOG0000125	None	None	-0.0563394252163199	0.8619373037131002	n	0.07746670967243986	0.81087645719889	n	No_flybase_match	3	12	2	4	2	1	2	12	2	1	1	1	1	1	11	No_flybase_transcript_match	None	None
N0.HOG0000126	None	None	0.15384615384615385	0.6330906812462618	n	0.08391608391608392	0.7954145018538977	n	No_flybase_match	2	13	15	17	12	1	5	3	7	1	5	1	4	1	16	No_flybase_transcript_match	None	None
N0.HOG0000135	None	None	0.4895104895104896	0.106252371759346	n	0.7972027972027973	0.0019003677255282703	n	No_flybase_match	1	38	9	9	13	2	1	2	4	1	22	1	8	9	37	No_flybase_transcript_match	None	None
N0.HOG0000136	None	None	0.07091428421782556	0.8266492425061424	n	0.10823759170089164	0.7377511951161495	n	No_flybase_match	2	3	1	3	1	1	1	1	1	12	1	1	1	1	11	No_flybase_transcript_match	None	None
N0.HOG0000137	None	None	1	1	n	1	1	n	No_flybase_match	1	2	1	1	1	1	1	1	1	1	1	1	1	1	1	No_flybase_transcript_match	None	None
N0.HOG0000138	None	None	0.23140450639500973	0.46927675574955385	n	0.3881623978238873	0.212448537206148	n	No_flybase_match	6	1	1	1	1	1	1	1	1	1	5	1	1	1	5	No_flybase_transcript_match	None	None
N0.HOG0000139	None	None	0.2377622377622378	0.4568008526399232	n	0.3426573426573427	0.27556745095678037	n	No_flybase_match	2	3	6	2	1	1	1	4	1	12	44	1	1	3	43	No_flybase_transcript_match	None	None
N0.HOG0000156	None	None	0.10489510489510491	0.7456094809807079	n	0.3356643356643357	0.2861229029149875	n	No_flybase_match	1	2	1	1	1	2	4	5	5	1	1	5	9	20	19	No_flybase_transcript_match	None	None
N0.HOG0000157	None	None	-0.10489510489510491	0.7456094809807079	n	0.1398601398601399	0.6646331617926677	n	No_flybase_match	3	5	3	1	1	3	10	6	6	10	1	2	1	7	9	No_flybase_transcript_match	None	None
N0.HOG0000160	None	None	1	1	n	1	1	n	No_flybase_match	1	3	7	2	3	1	1	1	4	4	1	1	2	2	6	No_flybase_transcript_match	None	None
N0.HOG0000169	None	None	-0.3537658665108649	0.25926652867631444	n	-0.24168163157672948	0.4491887440384277	n	No_flybase_match	1	8	7	9	11	1	4	9	7	1	1	1	2	1	10	No_flybase_transcript_match	None	None
N0.HOG0000170	None	None	-0.5078816895453011	0.09184579185725565	n	-0.1225921319592106	0.7042726674352059	n	No_flybase_match	1	10	2	6	10	1	1	5	8	1	1	1	2	1	9	No_flybase_transcript_match	None	None
N0.HOG0000220	None	None	-0.16783216783216784	0.602099427786538	n	-0.1328671328671329	0.6805975082860818	n	No_flybase_match	5	1	1	3	5	7	6	10	10	8	13	7	12	8	12	No_flybase_transcript_match	None	None
N0.HOG0000221	None	None	0.5104895104895105	0.08991373630263913	n	0.3426573426573427	0.27556745095678037	n	No_flybase_match	2	20	20	18	8	1	8	7	1	1	8	1	4	1	19	No_flybase_transcript_match	None	None
N0.HOG0000242	None	None	0.7412587412587414	0.005801150474478243	n	0.7482517482517484	0.005124081698753058	n	No_flybase_match	1	8	10	22	2	1	8	3	1	1	16	1	5	13	21	No_flybase_transcript_match	None	None
N0.HOG0000248	None	None	0.07251137838120374	0.8227991261167644	n	0.1087670675718056	0.7365084730479962	n	No_flybase_match	24	13	1	10	1	1	1	3	1	1	1	1	1	1	23	No_flybase_transcript_match	None	None
N0.HOG0000303	None	None	-0.22377622377622378	0.48445166145539886	n	0.21678321678321683	0.49855598552418856	n	No_flybase_match	2	4	1	1	7	1	1	2	2	1	1	1	1	2	6	No_flybase_transcript_match	None	None
N0.HOG0000304	None	None	0.28721585201872196	0.3653744519387	n	0.4343264103697747	0.15829394366797925	n	No_flybase_match	9	11	2	14	6	1	6	1	1	1	1	1	2	2	13	No_flybase_transcript_match	None	None
N0.HOG0000338	None	None	0.5125366600656184	0.08841643063431351	n	0.5588073307659867	0.05893737177382145	n	No_flybase_match	5	3	2	5	1	1	1	1	1	4	2	1	1	2	4	No_flybase_transcript_match	None	None
N0.HOG0000339	None	None	0.0563394252163199	0.8619373037131002	n	0.23240012901731957	0.4673126442064679	n	No_flybase_match	1	1	1	1	1	1	1	1	1	1	10	1	1	1	9	No_flybase_transcript_match	None	None
N0.HOG0000340	None	None	0.2164751834017833	0.49918144736239667	n	0.3471067595925146	0.2689693667618637	n	No_flybase_match	1	5	5	1	1	1	1	1	1	1	21	1	1	1	20	No_flybase_transcript_match	None	None
N0.HOG0000469	None	None	0.3706293706293707	0.2356210035126457	n	0.7202797202797203	0.008239768712338441	n	No_flybase_match	1	13	1	1	1	1	1	1	2	9	5	2	6	15	14	No_flybase_transcript_match	None	None
N0.HOG0000550	None	None	0.021015794050150385	0.9483118884972519	n	0.4518395720782334	0.14031277047271032	n	No_flybase_match	1	11	8	1	18	1	4	1	2	3	2	1	1	1	17	No_flybase_transcript_match	None	None
N0.HOG0000628	None	None	-0.09090909090909093	0.7787253962454419	n	-0.2447552447552448	0.4432619364501832	n	No_flybase_match	1	2	3	3	2	3	8	2	4	4	3	3	4	3	7	No_flybase_transcript_match	None	None
N0.HOG0000686	None	None	-0.11188811188811189	0.729194990751066	n	0.2517482517482518	0.42991878503288405	n	No_flybase_match	1	2	1	2	2	1	4	6	4	2	7	4	1	8	7	No_flybase_transcript_match	None	None
N0.HOG0000720	None	None	1	1	n	1	1	n	No_flybase_match	1	1	3	2	1	1	2	1	1	1	1	1	1	1	2	No_flybase_transcript_match	None	None
N0.HOG0000830	None	None	1	1	n	1	1	n	No_flybase_match	4	6	8	1	1	1	1	1	1	1	2	2	5	3	7	No_flybase_transcript_match	None	None
N0.HOG0000858	None	None	1	1	n	1	1	n	No_flybase_match	1	2	2	1	2	1	3	1	1	1	1	1	3	1	2	No_flybase_transcript_match	None	None
N0.HOG0000866	None	None	-0.07355527917552636	0.8202845257024424	n	-0.4343264103697747	0.15829394366797925	n	No_flybase_match	1	1	1	1	1	2	1	1	1	1	1	1	4	1	3	No_flybase_transcript_match	None	None
N0.HOG0000870	None	None	1	1	n	1	1	n	No_flybase_match	1	1	1	1	1	1	2	1	1	1	3	1	3	4	3	No_flybase_transcript_match	None	None
N0.HOG0000944	None	None	1	1	n	1	1	n	No_flybase_match	5	2	1	1	1	1	1	2	3	7	3	2	3	3	6	No_flybase_transcript_match	None	None
N0.HOG0000963	None	None	1	1	n	1	1	n	No_flybase_match	1	1	1	4	1	1	1	1	1	4	1	1	2	1	3	No_flybase_transcript_match	None	None
N0.HOG0000978	None	None	0.4545454545454546	0.13765791634772945	n	0.6713286713286714	0.016831456186893395	n	No_flybase_match	1	3	1	2	2	1	2	2	2	3	6	1	4	3	5	No_flybase_transcript_match	None	None
N0.HOG0001029	None	None	1	1	n	1	1	n	No_flybase_match	1	1	3	2	2	3	2	2	2	2	1	2	6	3	5	No_flybase_transcript_match	None	None
N0.HOG0001033	None	None	0.3216783216783217	0.30790987618065263	n	-0.006993006993006993	0.9827917689028476	n	No_flybase_match	1	7	10	1	1	2	4	1	1	1	1	1	2	1	9	No_flybase_transcript_match	None	None
N0.HOG0001069	None	None	0.5454545454545455	0.06661188226688902	n	0.5174825174825175	0.08486877113393493	n	No_flybase_match	1	1	2	4	1	1	1	1	7	1	7	1	2	4	6	No_flybase_transcript_match	None	None
N0.HOG0001073	None	None	1	1	n	1	1	n	No_flybase_match	2	5	4	1	1	1	2	2	2	7	1	1	1	1	6	No_flybase_transcript_match	None	None
N0.HOG0001239	None	None	-0.3356643356643357	0.2861229029149875	n	-0.27272727272727276	0.3910967709418962	n	No_flybase_match	1	1	1	2	4	2	2	1	5	2	1	1	4	2	4	No_flybase_transcript_match	None	None
N0.HOG0001247	None	None	0.36304680087981306	0.24608852288355584	n	-0.046270670700368326	0.8864552005114834	n	No_flybase_match	1	2	3	2	2	12	1	1	1	1	1	1	1	1	11	No_flybase_transcript_match	None	None
N0.HOG0001268	None	None	-0.2605698416254795	0.41337102043327534	n	-0.2605698416254795	0.41337102043327534	n	No_flybase_match	2	1	4	1	4	2	1	2	1	14	1	1	1	1	13	No_flybase_transcript_match	None	None
N0.HOG0001275	None	None	0.007005264683383463	0.9827616094034646	n	-0.19614741113473694	0.5412137259515317	n	No_flybase_match	1	1	8	1	1	1	1	2	1	1	1	1	5	5	7	No_flybase_transcript_match	None	None
N0.HOG0001310	None	None	-0.04195804195804196	0.8969858708195542	n	0.3216783216783217	0.30790987618065263	n	No_flybase_match	1	3	2	1	3	2	1	2	1	2	1	2	1	6	5	No_flybase_transcript_match	None	None
N0.HOG0001353	None	None	0.45775782988259917	0.13454859464804922	n	0.7605822404203186	0.00407753363322812	n	No_flybase_match	1	3	2	1	1	1	1	1	2	1	5	1	2	6	5	No_flybase_transcript_match	None	None
N0.HOG0001376	None	None	1	1	n	1	1	n	No_flybase_match	1	2	5	1	1	1	1	1	1	5	3	2	2	1	4	No_flybase_transcript_match	None	None
N0.HOG0001398	None	None	-0.08756580854229329	0.7866940142086327	n	-0.09457107322567676	0.7700195826820102	n	No_flybase_match	1	2	2	1	1	1	2	2	7	1	1	1	4	2	6	No_flybase_transcript_match	None	None
N0.HOG0001434	None	None	1	1	n	1	1	n	No_flybase_match	4	2	2	1	5	1	1	2	1	1	2	1	1	3	4	No_flybase_transcript_match	None	None
N0.HOG0001516	None	None	1	1	n	1	1	n	No_flybase_match	1	1	1	10	1	1	1	1	2	3	1	1	1	1	9	No_flybase_transcript_match	None	None
N0.HOG0001560	None	None	-0.3356643356643357	0.2861229029149875	n	-0.22377622377622378	0.48445166145539886	n	No_flybase_match	1	1	1	1	1	1	6	2	3	1	1	3	4	3	5	No_flybase_transcript_match	None	None
N0.HOG0001686	None	None	1	1	n	1	1	n	No_flybase_match	1	2	1	1	1	1	2	1	1	1	2	2	2	6	5	No_flybase_transcript_match	None	None
N0.HOG0001745	None	None	1	1	n	1	1	n	No_flybase_match	1	1	2	1	1	1	1	2	1	1	2	2	2	6	5	No_flybase_transcript_match	None	None
N0.HOG0001777	None	None	0.3943759765142393	0.20458190665795498	n	0.514097255098919	0.08728638545976065	n	No_flybase_match	1	2	1	1	2	1	1	1	1	1	5	1	4	2	4	No_flybase_transcript_match	None	None
N0.HOG0001819	None	None	1	1	n	1	1	n	No_flybase_match	2	1	1	1	1	2	1	5	1	2	3	1	1	1	4	No_flybase_transcript_match	None	None
N0.HOG0001842	None	None	1	1	n	1	1	n	No_flybase_match	1	1	1	1	3	1	1	1	2	2	5	2	1	2	4	No_flybase_transcript_match	None	None
N0.HOG0001847	None	None	1	1	n	1	1	n	No_flybase_match	1	1	5	1	2	1	3	1	2	1	1	1	2	1	4	No_flybase_transcript_match	None	None
N0.HOG0001889	None	None	1	1	n	1	1	n	No_flybase_match	1	2	1	2	1	3	3	1	1	2	1	1	1	3	2	No_flybase_transcript_match	None	None
N0.HOG0001896	None	None	1	1	n	1	1	n	No_flybase_match	1	2	1	1	3	1	2	1	1	2	1	1	4	2	3	No_flybase_transcript_match	None	None
N0.HOG0001924	None	None	1	1	n	1	1	n	No_flybase_match	1	1	1	1	2	1	1	1	2	2	2	1	5	3	4	No_flybase_transcript_match	None	None
N0.HOG0001942	None	None	-0.2755432378485742	0.38602672186304166	n	-0.1377716189242871	0.6693880133068077	n	No_flybase_match	2	1	3	1	4	1	1	1	4	5	1	1	1	1	4	No_flybase_transcript_match	None	None
N0.HOG0001965	None	None	1	1	n	1	1	n	No_flybase_match	1	1	1	1	1	1	1	1	1	1	1	1	2	1	1	No_flybase_transcript_match	None	None
N0.HOG0001982	None	None	1	1	n	1	1	n	No_flybase_match	1	3	2	1	1	1	2	2	1	1	4	1	1	2	3	No_flybase_transcript_match	None	None
N0.HOG0001983	None	None	1	1	n	1	1	n	No_flybase_match	1	3	5	2	1	1	1	1	1	1	2	1	3	1	4	No_flybase_transcript_match	None	None
N0.HOG0001989	None	None	1	1	n	1	1	n	No_flybase_match	1	1	1	1	1	2	1	1	1	1	2	1	5	4	4	No_flybase_transcript_match	None	None
N0.HOG0001992	None	None	1	1	n	1	1	n	No_flybase_match	1	1	5	1	2	1	1	2	1	1	1	1	1	3	4	No_flybase_transcript_match	None	None
N0.HOG0002108	None	None	1	1	n	1	1	n	No_flybase_match	1	2	1	1	3	1	4	1	1	1	2	1	2	1	3	No_flybase_transcript_match	None	None
N0.HOG0002112	None	None	-0.19264477879304523	0.548602518561392	n	-0.5499132776456018	0.06397666975408141	n	No_flybase_match	1	1	2	2	1	2	3	2	4	1	1	1	2	1	3	No_flybase_transcript_match	None	None
N0.HOG0002136	None	None	-0.02175341351436112	0.9464999715858183	n	0.06526024054308335	0.8403071182802725	n	No_flybase_match	1	1	1	1	1	2	6	1	1	1	1	1	1	1	5	No_flybase_transcript_match	None	None
N0.HOG0002140	None	None	0.11188811188811189	0.729194990751066	n	0.4825174825174825	0.11210929146889191	n	No_flybase_match	1	1	1	1	5	1	1	1	1	1	1	1	1	14	13	No_flybase_transcript_match	None	None
N0.HOG0002146	None	None	-0.14685314685314685	0.6487957097846664	n	-0.16783216783216784	0.602099427786538	n	No_flybase_match	1	4	2	2	1	2	3	1	2	2	1	2	1	1	3	No_flybase_transcript_match	None	None
N0.HOG0002195	None	None	1	1	n	1	1	n	No_flybase_match	1	1	2	1	1	1	1	1	1	1	4	1	4	2	3	No_flybase_transcript_match	None	None
N0.HOG0002197	None	None	-0.21678321678321683	0.49855598552418856	n	-0.06293706293706294	0.8459309212287789	n	No_flybase_match	1	1	1	2	1	1	1	1	7	1	1	1	1	2	6	No_flybase_transcript_match	None	None
N0.HOG0002203	None	None	1	1	n	1	1	n	No_flybase_match	1	1	1	1	1	1	2	1	1	1	7	1	1	1	6	No_flybase_transcript_match	None	None
N0.HOG0002207	None	None	1	1	n	1	1	n	No_flybase_match	1	1	1	1	1	1	1	1	1	1	2	1	2	1	1	No_flybase_transcript_match	None	None
N0.HOG0002220	None	None	1	1	n	1	1	n	No_flybase_match	1	1	1	1	1	1	2	1	1	1	5	3	2	1	4	No_flybase_transcript_match	None	None
N0.HOG0002261	None	None	1	1	n	1	1	n	No_flybase_match	1	1	1	1	2	4	3	2	2	2	1	2	1	1	3	No_flybase_transcript_match	None	None
N0.HOG0002285	None	None	1	1	n	1	1	n	No_flybase_match	1	1	1	1	2	1	1	1	1	1	4	1	1	4	3	No_flybase_transcript_match	None	None
N0.HOG0002429	None	None	1	1	n	1	1	n	No_flybase_match	1	1	1	1	1	1	1	1	1	1	1	1	3	6	5	No_flybase_transcript_match	None	None
N0.HOG0002601	None	None	1	1	n	1	1	n	No_flybase_match	1	1	1	1	1	1	1	3	1	1	1	1	5	1	4	No_flybase_transcript_match	None	None
N0.HOG0002633	None	None	1	1	n	1	1	n	No_flybase_match	1	1	1	1	1	1	1	1	1	1	1	1	1	2	1	No_flybase_transcript_match	None	None
N0.HOG0002667	None	None	1	1	n	1	1	n	No_flybase_match	1	1	1	1	1	1	1	1	1	1	2	1	1	6	5	No_flybase_transcript_match	None	None
N0.HOG0002808	None	None	1	1	n	1	1	n	No_flybase_match	2	1	1	2	1	1	1	4	1	2	1	1	2	1	3	No_flybase_transcript_match	None	None
N0.HOG0002817	None	None	1	1	n	1	1	n	No_flybase_match	1	1	1	1	1	1	1	4	3	1	1	1	1	2	3	No_flybase_transcript_match	None	None
N0.HOG0002872	None	None	0.13380613488875975	0.6784466863299407	n	0.6408609618356389	0.02473585790362511	n	No_flybase_match	2	6	1	1	5	1	2	1	1	1	3	1	1	1	5	No_flybase_transcript_match	None	None
N0.HOG0002877	None	None	1	1	n	1	1	n	No_flybase_match	1	1	1	1	2	1	1	1	1	1	1	1	2	1	1	No_flybase_transcript_match	None	None
N0.HOG0002904	None	None	1	1	n	1	1	n	No_flybase_match	1	1	2	1	1	1	2	1	1	1	1	1	1	1	1	No_flybase_transcript_match	None	None
N0.HOG0003107	None	None	-0.22377622377622378	0.48445166145539886	n	0.15384615384615385	0.6330906812462618	n	No_flybase_match	1	2	1	1	2	1	3	1	2	1	1	1	2	2	2	No_flybase_transcript_match	None	None
N0.HOG0003110	None	None	-0.5299909662595385	0.07633046581569501	n	-0.20154586040855682	0.529908390325752	n	No_flybase_match	1	1	1	1	1	1	1	1	17	1	1	1	1	1	16	No_flybase_transcript_match	None	None
N0.HOG0003358	None	None	0.06304738215045116	0.8456637160508921	n	0.1225921319592106	0.7042726674352059	n	No_flybase_match	1	1	1	1	2	1	2	1	1	3	1	1	3	1	2	No_flybase_transcript_match	None	None
N0.HOG0003390	None	None	1	1	n	1	1	n	No_flybase_match	1	2	1	1	1	1	1	1	1	3	1	2	1	3	2	No_flybase_transcript_match	None	None
N0.HOG0003535	None	None	1	1	n	1	1	n	No_flybase_match	1	1	1	1	1	1	1	1	1	2	1	1	1	1	1	No_flybase_transcript_match	None	None
N0.HOG0004994	None	None	0.2491497653096756	0.43485380702768006	n	0.37728393032608015	0.22665643326935325	n	No_flybase_match	1	1	2	1	1	1	1	1	1	1	1	1	1	11	10	No_flybase_transcript_match	None	None
N0.HOG0005520	None	None	0.06993006993006995	0.8290236405313092	n	-0.14685314685314685	0.6487957097846664	n	No_flybase_match	1	1	2	1	1	1	1	1	1	2	1	1	4	1	3	No_flybase_transcript_match	None	None
N0.HOG0005531	None	None	1	1	n	1	1	n	No_flybase_match	1	1	2	1	1	1	1	1	1	5	1	1	1	1	4	No_flybase_transcript_match	None	None
N0.HOG0005541	None	None	0.14685314685314685	0.6487957097846664	n	0.14685314685314685	0.6487957097846664	n	No_flybase_match	1	2	1	1	1	1	4	1	1	1	1	1	6	1	5	No_flybase_transcript_match	None	None
N0.HOG0007150	None	None	-0.11196992244919826	0.7290035612225261	n	0.19408119891194364	0.5455673370841421	n	No_flybase_match	5	1	1	1	3	2	4	1	1	1	1	1	1	1	4	No_flybase_transcript_match	None	None
N0.HOG0007170	None	None	-0.29004551352481495	0.3604571272621032	n	0.15227389460052784	0.6366098704708506	n	No_flybase_match	2	6	1	1	2	1	1	4	1	1	1	1	1	1	5	No_flybase_transcript_match	None	None
N0.HOG0007178	None	None	1	1	n	1	1	n	No_flybase_match	1	1	6	2	1	1	1	1	1	1	1	1	1	1	5	No_flybase_transcript_match	None	None
N0.HOG0007195	None	None	0.1331000289842858	0.6800638459197366	n	0.33625270480240615	0.28522608724863086	n	No_flybase_match	6	3	1	1	1	1	3	1	1	1	1	1	1	1	5	No_flybase_transcript_match	None	None
N0.HOG0009039	None	None	1	1	n	1	1	n	No_flybase_match	1	2	11	1	1	1	1	1	1	1	1	1	1	1	10	No_flybase_transcript_match	None	None
N0.HOG0010613	None	None	1	1	n	1	1	n	No_flybase_match	1	2	2	1	1	1	1	1	3	1	1	1	1	2	2	No_flybase_transcript_match	None	None
N0.HOG0011197	None	None	-0.39524365248717946	0.20349776594623323	n	-0.10401148749662617	0.7476906488755444	n	No_flybase_match	1	1	1	1	10	1	1	1	1	1	1	1	1	1	9	No_flybase_transcript_match	None	None
N0.HOG0011440	None	None	1	1	n	1	1	n	No_flybase_match	1	1	1	1	1	1	1	1	1	1	3	1	1	1	2	No_flybase_transcript_match	None	None
N0.HOG0011826	None	None	1	1	n	1	1	n	No_flybase_match	1	1	2	1	1	1	1	1	1	2	1	1	1	1	1	No_flybase_transcript_match	None	None
N0.HOG0012010	None	None	1	1	n	1	1	n	No_flybase_match	1	1	1	1	1	1	1	1	1	1	1	1	2	1	1	No_flybase_transcript_match	None	None
N0.HOG0013081	None	None	1	1	n	1	1	n	No_flybase_match	1	1	2	2	1	2	1	1	1	1	1	1	1	1	1	No_flybase_transcript_match	None	None
N0.HOG0013429	None	None	1	1	n	1	1	n	No_flybase_match	1	1	3	1	1	1	1	1	1	1	1	1	1	1	2	No_flybase_transcript_match	None	None
N0.HOG0013503	None	None	-0.34325796948578974	0.27467140968540055	n	-0.26269742562687987	0.4094281948783638	n	No_flybase_match	1	1	1	1	1	1	1	1	1	1	1	1	3	1	2	No_flybase_transcript_match	None	None
N0.HOG0013628	None	None	1	1	n	1	1	n	No_flybase_match	1	1	1	1	1	1	1	1	1	1	1	2	1	1	1	No_flybase_transcript_match	None	None
N0.HOG0013721	None	None	1	1	n	1	1	n	No_flybase_match	1	1	1	1	1	1	1	1	1	2	1	1	1	1	1	No_flybase_transcript_match	None	None
N0.HOG0014199	None	None	1	1	n	1	1	n	No_flybase_match	2	2	1	1	1	1	1	1	1	1	1	1	1	1	1	No_flybase_transcript_match	None	None
N0.HOG0014771	None	None	1	1	n	1	1	n	No_flybase_match	1	1	4	1	1	1	1	1	1	1	1	1	1	1	3	No_flybase_transcript_match	None	None
