Orthogroup_ID	GF_ClustertGene_Group	Cluster_function	repeat_correlation_correlation_coeff	repeat_correlation_p-value	repeat_correlation_sig_after_multiple_testing	GS_correlation_correlation_coeff	GS_correlation_p-value	GS_correlation_sig_after_multiple_testing	Gene_Name	D_melanogaster	I_luminosus	P_pyralis	C_septempunctata	A_verrucosus	T_castaneum	Z_morio	T_molitor	D_ponderosae	R_ferrugineus	A_obtectus	B_siliquastri	C_chinensis	C_maculatus	max_delta_GF	transcript_ID_native	Flybase	Flybase_summary
N0.HOG0000027	Gene Group 1	Cytochrome P450	-0.18181818181818185	0.5717012385276553	n	0.013986013986013986	0.9655902689187795	n	Cytochrome P450 6u1(Cyp6u1)	16	73	28	10	29	35	2	52	8	18	9	14	10	12	71	rna-NM_001299221.1	FBgn0033121	None
N0.HOG0000027	Gene Group 1	Cytochrome P450	-0.18181818181818185	0.5717012385276553	n	0.013986013986013986	0.9655902689187795	n	Cytochrome P450 317a1(Cyp317a1)	16	73	28	10	29	35	2	52	8	18	9	14	10	12	71	rna-NM_001299506.1	FBgn0033982	None
N0.HOG0000027	Gene Group 1	Cytochrome P450	-0.18181818181818185	0.5717012385276553	n	0.013986013986013986	0.9655902689187795	n	Cytochrome P450 6a22(Cyp6a22)	16	73	28	10	29	35	2	52	8	18	9	14	10	12	71	rna-NM_001299502.1	FBgn0013773	None
N0.HOG0000027	Gene Group 1	Cytochrome P450	-0.18181818181818185	0.5717012385276553	n	0.013986013986013986	0.9655902689187795	n	Cytochrome P450 6a23(Cyp6a23)	16	73	28	10	29	35	2	52	8	18	9	14	10	12	71	rna-NM_137156.3	FBgn0033978	None
N0.HOG0000027	Gene Group 1	Cytochrome P450	-0.18181818181818185	0.5717012385276553	n	0.013986013986013986	0.9655902689187795	n	Cytochrome P450 6a17(Cyp6a17)	16	73	28	10	29	35	2	52	8	18	9	14	10	12	71	rna-NM_001299504.1	FBgn0015714	None
N0.HOG0000027	Gene Group 1	Cytochrome P450	-0.18181818181818185	0.5717012385276553	n	0.013986013986013986	0.9655902689187795	n	Cytochrome P450 6a19(Cyp6a19)	16	73	28	10	29	35	2	52	8	18	9	14	10	12	71	rna-NM_137157.4	FBgn0033979	None
N0.HOG0000027	Gene Group 1	Cytochrome P450	-0.18181818181818185	0.5717012385276553	n	0.013986013986013986	0.9655902689187795	n	Cytochrome P450 6a8(Cyp6a8)	16	73	28	10	29	35	2	52	8	18	9	14	10	12	71	rna-NM_079025.5	FBgn0013772	None
N0.HOG0000027	Gene Group 1	Cytochrome P450	-0.18181818181818185	0.5717012385276553	n	0.013986013986013986	0.9655902689187795	n	Cytochrome P450 6a18(Cyp6a18)	16	73	28	10	29	35	2	52	8	18	9	14	10	12	71	rna-NM_001300633.1	FBgn0039519	None
N0.HOG0000027	Gene Group 1	Cytochrome P450	-0.18181818181818185	0.5717012385276553	n	0.013986013986013986	0.9655902689187795	n	Cytochrome P450 6a21(Cyp6a21)	16	73	28	10	29	35	2	52	8	18	9	14	10	12	71	rna-NM_137159.4	FBgn0288232	None
N0.HOG0000027	None	None	-0.18181818181818185	0.5717012385276553	n	0.013986013986013986	0.9655902689187795	n	None	16	73	28	10	29	35	2	52	8	18	9	14	10	12	71	rna-NM_078904.2	FBgn0000473	None
N0.HOG0000027	Gene Group 1	Cytochrome P450	-0.18181818181818185	0.5717012385276553	n	0.013986013986013986	0.9655902689187795	n	Cytochrome P450 6a13(Cyp6a13)	16	73	28	10	29	35	2	52	8	18	9	14	10	12	71	rna-NM_136546.3	FBgn0033304	None
N0.HOG0000030	Gene Group 20	transmembrane transport (olfactory)	-0.027972027972027972	0.9312343512018808	n	-0.16783216783216784	0.602099427786538	n	uncharacterized protein(CG11898)	3	11	22	11	17	26	33	23	12	16	10	10	7	10	30	rna-NM_143422.3	FBgn0039645	None
N0.HOG0000030	Gene Group 20	transmembrane transport (olfactory)	-0.027972027972027972	0.9312343512018808	n	-0.16783216783216784	0.602099427786538	n	uncharacterized protein(CG10505)	3	11	22	11	17	26	33	23	12	16	10	10	7	10	30	rna-NM_137727.3	FBgn0034612	None
N0.HOG0000030	Gene Group 20	transmembrane transport (olfactory)	-0.027972027972027972	0.9312343512018808	n	-0.16783216783216784	0.602099427786538	n	red dog mine(rdog)	3	11	22	11	17	26	33	23	12	16	10	10	7	10	30	rna-NM_143421.3	FBgn0039644	None
N0.HOG0000033	None	None	0.7132867132867133	0.009201779777634755	n	0.7272727272727274	0.007355028857805126	n	None	1	39	64	33	8	1	14	1	1	2	53	14	18	53	63	rna-NM_139889.2	FBgn0035807	None
N0.HOG0000037	Gene Group 30	pheromone sensing	-0.06993006993006995	0.8290236405313092	n	0.2027972027972028	0.5273023541661082	n	Odorant receptor 43a(Or43a)	3	1	1	3	48	22	39	21	1	5	10	6	6	8	47	rna-NM_078923.3	FBgn0026389	None
N0.HOG0000037	Gene Group 30	pheromone sensing	-0.06993006993006995	0.8290236405313092	n	0.2027972027972028	0.5273023541661082	n	Odorant receptor 30a(Or30a)	3	1	1	3	48	22	39	21	1	5	10	6	6	8	47	rna-NM_078796.3	FBgn0032096	None
N0.HOG0000037	Gene Group 30	pheromone sensing	-0.06993006993006995	0.8290236405313092	n	0.2027972027972028	0.5273023541661082	n	Odorant receptor 49b(Or49b)	3	1	1	3	48	22	39	21	1	5	10	6	6	8	47	rna-NM_078997.3	FBgn0028963	None
N0.HOG0000038	Gene Group 30	pheromone sensing	-0.06293706293706294	0.8459309212287789	n	0.14685314685314685	0.6487957097846664	n	Odorant receptor 94a(Or94a)	3	33	11	1	5	7	13	7	5	1	1	4	2	1	32	rna-NM_079731.1	FBgn0039033	None
N0.HOG0000038	Gene Group 30	pheromone sensing	-0.06293706293706294	0.8459309212287789	n	0.14685314685314685	0.6487957097846664	n	Odorant receptor 94b(Or94b)	3	33	11	1	5	7	13	7	5	1	1	4	2	1	32	rna-NM_079732.1	FBgn0039034	None
N0.HOG0000038	Gene Group 30	pheromone sensing	-0.06293706293706294	0.8459309212287789	n	0.14685314685314685	0.6487957097846664	n	Odorant receptor 46a(Or46a)	3	33	11	1	5	7	13	7	5	1	1	4	2	1	32	rna-NM_206071.2	FBgn0026388	None
N0.HOG0000039	Gene Group 24	Cuticular protein	-0.21678321678321683	0.49855598552418856	n	0.0979020979020979	0.762121655996299	n	Cuticular protein 30B(Cpr30B)	3	8	1	5	3	3	4	6	6	5	4	3	2	3	7	rna-NM_135451.3	FBgn0032125	None
N0.HOG0000039	Gene Group 24	Cuticular protein	-0.21678321678321683	0.49855598552418856	n	0.0979020979020979	0.762121655996299	n	Cuticular protein 64Ad(Cpr64Ad)	3	8	1	5	3	3	4	6	6	5	4	3	2	3	7	rna-NM_139618.4	FBgn0035513	None
N0.HOG0000039	Gene Group 24	Cuticular protein	-0.21678321678321683	0.49855598552418856	n	0.0979020979020979	0.762121655996299	n	Ecdysone-dependent gene 84A(Edg84A)	3	8	1	5	3	3	4	6	6	5	4	3	2	3	7	rna-NM_079523.3	FBgn0000552	None
N0.HOG0000044	Gene Group 24	Cuticular protein	0.3426573426573427	0.27556745095678037	n	0.5314685314685316	0.07536233505348364	n	Cuticular protein 76Ba(Cpr76Ba)	2	1	2	1	2	1	1	2	1	1	2	1	1	3	2	rna-NM_140863.2	FBgn0036878	None
N0.HOG0000044	Gene Group 24	Cuticular protein	0.3426573426573427	0.27556745095678037	n	0.5314685314685316	0.07536233505348364	n	Cuticular protein 76Bb(Cpr76Bb)	2	1	2	1	2	1	1	2	1	1	2	1	1	3	2	rna-NM_140864.2	FBgn0036879	None
N0.HOG0000045	Gene Group 34	uncharacterized	0.1188811188811189	0.712884219214772	n	0.4895104895104896	0.106252371759346	n	Pinkman(pkm)	2	37	22	17	28	19	29	11	14	12	14	16	15	18	35	rna-NM_206689.2	FBgn0030317	None
N0.HOG0000045	Gene Group 34	uncharacterized	0.1188811188811189	0.712884219214772	n	0.4895104895104896	0.106252371759346	n	uncharacterized protein(CG13813)	2	37	22	17	28	19	29	11	14	12	14	16	15	18	35	rna-NM_140938.3	FBgn0036956	None
N0.HOG0000049	None	None	0.5524475524475525	0.06251148327961512	n	0.8671328671328673	0.00025981184986148103	y	None	1	45	18	24	22	7	15	11	2	1	62	9	9	18	61	rna-NM_057859.4	FBgn0017414	None
N0.HOG0000056	Gene Group 7	odorant binding	-0.5104895104895105	0.08991373630263913	n	-0.1328671328671329	0.6805975082860818	n	Odorant-binding protein 56e(Obp56e)	3	11	4	4	46	19	33	44	7	24	7	9	6	6	43	rna-NM_137601.4	FBgn0034471	None
N0.HOG0000056	Gene Group 7	odorant binding	-0.5104895104895105	0.08991373630263913	n	-0.1328671328671329	0.6805975082860818	n	Odorant-binding protein 56d(Obp56d)	3	11	4	4	46	19	33	44	7	24	7	9	6	6	43	rna-NM_001299690.1	FBgn0034470	None
N0.HOG0000056	Gene Group 7	odorant binding	-0.5104895104895105	0.08991373630263913	n	-0.1328671328671329	0.6805975082860818	n	Odorant-binding protein 56a(Obp56a)	3	11	4	4	46	19	33	44	7	24	7	9	6	6	43	rna-NM_137598.3	FBgn0034468	None
N0.HOG0000059	Gene Group 1	Cytochrome P450	0.1398601398601399	0.6646331617926677	n	0.20979020979020982	0.5128409431818263	n	Cytochrome P450 9f3(Cyp9f3)	6	57	32	7	10	20	3	26	9	10	7	1	7	6	56	rna-NM_001363930.1	FBgn0038034	None
N0.HOG0000059	Gene Group 1	Cytochrome P450	0.1398601398601399	0.6646331617926677	n	0.20979020979020982	0.5128409431818263	n	Cytochrome P450 9f2(Cyp9f2)	6	57	32	7	10	20	3	26	9	10	7	1	7	6	56	rna-NM_141932.3	FBgn0038037	None
N0.HOG0000059	Gene Group 1	Cytochrome P450	0.1398601398601399	0.6646331617926677	n	0.20979020979020982	0.5128409431818263	n	Cytochrome P450 9f2(Cyp9f2)	6	57	32	7	10	20	3	26	9	10	7	1	7	6	56	rna-NM_141932.3	FBgn0038037	None
N0.HOG0000059	Gene Group 1	Cytochrome P450	0.1398601398601399	0.6646331617926677	n	0.20979020979020982	0.5128409431818263	n	Cytochrome P450 9f3(Cyp9f3)	6	57	32	7	10	20	3	26	9	10	7	1	7	6	56	rna-NM_001363930.1	FBgn0038034	None
N0.HOG0000059	Gene Group 1	Cytochrome P450	0.1398601398601399	0.6646331617926677	n	0.20979020979020982	0.5128409431818263	n	Cytochrome P450 9h1(Cyp9h1)	6	57	32	7	10	20	3	26	9	10	7	1	7	6	56	rna-NM_136976.2	FBgn0033775	None
N0.HOG0000059	Gene Group 1	Cytochrome P450	0.1398601398601399	0.6646331617926677	n	0.20979020979020982	0.5128409431818263	n	Cytochrome P450 9c1(Cyp9c1)	6	57	32	7	10	20	3	26	9	10	7	1	7	6	56	rna-NM_079126.3	FBgn0015040	None
N0.HOG0000059	Gene Group 1	Cytochrome P450	0.1398601398601399	0.6646331617926677	n	0.20979020979020982	0.5128409431818263	n	Cytochrome P450 9b2(Cyp9b2)	6	57	32	7	10	20	3	26	9	10	7	1	7	6	56	rna-NM_078922.4	FBgn0015039	None
N0.HOG0000059	Gene Group 1	Cytochrome P450	0.1398601398601399	0.6646331617926677	n	0.20979020979020982	0.5128409431818263	n	Cytochrome P450 9b1(Cyp9b1)	6	57	32	7	10	20	3	26	9	10	7	1	7	6	56	rna-NM_078921.4	FBgn0015038	None
N0.HOG0000067	Gene Group 24,Gene Group 26	Cuticular protein,glycolysis and early development (and other)	0.2451842639184212	0.4424376657583864	n	0.08056054385890982	0.80345110920634	n	Cuticular protein 30F(Cpr30F)	1	1	1	11	3	3	5	3	3	6	2	2	4	4	10	rna-NM_164879.3	FBgn0051876	None
N0.HOG0000068	None	None	0.6433566433566434	0.024003191200713644	n	0.6923076923076924	0.012593030496094107	n	None	1	43	39	21	1	4	4	2	1	2	16	4	5	48	47	rna-NM_168749.2	FBgn0052187	None
N0.HOG0000069	None	None	0.43356643356643365	0.1591057694121953	n	0.5034965034965035	0.09515736659412469	n	None	1	19	48	8	11	2	18	2	2	1	39	7	6	19	47	rna-NM_143799.3	FBgn0026148	None
N0.HOG0000071	None	None	0.17482517482517487	0.5868236643627043	n	0.31468531468531474	0.31913878550330455	n	None	1	7	3	1	11	2	13	2	1	1	7	2	16	4	15	rna-NM_001299601.1	FBgn0028953	None
N0.HOG0000072	None	None	0.5244755244755246	0.08001937592027475	n	0.7482517482517484	0.005124081698753058	n	None	1	21	1	10	8	1	5	1	1	1	39	1	15	11	38	rna-NM_141770.3	FBgn0037844	None
N0.HOG0000073	None	None	-0.11188811188811189	0.729194990751066	n	0.25874125874125875	0.41677476889913834	n	None	1	21	10	5	14	16	4	15	16	18	15	15	13	18	20	rna-NM_140661.3	FBgn0036659	None
N0.HOG0000078	Gene Group 26	glycolysis and early development (and other)	-0.6783216783216784	0.0153173290532817	n	-0.46153846153846156	0.13094806950717278	n	uncharacterized protein(CG8757)	9	2	5	7	34	17	17	41	9	7	5	7	6	7	39	rna-NM_140407.2	FBgn0036380	None
N0.HOG0000078	Gene Group 26	glycolysis and early development (and other)	-0.6783216783216784	0.0153173290532817	n	-0.46153846153846156	0.13094806950717278	n	uncharacterized protein(CG9150)	9	2	5	7	34	17	17	41	9	7	5	7	6	7	39	rna-NM_135147.3	FBgn0031775	None
N0.HOG0000078	Gene Group 26	glycolysis and early development (and other)	-0.6783216783216784	0.0153173290532817	n	-0.46153846153846156	0.13094806950717278	n	uncharacterized protein(CG3301)	9	2	5	7	34	17	17	41	9	7	5	7	6	7	39	rna-NM_169954.2	FBgn0038878	None
N0.HOG0000078	Gene Group 26	glycolysis and early development (and other)	-0.6783216783216784	0.0153173290532817	n	-0.46153846153846156	0.13094806950717278	n	uncharacterized protein(CG9360)	9	2	5	7	34	17	17	41	9	7	5	7	6	7	39	rna-NM_132518.3	FBgn0030332	None
N0.HOG0000078	Gene Group 26	glycolysis and early development (and other)	-0.6783216783216784	0.0153173290532817	n	-0.46153846153846156	0.13094806950717278	n	uncharacterized protein(CG40486)	9	2	5	7	34	17	17	41	9	7	5	7	6	7	39	rna-NM_001042846.3	FBgn0263830	None
N0.HOG0000078	Gene Group 26	glycolysis and early development (and other)	-0.6783216783216784	0.0153173290532817	n	-0.46153846153846156	0.13094806950717278	n	uncharacterized protein(CG40485)	9	2	5	7	34	17	17	41	9	7	5	7	6	7	39	rna-NM_001042848.2	FBgn0069973	None
N0.HOG0000078	Gene Group 26	glycolysis and early development (and other)	-0.6783216783216784	0.0153173290532817	n	-0.46153846153846156	0.13094806950717278	n	Antennal dehydrogenase(Antdh)	9	2	5	7	34	17	17	41	9	7	5	7	6	7	39	rna-NM_132467.3	FBgn0026268	None
N0.HOG0000078	Gene Group 26	glycolysis and early development (and other)	-0.6783216783216784	0.0153173290532817	n	-0.46153846153846156	0.13094806950717278	n	uncharacterized protein(CG10962)	9	2	5	7	34	17	17	41	9	7	5	7	6	7	39	rna-NM_176714.3	FBgn0030073	None
N0.HOG0000078	None	None	-0.6783216783216784	0.0153173290532817	n	-0.46153846153846156	0.13094806950717278	n	None	9	2	5	7	34	17	17	41	9	7	5	7	6	7	39	rna-NM_001275902.1	FBgn0038946	None
N0.HOG0000082	Gene Group 2	protein breakdown (proteolysis)	-0.6121022427222839	0.0343892739141432	n	-0.47027367428663264	0.12287053954623404	n	uncharacterized protein(CG17242)	18	1	1	1	1	1	1	2	1	1	1	1	1	1	17	rna-NM_001272992.2	FBgn0250841	None
N0.HOG0000082	Gene Group 2	protein breakdown (proteolysis)	-0.6121022427222839	0.0343892739141432	n	-0.47027367428663264	0.12287053954623404	n	uncharacterized protein(CG17239)	18	1	1	1	1	1	1	2	1	1	1	1	1	1	17	rna-NM_001272991.1	FBgn0042186	None
N0.HOG0000082	Gene Group 2	protein breakdown (proteolysis)	-0.6121022427222839	0.0343892739141432	n	-0.47027367428663264	0.12287053954623404	n	Serine protease 12(Ser12)	18	1	1	1	1	1	1	2	1	1	1	1	1	1	17	rna-NM_078732.2	FBgn0011832	None
N0.HOG0000082	Gene Group 2	protein breakdown (proteolysis)	-0.6121022427222839	0.0343892739141432	n	-0.47027367428663264	0.12287053954623404	n	iotaTrypsin(iotaTry)	18	1	1	1	1	1	1	2	1	1	1	1	1	1	17	rna-NM_078971.4	FBgn0015001	None
N0.HOG0000082	Gene Group 2	protein breakdown (proteolysis)	-0.6121022427222839	0.0343892739141432	n	-0.47027367428663264	0.12287053954623404	n	uncharacterized protein(CG30025)	18	1	1	1	1	1	1	2	1	1	1	1	1	1	17	rna-NM_165825.2	FBgn0050025	None
N0.HOG0000082	Gene Group 2	protein breakdown (proteolysis)	-0.6121022427222839	0.0343892739141432	n	-0.47027367428663264	0.12287053954623404	n	deltaTrypsin(deltaTry)	18	1	1	1	1	1	1	2	1	1	1	1	1	1	17	rna-NM_078970.4	FBgn0010358	None
N0.HOG0000082	Gene Group 2	protein breakdown (proteolysis)	-0.6121022427222839	0.0343892739141432	n	-0.47027367428663264	0.12287053954623404	n	uncharacterized protein(CG30031)	18	1	1	1	1	1	1	2	1	1	1	1	1	1	17	rna-NM_165824.3	FBgn0050031	None
N0.HOG0000082	Gene Group 2	protein breakdown (proteolysis)	-0.6121022427222839	0.0343892739141432	n	-0.47027367428663264	0.12287053954623404	n	gammaTrypsin(gammaTry)	18	1	1	1	1	1	1	2	1	1	1	1	1	1	17	rna-NM_165823.3	FBgn0010359	None
N0.HOG0000082	Gene Group 2	protein breakdown (proteolysis)	-0.6121022427222839	0.0343892739141432	n	-0.47027367428663264	0.12287053954623404	n	deltaTrypsin(deltaTry)	18	1	1	1	1	1	1	2	1	1	1	1	1	1	17	rna-NM_078970.4	FBgn0010358	None
N0.HOG0000082	Gene Group 2	protein breakdown (proteolysis)	-0.6121022427222839	0.0343892739141432	n	-0.47027367428663264	0.12287053954623404	n	uncharacterized protein(CG30031)	18	1	1	1	1	1	1	2	1	1	1	1	1	1	17	rna-NM_165824.3	FBgn0050031	None
N0.HOG0000082	Gene Group 2	protein breakdown (proteolysis)	-0.6121022427222839	0.0343892739141432	n	-0.47027367428663264	0.12287053954623404	n	gammaTrypsin(gammaTry)	18	1	1	1	1	1	1	2	1	1	1	1	1	1	17	rna-NM_165823.3	FBgn0010359	None
N0.HOG0000082	Gene Group 2	protein breakdown (proteolysis)	-0.6121022427222839	0.0343892739141432	n	-0.47027367428663264	0.12287053954623404	n	uncharacterized protein(CG30025)	18	1	1	1	1	1	1	2	1	1	1	1	1	1	17	rna-NM_165825.2	FBgn0050025	None
N0.HOG0000082	Gene Group 2	protein breakdown (proteolysis)	-0.6121022427222839	0.0343892739141432	n	-0.47027367428663264	0.12287053954623404	n	deltaTrypsin(deltaTry)	18	1	1	1	1	1	1	2	1	1	1	1	1	1	17	rna-NM_078970.4	FBgn0010358	None
N0.HOG0000082	Gene Group 2	protein breakdown (proteolysis)	-0.6121022427222839	0.0343892739141432	n	-0.47027367428663264	0.12287053954623404	n	uncharacterized protein(CG30031)	18	1	1	1	1	1	1	2	1	1	1	1	1	1	17	rna-NM_165824.3	FBgn0050031	None
N0.HOG0000082	Gene Group 2	protein breakdown (proteolysis)	-0.6121022427222839	0.0343892739141432	n	-0.47027367428663264	0.12287053954623404	n	gammaTrypsin(gammaTry)	18	1	1	1	1	1	1	2	1	1	1	1	1	1	17	rna-NM_165823.3	FBgn0010359	None
N0.HOG0000082	Gene Group 2	protein breakdown (proteolysis)	-0.6121022427222839	0.0343892739141432	n	-0.47027367428663264	0.12287053954623404	n	uncharacterized protein(CG30025)	18	1	1	1	1	1	1	2	1	1	1	1	1	1	17	rna-NM_165825.2	FBgn0050025	None
N0.HOG0000082	Gene Group 2	protein breakdown (proteolysis)	-0.6121022427222839	0.0343892739141432	n	-0.47027367428663264	0.12287053954623404	n	deltaTrypsin(deltaTry)	18	1	1	1	1	1	1	2	1	1	1	1	1	1	17	rna-NM_078970.4	FBgn0010358	None
N0.HOG0000082	Gene Group 2	protein breakdown (proteolysis)	-0.6121022427222839	0.0343892739141432	n	-0.47027367428663264	0.12287053954623404	n	uncharacterized protein(CG30031)	18	1	1	1	1	1	1	2	1	1	1	1	1	1	17	rna-NM_165824.3	FBgn0050031	None
N0.HOG0000082	Gene Group 2	protein breakdown (proteolysis)	-0.6121022427222839	0.0343892739141432	n	-0.47027367428663264	0.12287053954623404	n	gammaTrypsin(gammaTry)	18	1	1	1	1	1	1	2	1	1	1	1	1	1	17	rna-NM_165823.3	FBgn0010359	None
N0.HOG0000082	Gene Group 2	protein breakdown (proteolysis)	-0.6121022427222839	0.0343892739141432	n	-0.47027367428663264	0.12287053954623404	n	uncharacterized protein(CG30025)	18	1	1	1	1	1	1	2	1	1	1	1	1	1	17	rna-NM_165825.2	FBgn0050025	None
N0.HOG0000082	Gene Group 2	protein breakdown (proteolysis)	-0.6121022427222839	0.0343892739141432	n	-0.47027367428663264	0.12287053954623404	n	betaTrypsin(betaTry)	18	1	1	1	1	1	1	2	1	1	1	1	1	1	17	rna-NM_001299385.1	FBgn0010357	None
N0.HOG0000082	Gene Group 2	protein breakdown (proteolysis)	-0.6121022427222839	0.0343892739141432	n	-0.47027367428663264	0.12287053954623404	n	alphaTrypsin(alphaTry)	18	1	1	1	1	1	1	2	1	1	1	1	1	1	17	rna-NM_057423.4	FBgn0003863	None
N0.HOG0000082	Gene Group 2	protein breakdown (proteolysis)	-0.6121022427222839	0.0343892739141432	n	-0.47027367428663264	0.12287053954623404	n	epsilonTrypsin(epsilonTry)	18	1	1	1	1	1	1	2	1	1	1	1	1	1	17	rna-NM_080373.3	FBgn0010425	None
N0.HOG0000082	Gene Group 2	protein breakdown (proteolysis)	-0.6121022427222839	0.0343892739141432	n	-0.47027367428663264	0.12287053954623404	n	Ser8(Ser8)	18	1	1	1	1	1	1	2	1	1	1	1	1	1	17	rna-NM_137030.3	FBgn0019928	None
N0.HOG0000082	Gene Group 2	protein breakdown (proteolysis)	-0.6121022427222839	0.0343892739141432	n	-0.47027367428663264	0.12287053954623404	n	thetaTrypsin(thetaTry)	18	1	1	1	1	1	1	2	1	1	1	1	1	1	17	rna-NM_078969.5	FBgn0011555	None
N0.HOG0000082	Gene Group 2	protein breakdown (proteolysis)	-0.6121022427222839	0.0343892739141432	n	-0.47027367428663264	0.12287053954623404	n	uncharacterized protein(CG17571)	18	1	1	1	1	1	1	2	1	1	1	1	1	1	17	rna-NM_001299167.1	FBgn0259998	None
N0.HOG0000082	Gene Group 2	protein breakdown (proteolysis)	-0.6121022427222839	0.0343892739141432	n	-0.47027367428663264	0.12287053954623404	n	uncharacterized protein(CG11192)	18	1	1	1	1	1	1	2	1	1	1	1	1	1	17	rna-NM_137635.3	FBgn0034507	None
N0.HOG0000082	Gene Group 2	protein breakdown (proteolysis)	-0.6121022427222839	0.0343892739141432	n	-0.47027367428663264	0.12287053954623404	n	uncharacterized protein(CG13430)	18	1	1	1	1	1	1	2	1	1	1	1	1	1	17	rna-NM_001032271.2	FBgn0034518	None
N0.HOG0000082	Gene Group 2	protein breakdown (proteolysis)	-0.6121022427222839	0.0343892739141432	n	-0.47027367428663264	0.12287053954623404	n	uncharacterized protein(CG8299)	18	1	1	1	1	1	1	2	1	1	1	1	1	1	17	rna-NM_137222.2	FBgn0034052	None
N0.HOG0000082	Gene Group 2	protein breakdown (proteolysis)	-0.6121022427222839	0.0343892739141432	n	-0.47027367428663264	0.12287053954623404	n	lambdaTry(lambdaTry)	18	1	1	1	1	1	1	2	1	1	1	1	1	1	17	rna-NM_136829.4	FBgn0043470	None
N0.HOG0000085	Gene Group 3	lipid metabolic process (digestion)	-0.1328671328671329	0.6805975082860818	n	-0.14685314685314685	0.6487957097846664	n	uncharacterized protein(CG3635)	13	6	7	10	7	2	21	5	9	6	2	4	7	7	19	rna-NM_136294.5	FBgn0032981	None
N0.HOG0000085	Gene Group 3	lipid metabolic process (digestion)	-0.1328671328671329	0.6805975082860818	n	-0.14685314685314685	0.6487957097846664	n	Lipase 3(Lip3)	13	6	7	10	7	2	21	5	9	6	2	4	7	7	19	rna-NM_057983.4	FBgn0023495	None
N0.HOG0000085	Gene Group 3	lipid metabolic process (digestion)	-0.1328671328671329	0.6805975082860818	n	-0.14685314685314685	0.6487957097846664	n	uncharacterized protein(CG8093)	13	6	7	10	7	2	21	5	9	6	2	4	7	7	19	rna-NM_001299512.1	FBgn0033999	None
N0.HOG0000085	Gene Group 3	lipid metabolic process (digestion)	-0.1328671328671329	0.6805975082860818	n	-0.14685314685314685	0.6487957097846664	n	uncharacterized protein(CG6753)	13	6	7	10	7	2	21	5	9	6	2	4	7	7	19	rna-NM_141962.4	FBgn0038070	None
N0.HOG0000085	Gene Group 3	lipid metabolic process (digestion)	-0.1328671328671329	0.6805975082860818	n	-0.14685314685314685	0.6487957097846664	n	uncharacterized protein(CG18530)	13	6	7	10	7	2	21	5	9	6	2	4	7	7	19	rna-NM_144457.3	FBgn0042207	None
N0.HOG0000085	Gene Group 3	lipid metabolic process (digestion)	-0.1328671328671329	0.6805975082860818	n	-0.14685314685314685	0.6487957097846664	n	uncharacterized protein(CG11598)	13	6	7	10	7	2	21	5	9	6	2	4	7	7	19	rna-NM_001043245.2	FBgn0038067	None
N0.HOG0000085	Gene Group 3	lipid metabolic process (digestion)	-0.1328671328671329	0.6805975082860818	n	-0.14685314685314685	0.6487957097846664	n	uncharacterized protein(CG11608)	13	6	7	10	7	2	21	5	9	6	2	4	7	7	19	rna-NM_141961.4	FBgn0038069	None
N0.HOG0000085	Gene Group 3	lipid metabolic process (digestion)	-0.1328671328671329	0.6805975082860818	n	-0.14685314685314685	0.6487957097846664	n	uncharacterized protein(CG11600)	13	6	7	10	7	2	21	5	9	6	2	4	7	7	19	rna-NM_141960.3	FBgn0038068	None
N0.HOG0000085	Gene Group 3	lipid metabolic process (digestion)	-0.1328671328671329	0.6805975082860818	n	-0.14685314685314685	0.6487957097846664	n	uncharacterized protein(CG31091)	13	6	7	10	7	2	21	5	9	6	2	4	7	7	19	rna-NM_170248.3	FBgn0051091	None
N0.HOG0000085	Gene Group 3	lipid metabolic process (digestion)	-0.1328671328671329	0.6805975082860818	n	-0.14685314685314685	0.6487957097846664	n	uncharacterized protein(CG31089)	13	6	7	10	7	2	21	5	9	6	2	4	7	7	19	rna-NM_170249.2	FBgn0051089	None
N0.HOG0000085	Gene Group 3	lipid metabolic process (digestion)	-0.1328671328671329	0.6805975082860818	n	-0.14685314685314685	0.6487957097846664	n	magro(mag)	13	6	7	10	7	2	21	5	9	6	2	4	7	7	19	rna-NM_140972.3	FBgn0036996	None
N0.HOG0000085	Gene Group 3	lipid metabolic process (digestion)	-0.1328671328671329	0.6805975082860818	n	-0.14685314685314685	0.6487957097846664	n	uncharacterized protein(CG2772)	13	6	7	10	7	2	21	5	9	6	2	4	7	7	19	rna-NM_134932.3	FBgn0031533	None
N0.HOG0000085	Gene Group 3	lipid metabolic process (digestion)	-0.1328671328671329	0.6805975082860818	n	-0.14685314685314685	0.6487957097846664	n	uncharacterized protein(CG11406)	13	6	7	10	7	2	21	5	9	6	2	4	7	7	19	rna-NM_001014548.2	FBgn0034990	None
N0.HOG0000086	Gene Group 3	lipid metabolic process (digestion)	0.09859399412855982	0.7604837400712293	n	0.37324869205811934	0.23206767137485984	n	Lipase 4(Lip4)	6	10	4	1	8	5	7	4	1	1	4	4	5	3	9	rna-NM_001273427.1	FBgn0032264	None
N0.HOG0000086	Gene Group 3	lipid metabolic process (digestion)	0.09859399412855982	0.7604837400712293	n	0.37324869205811934	0.23206767137485984	n	uncharacterized protein(CG18301)	6	10	4	1	8	5	7	4	1	1	4	4	5	3	9	rna-NM_135575.2	FBgn0032265	None
N0.HOG0000086	Gene Group 3	lipid metabolic process (digestion)	0.09859399412855982	0.7604837400712293	n	0.37324869205811934	0.23206767137485984	n	uncharacterized protein(CG18302)	6	10	4	1	8	5	7	4	1	1	4	4	5	3	9	rna-NM_135576.3	FBgn0032266	None
N0.HOG0000086	Gene Group 3	lipid metabolic process (digestion)	0.09859399412855982	0.7604837400712293	n	0.37324869205811934	0.23206767137485984	n	uncharacterized protein(CG31871)	6	10	4	1	8	5	7	4	1	1	4	4	5	3	9	rna-NM_164939.2	FBgn0051871	None
N0.HOG0000086	Gene Group 3	lipid metabolic process (digestion)	0.09859399412855982	0.7604837400712293	n	0.37324869205811934	0.23206767137485984	n	Lipase 1(Lip1)	6	10	4	1	8	5	7	4	1	1	4	4	5	3	9	rna-NM_078816.4	FBgn0023496	None
N0.HOG0000086	Gene Group 3	lipid metabolic process (digestion)	0.09859399412855982	0.7604837400712293	n	0.37324869205811934	0.23206767137485984	n	uncharacterized protein(CG7329)	6	10	4	1	8	5	7	4	1	1	4	4	5	3	9	rna-NM_001273428.2	FBgn0032271	None
N0.HOG0000087	Gene Group 28	DNA-related functions	0.3706293706293707	0.2356210035126457	n	0.25874125874125875	0.41677476889913834	n	uncharacterized protein(CG14352)	1	3	28	3	1	1	9	8	3	1	23	2	3	5	27	rna-NM_134765.3	FBgn0031351	None
N0.HOG0000089	None	None	0.04195804195804196	0.8969858708195542	n	0.1398601398601399	0.6646331617926677	n	None	6	31	43	5	8	7	17	5	10	10	7	6	5	8	38	rna-NM_001032098.2	FBgn0000055	None
N0.HOG0000089	Gene Group 21,Gene Group 26	vision and energy metabolism,glycolysis and early development (and other)	0.04195804195804196	0.8969858708195542	n	0.1398601398601399	0.6646331617926677	n	Adh-related(Adhr)	6	31	43	5	8	7	17	5	10	10	7	6	5	8	38	rna-NM_058147.4	FBgn0000056	None
N0.HOG0000089	Gene Group 21	vision and energy metabolism	0.04195804195804196	0.8969858708195542	n	0.1398601398601399	0.6646331617926677	n	Fat body protein 2(Fbp2)	6	31	43	5	8	7	17	5	10	10	7	6	5	8	38	rna-NM_001298848.1	FBgn0000640	None
N0.HOG0000089	Gene Group 21	vision and energy metabolism	0.04195804195804196	0.8969858708195542	n	0.1398601398601399	0.6646331617926677	n	uncharacterized protein(CG18814)	6	31	43	5	8	7	17	5	10	10	7	6	5	8	38	rna-NM_144416.2	FBgn0042137	None
N0.HOG0000089	Gene Group 21	vision and energy metabolism	0.04195804195804196	0.8969858708195542	n	0.1398601398601399	0.6646331617926677	n	uncharacterized protein(CG4842)	6	31	43	5	8	7	17	5	10	10	7	6	5	8	38	rna-NM_140628.3	FBgn0036620	None
N0.HOG0000089	Gene Group 21,Gene Group 26	vision and energy metabolism,glycolysis and early development (and other)	0.04195804195804196	0.8969858708195542	n	0.1398601398601399	0.6646331617926677	n	Photoreceptor dehydrogenase(Pdh)	6	31	43	5	8	7	17	5	10	10	7	6	5	8	38	rna-NM_079381.3	FBgn0011693	None
N0.HOG0000092	Gene Group 2	protein breakdown (proteolysis)	0.029858645986452867	0.9266070156694299	n	0.11570225319750486	0.7202854941958451	n	uncharacterized protein(CG11529)	2	4	4	1	7	8	19	9	1	1	1	1	1	1	18	rna-NM_140301.2	FBgn0036264	None
N0.HOG0000092	Gene Group 2	protein breakdown (proteolysis)	0.029858645986452867	0.9266070156694299	n	0.11570225319750486	0.7202854941958451	n	uncharacterized protein(CG8952)	2	4	4	1	7	8	19	9	1	1	1	1	1	1	18	rna-NM_132844.3	FBgn0030688	None
N0.HOG0000093	Gene Group 2	protein breakdown (proteolysis)	-0.4306731657495821	0.16222059753277357	n	-0.36304680087981306	0.24608852288355584	n	uncharacterized protein(CG7542)	2	1	1	1	28	28	9	37	6	1	1	1	1	1	36	rna-NM_001300170.1	FBgn0036738	None
N0.HOG0000093	Gene Group 2	protein breakdown (proteolysis)	-0.4306731657495821	0.16222059753277357	n	-0.36304680087981306	0.24608852288355584	n	uncharacterized protein(CG6462)	2	1	1	1	28	28	9	37	6	1	1	1	1	1	36	rna-NM_139754.2	FBgn0035663	None
N0.HOG0000095	Gene Group 1	Cytochrome P450	-0.06293706293706294	0.8459309212287789	n	0.35664335664335667	0.25513775175895725	n	Cytochrome P450 4d1(Cyp4d1)	15	20	11	2	13	10	29	5	7	5	7	14	8	14	27	rna-NM_057559.4	FBgn0005670	None
N0.HOG0000095	Gene Group 1	Cytochrome P450	-0.06293706293706294	0.8459309212287789	n	0.35664335664335667	0.25513775175895725	n	Cytochrome P450 312a1(Cyp312a1)	15	20	11	2	13	10	29	5	7	5	7	14	8	14	27	rna-NM_001275079.1	FBgn0036778	None
N0.HOG0000095	Gene Group 1	Cytochrome P450	-0.06293706293706294	0.8459309212287789	n	0.35664335664335667	0.25513775175895725	n	Cytochrome P450 4c3(Cyp4c3)	15	20	11	2	13	10	29	5	7	5	7	14	8	14	27	rna-NM_079859.4	FBgn0015032	None
N0.HOG0000095	Gene Group 1	Cytochrome P450	-0.06293706293706294	0.8459309212287789	n	0.35664335664335667	0.25513775175895725	n	Cytochrome P450 4s3(Cyp4s3)	15	20	11	2	13	10	29	5	7	5	7	14	8	14	27	rna-NM_132775.3	FBgn0030615	None
N0.HOG0000095	Gene Group 1	Cytochrome P450	-0.06293706293706294	0.8459309212287789	n	0.35664335664335667	0.25513775175895725	n	Cytochrome P450 316a1(Cyp316a1)	15	20	11	2	13	10	29	5	7	5	7	14	8	14	27	rna-NM_139872.2	FBgn0035790	None
N0.HOG0000095	Gene Group 1	Cytochrome P450	-0.06293706293706294	0.8459309212287789	n	0.35664335664335667	0.25513775175895725	n	Cytochrome P450 4d8(Cyp4d8)	15	20	11	2	13	10	29	5	7	5	7	14	8	14	27	rna-NM_079237.3	FBgn0015033	None
N0.HOG0000095	Gene Group 1	Cytochrome P450	-0.06293706293706294	0.8459309212287789	n	0.35664335664335667	0.25513775175895725	n	Cytochrome P450 4d20(Cyp4d20)	15	20	11	2	13	10	29	5	7	5	7	14	8	14	27	rna-NM_139466.5	FBgn0035344	None
N0.HOG0000095	Gene Group 1	Cytochrome P450	-0.06293706293706294	0.8459309212287789	n	0.35664335664335667	0.25513775175895725	n	Cytochrome P450 4d21(Cyp4d21)	15	20	11	2	13	10	29	5	7	5	7	14	8	14	27	rna-NM_135285.3	FBgn0031925	None
N0.HOG0000095	Gene Group 1	Cytochrome P450	-0.06293706293706294	0.8459309212287789	n	0.35664335664335667	0.25513775175895725	n	Cytochrome P450 4ae1(Cyp4ae1)	15	20	11	2	13	10	29	5	7	5	7	14	8	14	27	rna-NM_080305.4	FBgn0015036	None
N0.HOG0000095	Gene Group 1	Cytochrome P450	-0.06293706293706294	0.8459309212287789	n	0.35664335664335667	0.25513775175895725	n	Cytochrome P450 4d14(Cyp4d14)	15	20	11	2	13	10	29	5	7	5	7	14	8	14	27	rna-NM_001272250.2	FBgn0023541	None
N0.HOG0000095	Gene Group 1	Cytochrome P450	-0.06293706293706294	0.8459309212287789	n	0.35664335664335667	0.25513775175895725	n	Cytochrome P450 4d2(Cyp4d2)	15	20	11	2	13	10	29	5	7	5	7	14	8	14	27	rna-NM_001297877.1	FBgn0011576	None
N0.HOG0000095	Gene Group 1	Cytochrome P450	-0.06293706293706294	0.8459309212287789	n	0.35664335664335667	0.25513775175895725	n	Cytochrome P450 4ad1(Cyp4ad1)	15	20	11	2	13	10	29	5	7	5	7	14	8	14	27	rna-NM_136536.3	FBgn0033292	None
N0.HOG0000095	Gene Group 1	Cytochrome P450	-0.06293706293706294	0.8459309212287789	n	0.35664335664335667	0.25513775175895725	n	Cytochrome P450 4e1(Cyp4e1)	15	20	11	2	13	10	29	5	7	5	7	14	8	14	27	rna-NM_080032.3	FBgn0015034	None
N0.HOG0000095	Gene Group 1	Cytochrome P450	-0.06293706293706294	0.8459309212287789	n	0.35664335664335667	0.25513775175895725	n	Cytochrome P450 4e2(Cyp4e2)	15	20	11	2	13	10	29	5	7	5	7	14	8	14	27	rna-NM_001299267.1	FBgn0014469	None
N0.HOG0000095	Gene Group 1	Cytochrome P450	-0.06293706293706294	0.8459309212287789	n	0.35664335664335667	0.25513775175895725	n	Cytochrome P450 4e3(Cyp4e3)	15	20	11	2	13	10	29	5	7	5	7	14	8	14	27	rna-NM_078803.2	FBgn0015035	None
N0.HOG0000101	Gene Group 23	glutathione metabolic process	-0.07746670967243986	0.81087645719889	n	0.1690182756489597	0.599497869823576	n	Glutathione S transferase E12(GstE12)	3	24	11	6	14	15	24	19	2	1	1	1	1	1	23	rna-NM_138120.3	FBgn0027590	None
N0.HOG0000101	Gene Group 23	glutathione metabolic process	-0.07746670967243986	0.81087645719889	n	0.1690182756489597	0.599497869823576	n	Glutathione S transferase E11(GstE11)	3	24	11	6	14	15	24	19	2	1	1	1	1	1	23	rna-NM_001299646.1	FBgn0034354	None
N0.HOG0000101	Gene Group 23	glutathione metabolic process	-0.07746670967243986	0.81087645719889	n	0.1690182756489597	0.599497869823576	n	Glutathione S transferase E13(GstE13)	3	24	11	6	14	15	24	19	2	1	1	1	1	1	23	rna-NM_001201960.1	FBgn0033381	None
N0.HOG0000108	Gene Group 24	Cuticular protein	0.5734265734265735	0.05126558978649144	n	0.6573426573426573	0.020185498509854096	n	Cuticular protein 78Cc(Cpr78Cc)	4	8	4	8	5	7	7	6	2	15	14	9	8	10	13	rna-NM_141043.3	FBgn0037069	None
N0.HOG0000108	Gene Group 24	Cuticular protein	0.5734265734265735	0.05126558978649144	n	0.6573426573426573	0.020185498509854096	n	Ecdysone-dependent gene 78E(Edg78E)	4	8	4	8	5	7	7	6	2	15	14	9	8	10	13	rna-NM_079474.3	FBgn0000551	None
N0.HOG0000108	Gene Group 24	Cuticular protein	0.5734265734265735	0.05126558978649144	n	0.6573426573426573	0.020185498509854096	n	Pupal cuticle protein(Pcp)	4	8	4	8	5	7	7	6	2	15	14	9	8	10	13	rna-NM_057325.3	FBgn0003046	None
N0.HOG0000108	Gene Group 24	Cuticular protein	0.5734265734265735	0.05126558978649144	n	0.6573426573426573	0.020185498509854096	n	Cuticular protein 67Fb(Cpr67Fb)	4	8	4	8	5	7	7	6	2	15	14	9	8	10	13	rna-NM_140163.2	FBgn0036110	None
N0.HOG0000112	Gene Group 26	glycolysis and early development (and other)	0.6433566433566434	0.024003191200713644	n	0.44755244755244755	0.14458630130334754	n	UDP-glycosyltransferase family 303 member A1(Ugt303A1)	19	6	1	5	4	7	13	3	1	2	3	2	3	3	18	rna-NM_001275541.1	FBgn0040252	None
N0.HOG0000112	Gene Group 26	glycolysis and early development (and other)	0.6433566433566434	0.024003191200713644	n	0.44755244755244755	0.14458630130334754	n	UDP-glycosyltransferase family 303 member B1(Ugt303B1)	19	6	1	5	4	7	13	3	1	2	3	2	3	3	18	rna-NM_142896.2	FBgn0039086	None
N0.HOG0000112	Gene Group 26	glycolysis and early development (and other)	0.6433566433566434	0.024003191200713644	n	0.44755244755244755	0.14458630130334754	n	UDP-glycosyltransferase family 303 member B3(Ugt303B3)	19	6	1	5	4	7	13	3	1	2	3	2	3	3	18	rna-NM_142895.3	FBgn0039085	None
N0.HOG0000112	Gene Group 26	glycolysis and early development (and other)	0.6433566433566434	0.024003191200713644	n	0.44755244755244755	0.14458630130334754	n	UDP-glycosyltransferase family 303 member B2(Ugt303B2)	19	6	1	5	4	7	13	3	1	2	3	2	3	3	18	rna-NM_142897.2	FBgn0039087	None
N0.HOG0000112	Gene Group 26	glycolysis and early development (and other)	0.6433566433566434	0.024003191200713644	n	0.44755244755244755	0.14458630130334754	n	UDP-glycosyltransferase family 304 member A1(Ugt304A1)	19	6	1	5	4	7	13	3	1	2	3	2	3	3	18	rna-NM_144362.2	FBgn0040250	None
N0.HOG0000112	Gene Group 26	glycolysis and early development (and other)	0.6433566433566434	0.024003191200713644	n	0.44755244755244755	0.14458630130334754	n	UDP-glycosyltransferase family 35 member E1(Ugt35E1)	19	6	1	5	4	7	13	3	1	2	3	2	3	3	18	rna-NM_144365.3	FBgn0040253	None
N0.HOG0000112	Gene Group 26	glycolysis and early development (and other)	0.6433566433566434	0.024003191200713644	n	0.44755244755244755	0.14458630130334754	n	UDP-glycosyltransferase family 35 member E2(Ugt35E2)	19	6	1	5	4	7	13	3	1	2	3	2	3	3	18	rna-NM_144366.4	FBgn0040255	None
N0.HOG0000112	Gene Group 26	glycolysis and early development (and other)	0.6433566433566434	0.024003191200713644	n	0.44755244755244755	0.14458630130334754	n	UDP-glycosyltransferase family 35 member D1(Ugt35D1)	19	6	1	5	4	7	13	3	1	2	3	2	3	3	18	rna-NM_143609.3	FBgn0051002	None
N0.HOG0000112	Gene Group 26	glycolysis and early development (and other)	0.6433566433566434	0.024003191200713644	n	0.44755244755244755	0.14458630130334754	n	UDP-glycosyltransferase family 35 member B1(Ugt35B1)	19	6	1	5	4	7	13	3	1	2	3	2	3	3	18	rna-NM_079589.3	FBgn0026314	None
N0.HOG0000112	Gene Group 26	glycolysis and early development (and other)	0.6433566433566434	0.024003191200713644	n	0.44755244755244755	0.14458630130334754	n	UDP-glycosyltransferase family 35 member A1(Ugt35A1)	19	6	1	5	4	7	13	3	1	2	3	2	3	3	18	rna-NM_079590.3	FBgn0026315	None
N0.HOG0000112	Gene Group 26	glycolysis and early development (and other)	0.6433566433566434	0.024003191200713644	n	0.44755244755244755	0.14458630130334754	n	UDP-glycosyltransferase family 302 member K1(Ugt302K1)	19	6	1	5	4	7	13	3	1	2	3	2	3	3	18	rna-NM_001300352.1	FBgn0040251	None
N0.HOG0000112	Gene Group 26	glycolysis and early development (and other)	0.6433566433566434	0.024003191200713644	n	0.44755244755244755	0.14458630130334754	n	UDP-glycosyltransferase family 302 member E1(Ugt302E1)	19	6	1	5	4	7	13	3	1	2	3	2	3	3	18	rna-NM_144368.3	FBgn0040257	None
N0.HOG0000112	Gene Group 26	glycolysis and early development (and other)	0.6433566433566434	0.024003191200713644	n	0.44755244755244755	0.14458630130334754	n	UDP-glycosyltransferase family 302 member C1(Ugt302C1)	19	6	1	5	4	7	13	3	1	2	3	2	3	3	18	rna-NM_144369.3	FBgn0040259	None
N0.HOG0000112	Gene Group 26	glycolysis and early development (and other)	0.6433566433566434	0.024003191200713644	n	0.44755244755244755	0.14458630130334754	n	UDP-glycosyltransferase family 317 member A1(Ugt317A1)	19	6	1	5	4	7	13	3	1	2	3	2	3	3	18	rna-NM_001299805.1	FBgn0040091	None
N0.HOG0000112	Gene Group 26	glycolysis and early development (and other)	0.6433566433566434	0.024003191200713644	n	0.44755244755244755	0.14458630130334754	n	UDP-glycosyltransferase family 49 member C1(Ugt49C1)	19	6	1	5	4	7	13	3	1	2	3	2	3	3	18	rna-NM_137720.4	FBgn0034605	None
N0.HOG0000112	Gene Group 26	glycolysis and early development (and other)	0.6433566433566434	0.024003191200713644	n	0.44755244755244755	0.14458630130334754	n	UDP-glycosyltransferase family 49 member B2(Ugt49B2)	19	6	1	5	4	7	13	3	1	2	3	2	3	3	18	rna-NM_001104389.3	FBgn0038886	None
N0.HOG0000112	Gene Group 26	glycolysis and early development (and other)	0.6433566433566434	0.024003191200713644	n	0.44755244755244755	0.14458630130334754	n	UDP-glycosyltransferase family 49 member B1(Ugt49B1)	19	6	1	5	4	7	13	3	1	2	3	2	3	3	18	rna-NM_137719.4	FBgn0027073	None
N0.HOG0000112	Gene Group 26	glycolysis and early development (and other)	0.6433566433566434	0.024003191200713644	n	0.44755244755244755	0.14458630130334754	n	UDP-glycosyltransferase family 301 member D1(Ugt301D1)	19	6	1	5	4	7	13	3	1	2	3	2	3	3	18	rna-NM_001259150.2	FBgn0032684	None
N0.HOG0000113	Gene Group 26	glycolysis and early development (and other)	0.2797202797202798	0.37856866966230307	n	0.04195804195804196	0.8969858708195542	n	UDP-glycosyltransferase family 316 member A1(Ugt316A1)	1	1	19	10	5	5	2	1	9	6	5	2	4	6	18	rna-NM_001300182.1	FBgn0036842	None
N0.HOG0000119	Gene Group 2	protein breakdown (proteolysis)	0.04895104895104895	0.8799185788786749	n	0.21678321678321683	0.49855598552418856	n	uncharacterized protein(CG11841)	5	10	7	5	10	9	39	12	5	9	4	2	2	3	37	rna-NM_143404.2	FBgn0039628	None
N0.HOG0000119	Gene Group 2	protein breakdown (proteolysis)	0.04895104895104895	0.8799185788786749	n	0.21678321678321683	0.49855598552418856	n	uncharacterized protein(CG11842)	5	10	7	5	10	9	39	12	5	9	4	2	2	3	37	rna-NM_143405.1	FBgn0039629	None
N0.HOG0000119	Gene Group 2	protein breakdown (proteolysis)	0.04895104895104895	0.8799185788786749	n	0.21678321678321683	0.49855598552418856	n	uncharacterized protein(CG11843)	5	10	7	5	10	9	39	12	5	9	4	2	2	3	37	rna-NM_001300649.1	FBgn0039630	None
N0.HOG0000119	Gene Group 2	protein breakdown (proteolysis)	0.04895104895104895	0.8799185788786749	n	0.21678321678321683	0.49855598552418856	n	uncharacterized protein(CG3700)	5	10	7	5	10	9	39	12	5	9	4	2	2	3	37	rna-NM_137892.4	FBgn0034796	None
N0.HOG0000119	Gene Group 2	protein breakdown (proteolysis)	0.04895104895104895	0.8799185788786749	n	0.21678321678321683	0.49855598552418856	n	uncharacterized protein(CG4927)	5	10	7	5	10	9	39	12	5	9	4	2	2	3	37	rna-NM_001038864.2	FBgn0034139	None
N0.HOG0000120	Gene Group 4	Esterase and mating behavior	-0.08391608391608392	0.7954145018538977	n	-0.2027972027972028	0.5273023541661082	n	alpha-Esterase-6(alpha-Est6)	14	3	12	4	13	15	31	20	4	8	3	3	4	3	28	rna-NM_079538.3	FBgn0015574	None
N0.HOG0000120	Gene Group 4	Esterase and mating behavior	-0.08391608391608392	0.7954145018538977	n	-0.2027972027972028	0.5273023541661082	n	alpha-Esterase-1(alpha-Est1)	14	3	12	4	13	15	31	20	4	8	3	3	4	3	28	rna-NM_079545.4	FBgn0015568	None
N0.HOG0000120	Gene Group 4	Esterase and mating behavior	-0.08391608391608392	0.7954145018538977	n	-0.2027972027972028	0.5273023541661082	n	gasoline(gas)	14	3	12	4	13	15	31	20	4	8	3	3	4	3	28	rna-NM_137834.3	FBgn0034736	None
N0.HOG0000120	Gene Group 4	Esterase and mating behavior	-0.08391608391608392	0.7954145018538977	n	-0.2027972027972028	0.5273023541661082	n	alpha-Esterase-2(alpha-Est2)	14	3	12	4	13	15	31	20	4	8	3	3	4	3	28	rna-NM_001275416.2	FBgn0015570	None
N0.HOG0000120	Gene Group 4	Esterase and mating behavior	-0.08391608391608392	0.7954145018538977	n	-0.2027972027972028	0.5273023541661082	n	alpha-Esterase-8(alpha-Est8)	14	3	12	4	13	15	31	20	4	8	3	3	4	3	28	rna-NM_079535.3	FBgn0015576	None
N0.HOG0000120	Gene Group 4	Esterase and mating behavior	-0.08391608391608392	0.7954145018538977	n	-0.2027972027972028	0.5273023541661082	n	alpha-Esterase-9(alpha-Est9)	14	3	12	4	13	15	31	20	4	8	3	3	4	3	28	rna-NM_169187.3	FBgn0015577	None
N0.HOG0000120	Gene Group 4	Esterase and mating behavior	-0.08391608391608392	0.7954145018538977	n	-0.2027972027972028	0.5273023541661082	n	alpha-Esterase-7(alpha-Est7)	14	3	12	4	13	15	31	20	4	8	3	3	4	3	28	rna-NM_079537.4	FBgn0015575	None
N0.HOG0000120	Gene Group 4	Esterase and mating behavior	-0.08391608391608392	0.7954145018538977	n	-0.2027972027972028	0.5273023541661082	n	alpha-Esterase-10(alpha-Est10)	14	3	12	4	13	15	31	20	4	8	3	3	4	3	28	rna-NM_001260033.2	FBgn0015569	None
N0.HOG0000120	Gene Group 4	Esterase and mating behavior	-0.08391608391608392	0.7954145018538977	n	-0.2027972027972028	0.5273023541661082	n	alpha-Esterase-3(alpha-Est3)	14	3	12	4	13	15	31	20	4	8	3	3	4	3	28	rna-NM_079543.3	FBgn0015571	None
N0.HOG0000120	Gene Group 4	Esterase and mating behavior	-0.08391608391608392	0.7954145018538977	n	-0.2027972027972028	0.5273023541661082	n	alpha-Esterase-5(alpha-Est5)	14	3	12	4	13	15	31	20	4	8	3	3	4	3	28	rna-NM_001260036.2	FBgn0261393	None
N0.HOG0000120	Gene Group 4	Esterase and mating behavior	-0.08391608391608392	0.7954145018538977	n	-0.2027972027972028	0.5273023541661082	n	alpha-Esterase-4(alpha-Est4)	14	3	12	4	13	15	31	20	4	8	3	3	4	3	28	rna-NM_079542.4	FBgn0015572	None
N0.HOG0000120	None	None	-0.08391608391608392	0.7954145018538977	n	-0.2027972027972028	0.5273023541661082	n	None	14	3	12	4	13	15	31	20	4	8	3	3	4	3	28	rna-NM_001300558.1	FBgn0039084	None
N0.HOG0000120	Gene Group 4	Esterase and mating behavior	-0.08391608391608392	0.7954145018538977	n	-0.2027972027972028	0.5273023541661082	n	cricklet(clt)	14	3	12	4	13	15	31	20	4	8	3	3	4	3	28	rna-NM_080523.4	FBgn0000326	None
N0.HOG0000127	Gene Group 22	transcription regulation	0.3426573426573427	0.27556745095678037	n	-0.04895104895104895	0.8799185788786749	n	uncharacterized protein(CG5180)	1	2	9	1	1	2	2	1	1	1	2	2	6	1	8	rna-NM_142635.2	FBgn0043457	None
N0.HOG0000140	Gene Group 1	Cytochrome P450	0.2447552447552448	0.4432619364501832	n	0.4825174825174825	0.11210929146889191	n	Cytochrome P450 6w1(Cyp6w1)	6	26	8	8	9	8	14	17	1	6	5	3	2	6	25	rna-NM_001299216.1	FBgn0033065	None
N0.HOG0000140	Gene Group 1	Cytochrome P450	0.2447552447552448	0.4432619364501832	n	0.4825174825174825	0.11210929146889191	n	Cytochrome P450 6g1(Cyp6g1)	6	26	8	8	9	8	14	17	1	6	5	3	2	6	25	rna-NM_001299406.1	FBgn0025454	None
N0.HOG0000140	Gene Group 1	Cytochrome P450	0.2447552447552448	0.4432619364501832	n	0.4825174825174825	0.11210929146889191	n	Cytochrome P450 6v1(Cyp6v1)	6	26	8	8	9	8	14	17	1	6	5	3	2	6	25	rna-NM_001298570.1	FBgn0031126	None
N0.HOG0000140	Gene Group 1	Cytochrome P450	0.2447552447552448	0.4432619364501832	n	0.4825174825174825	0.11210929146889191	n	Cytochrome P450 6t1(Cyp6t1)	6	26	8	8	9	8	14	17	1	6	5	3	2	6	25	rna-NM_134613.3	FBgn0031182	None
N0.HOG0000140	Gene Group 1	Cytochrome P450	0.2447552447552448	0.4432619364501832	n	0.4825174825174825	0.11210929146889191	n	Cytochrome P450 6t3(Cyp6t3)	6	26	8	8	9	8	14	17	1	6	5	3	2	6	25	rna-NM_136901.2	FBgn0033697	None
N0.HOG0000140	Gene Group 1	Cytochrome P450	0.2447552447552448	0.4432619364501832	n	0.4825174825174825	0.11210929146889191	n	Cytochrome P450 6g2(Cyp6g2)	6	26	8	8	9	8	14	17	1	6	5	3	2	6	25	rna-NM_136900.2	FBgn0033696	None
N0.HOG0000141	Gene Group 4	Esterase and mating behavior	0.2937062937062937	0.35414764123292175	n	0.2657342657342658	0.40383308831471165	n	Esterase P(Est-P)	2	7	21	4	8	8	11	9	3	6	12	9	9	10	19	rna-NM_176323.2	FBgn0000594	None
N0.HOG0000141	Gene Group 4	Esterase and mating behavior	0.2937062937062937	0.35414764123292175	n	0.2657342657342658	0.40383308831471165	n	Esterase 6(Est-6)	2	7	21	4	8	8	11	9	3	6	12	9	9	10	19	rna-NM_001274820.1	FBgn0000592	None
N0.HOG0000142	None	None	-0.39860139860139865	0.19933549461780897	n	0.034965034965034975	0.9140933424107598	n	None	1	19	13	4	26	9	10	17	2	6	2	3	2	4	25	rna-NM_143008.3	FBgn0039203	None
N0.HOG0000145	Gene Group 34	uncharacterized	0.10489510489510491	0.7456094809807079	n	0.2657342657342658	0.40383308831471165	n	uncharacterized protein(CG31974)	2	4	1	1	10	5	25	19	6	11	11	5	8	8	24	rna-NM_001272871.1	FBgn0051974	None
N0.HOG0000145	Gene Group 34	uncharacterized	0.10489510489510491	0.7456094809807079	n	0.2657342657342658	0.40383308831471165	n	uncharacterized protein(CG31975)	2	4	1	1	10	5	25	19	6	11	11	5	8	8	24	rna-NM_164369.3	FBgn0051975	None
N0.HOG0000161	None	None	-0.028021058733533853	0.9311140674192737	n	0.14360792600936098	0.6561292074448725	n	None	1	1	1	1	8	8	19	10	1	1	1	1	1	2	18	rna-NM_169500.2	FBgn0038130	None
N0.HOG0000164	Gene Group 22	transcription regulation	0.39860139860139865	0.19933549461780897	n	0.23076923076923078	0.470531995381542	n	uncharacterized protein(CG8765)	1	1	19	9	2	1	1	3	4	1	17	4	5	5	18	rna-NM_140884.3	FBgn0036900	None
N0.HOG0000165	Gene Group 22	transcription regulation	0.28873955423363945	0.36272223973310513	n	0.4859275424907591	0.1092271849290281	n	Dorsal interacting protein 3(Dlip3)	1	1	1	1	1	1	1	1	1	1	1	1	1	4	3	rna-NM_080264.4	FBgn0040465	None
N0.HOG0000166	Gene Group 22	transcription regulation	0.5034965034965035	0.09515736659412469	n	0.37762237762237766	0.22620604493502663	n	uncharacterized protein(CG13204)	1	2	5	2	1	1	1	2	2	1	4	2	2	4	4	rna-NM_136834.2	FBgn0033627	None
N0.HOG0000173	Gene Group 26	glycolysis and early development (and other)	-0.2464849853213996	0.43994311321635393	n	0.1126788504326398	0.7273453279440116	n	kin of rumpel(kumpel)	4	22	16	3	12	7	2	6	2	1	1	1	1	1	21	rna-NM_143189.4	FBgn0250757	None
N0.HOG0000174	Gene Group 26	glycolysis and early development (and other)	-0.2657342657342658	0.40383308831471165	n	-0.2797202797202798	0.37856866966230307	n	uncharacterized protein(CG3106)	11	19	13	4	7	13	10	17	3	1	2	3	5	1	18	rna-NM_001298131.1	FBgn0030148	None
N0.HOG0000174	Gene Group 26	glycolysis and early development (and other)	-0.2657342657342658	0.40383308831471165	n	-0.2797202797202798	0.37856866966230307	n	uncharacterized protein(CG14219)	11	19	13	4	7	13	10	17	3	1	2	3	5	1	18	rna-NM_134478.2	FBgn0031033	None
N0.HOG0000174	Gene Group 26	glycolysis and early development (and other)	-0.2657342657342658	0.40383308831471165	n	-0.2797202797202798	0.37856866966230307	n	uncharacterized protein(CG14205)	11	19	13	4	7	13	10	17	3	1	2	3	5	1	18	rna-NM_134479.2	FBgn0031034	None
N0.HOG0000174	Gene Group 26	glycolysis and early development (and other)	-0.2657342657342658	0.40383308831471165	n	-0.2797202797202798	0.37856866966230307	n	uncharacterized protein(CG5892)	11	19	13	4	7	13	10	17	3	1	2	3	5	1	18	rna-NM_142702.2	FBgn0038873	None
N0.HOG0000174	Gene Group 26	glycolysis and early development (and other)	-0.2657342657342658	0.40383308831471165	n	-0.2797202797202798	0.37856866966230307	n	uncharacterized protein(CG13325)	11	19	13	4	7	13	10	17	3	1	2	3	5	1	18	rna-NM_001299444.1	FBgn0033792	None
N0.HOG0000174	Gene Group 26	glycolysis and early development (and other)	-0.2657342657342658	0.40383308831471165	n	-0.2797202797202798	0.37856866966230307	n	uncharacterized protein(CG33337)	11	19	13	4	7	13	10	17	3	1	2	3	5	1	18	rna-NM_206546.2	FBgn0053337	None
N0.HOG0000174	Gene Group 26	glycolysis and early development (and other)	-0.2657342657342658	0.40383308831471165	n	-0.2797202797202798	0.37856866966230307	n	uncharacterized protein(CG33337)	11	19	13	4	7	13	10	17	3	1	2	3	5	1	18	rna-NM_206546.2	FBgn0053337	None
N0.HOG0000174	Gene Group 26	glycolysis and early development (and other)	-0.2657342657342658	0.40383308831471165	n	-0.2797202797202798	0.37856866966230307	n	uncharacterized protein(CG10182)	11	19	13	4	7	13	10	17	3	1	2	3	5	1	18	rna-NM_142901.2	FBgn0039091	None
N0.HOG0000174	Gene Group 26	glycolysis and early development (and other)	-0.2657342657342658	0.40383308831471165	n	-0.2797202797202798	0.37856866966230307	n	uncharacterized protein(CG10183)	11	19	13	4	7	13	10	17	3	1	2	3	5	1	18	rna-NM_142903.3	FBgn0039093	None
N0.HOG0000174	Gene Group 26	glycolysis and early development (and other)	-0.2657342657342658	0.40383308831471165	n	-0.2797202797202798	0.37856866966230307	n	uncharacterized protein(CG16723)	11	19	13	4	7	13	10	17	3	1	2	3	5	1	18	rna-NM_142902.3	FBgn0039092	None
N0.HOG0000174	Gene Group 26	glycolysis and early development (and other)	-0.2657342657342658	0.40383308831471165	n	-0.2797202797202798	0.37856866966230307	n	uncharacterized protein(CG14204)	11	19	13	4	7	13	10	17	3	1	2	3	5	1	18	rna-NM_001272781.1	FBgn0031032	None
N0.HOG0000174	Gene Group 26	glycolysis and early development (and other)	-0.2657342657342658	0.40383308831471165	n	-0.2797202797202798	0.37856866966230307	n	uncharacterized protein(CG42329)	11	19	13	4	7	13	10	17	3	1	2	3	5	1	18	rna-NM_134746.4	FBgn0259229	None
N0.HOG0000177	Gene Group 30	pheromone sensing	-0.2027972027972028	0.5273023541661082	n	-0.31468531468531474	0.31913878550330455	n	Gustatory receptor 64e(Gr64e)	3	6	10	6	11	12	12	19	4	5	9	6	3	1	18	rna-NM_001031935.2	FBgn0045476	None
N0.HOG0000177	Gene Group 30	pheromone sensing	-0.2027972027972028	0.5273023541661082	n	-0.31468531468531474	0.31913878550330455	n	Gustatory receptor 5a(Gr5a)	3	6	10	6	11	12	12	19	4	5	9	6	3	1	18	rna-NM_078495.3	FBgn0003747	None
N0.HOG0000177	Gene Group 30	pheromone sensing	-0.2027972027972028	0.5273023541661082	n	-0.31468531468531474	0.31913878550330455	n	Gustatory receptor 64f(Gr64f)	3	6	10	6	11	12	12	19	4	5	9	6	3	1	18	rna-NM_168052.3	FBgn0052255	None
N0.HOG0000179	None	None	-0.2867132867132868	0.36625146058358227	n	-0.013986013986013986	0.9655902689187795	n	None	2	4	3	1	7	4	16	15	9	6	6	8	12	13	15	rna-NM_135134.3	FBgn0001089	None
N0.HOG0000179	None	None	-0.2867132867132868	0.36625146058358227	n	-0.013986013986013986	0.9655902689187795	n	None	2	4	3	1	7	4	16	15	9	6	6	8	12	13	15	rna-NM_141885.3	FBgn0260746	None
N0.HOG0000194	Gene Group 30	pheromone sensing	-0.4640728216397039	0.12856990475703262	n	-0.1305204810861667	0.6859821382014442	n	Gustatory receptor 66a(Gr66a)	2	2	1	2	19	7	5	22	1	1	1	1	1	1	21	rna-NM_079247.3	FBgn0035870	None
N0.HOG0000194	Gene Group 30	pheromone sensing	-0.4640728216397039	0.12856990475703262	n	-0.1305204810861667	0.6859821382014442	n	Gustatory receptor 2a(Gr2a)	2	2	1	2	19	7	5	22	1	1	1	1	1	1	21	rna-NM_001169162.2	FBgn0265139	None
N0.HOG0000198	None	None	0.5034965034965035	0.09515736659412469	n	0.7622377622377624	0.003950448972542651	n	None	1	10	3	4	7	6	9	9	8	2	15	7	9	12	14	rna-NM_079011.3	FBgn0013770	None
N0.HOG0000200	Gene Group 22	transcription regulation	0.5384615384615385	0.07089431754922315	n	0.5454545454545455	0.06661188226688902	n	uncharacterized protein(CG5953)	1	2	14	5	3	1	5	1	4	2	27	6	15	15	26	rna-NM_001273574.1	FBgn0032587	None
N0.HOG0000204	Gene Group 1	Cytochrome P450	-0.17482517482517487	0.5868236643627043	n	0.17482517482517487	0.5868236643627043	n	Cytochrome P450 318a1(Cyp318a1)	6	14	6	4	20	4	1	10	2	7	6	6	7	7	19	rna-NM_167318.1	FBgn0030369	None
N0.HOG0000204	Gene Group 1	Cytochrome P450	-0.17482517482517487	0.5868236643627043	n	0.17482517482517487	0.5868236643627043	n	Cytochrome P450 313b1(Cyp313b1)	6	14	6	4	20	4	1	10	2	7	6	6	7	7	19	rna-NM_001300310.1	FBgn0037601	None
N0.HOG0000204	Gene Group 1	Cytochrome P450	-0.17482517482517487	0.5868236643627043	n	0.17482517482517487	0.5868236643627043	n	Cytochrome P450 313a2(Cyp313a2)	6	14	6	4	20	4	1	10	2	7	6	6	7	7	19	rna-NM_141912.3	FBgn0038006	None
N0.HOG0000204	Gene Group 1	Cytochrome P450	-0.17482517482517487	0.5868236643627043	n	0.17482517482517487	0.5868236643627043	n	Cytochrome P450 313a3(Cyp313a3)	6	14	6	4	20	4	1	10	2	7	6	6	7	7	19	rna-NM_141913.3	FBgn0038007	None
N0.HOG0000204	Gene Group 1	Cytochrome P450	-0.17482517482517487	0.5868236643627043	n	0.17482517482517487	0.5868236643627043	n	Cytochrome P450 313a1(Cyp313a1)	6	14	6	4	20	4	1	10	2	7	6	6	7	7	19	rna-NM_142111.2	FBgn0038236	None
N0.HOG0000204	Gene Group 1	Cytochrome P450	-0.17482517482517487	0.5868236643627043	n	0.17482517482517487	0.5868236643627043	n	Cytochrome P450 313a4(Cyp313a4)	6	14	6	4	20	4	1	10	2	7	6	6	7	7	19	rna-NM_141967.4	FBgn0038076	None
N0.HOG0000215	Gene Group 26	glycolysis and early development (and other)	-0.04195804195804196	0.8969858708195542	n	-0.06293706293706294	0.8459309212287789	n	Dpr-interacting protein kappa(DIP-kappa)	1	1	1	2	1	1	1	3	2	4	6	7	6	1	6	rna-NM_165049.2	FBgn0051814	None
N0.HOG0000218	None	None	0.08391608391608392	0.7954145018538977	n	0.2447552447552448	0.4432619364501832	n	None	1	2	1	1	13	12	13	8	6	5	5	3	4	4	12	rna-NM_001299879.1	FBgn0011695	None
N0.HOG0000233	Gene Group 2	protein breakdown (proteolysis)	0.050757964866842614	0.8755159205894297	n	0.31905006487729637	0.3121040651249244	n	Gram-positive Specific Serine protease(grass)	1	28	2	1	1	1	1	1	1	1	1	1	1	1	27	rna-NM_143286.3	FBgn0039494	None
N0.HOG0000234	Gene Group 2	protein breakdown (proteolysis)	0.1708455533552061	0.5954984043740537	n	0.05694851778506871	0.860457510377353	n	Ser7(Ser7)	5	3	8	2	1	2	11	2	2	1	1	1	1	1	10	rna-NM_132354.3	FBgn0019929	None
N0.HOG0000234	Gene Group 2	protein breakdown (proteolysis)	0.1708455533552061	0.5954984043740537	n	0.05694851778506871	0.860457510377353	n	Spatzle-Processing Enzyme(SPE)	5	3	8	2	1	2	11	2	2	1	1	1	1	1	10	rna-NM_142911.4	FBgn0039102	None
N0.HOG0000234	Gene Group 2	protein breakdown (proteolysis)	0.1708455533552061	0.5954984043740537	n	0.05694851778506871	0.860457510377353	n	Melanization Protease 1(MP1)	5	3	8	2	1	2	11	2	2	1	1	1	1	1	10	rna-NM_001316492.1	FBgn0027930	None
N0.HOG0000234	Gene Group 2	protein breakdown (proteolysis)	0.1708455533552061	0.5954984043740537	n	0.05694851778506871	0.860457510377353	n	easter(ea)	5	3	8	2	1	2	11	2	2	1	1	1	1	1	10	rna-NM_079638.3	FBgn0000533	None
N0.HOG0000234	Gene Group 2	protein breakdown (proteolysis)	0.1708455533552061	0.5954984043740537	n	0.05694851778506871	0.860457510377353	n	uncharacterized protein(CG3505)	5	3	8	2	1	2	11	2	2	1	1	1	1	1	10	rna-NM_142123.3	FBgn0038250	None
N0.HOG0000241	None	None	0.2027972027972028	0.5273023541661082	n	0.21678321678321683	0.49855598552418856	n	None	1	9	17	3	2	2	4	2	7	3	3	2	3	4	16	rna-NM_079285.4	FBgn0087040	None
N0.HOG0000244	Gene Group 16	uncharacterized	0.1958041958041958	0.5419358857313175	n	0.27272727272727276	0.3910967709418962	n	uncharacterized protein(CG7460)	4	18	16	4	7	9	7	9	4	3	3	1	2	2	17	rna-NM_140747.2	FBgn0036749	None
N0.HOG0000244	Gene Group 16	uncharacterized	0.1958041958041958	0.5419358857313175	n	0.27272727272727276	0.3910967709418962	n	uncharacterized protein(CG6034)	4	18	16	4	7	9	7	9	4	3	3	1	2	2	17	rna-NM_140748.2	FBgn0036750	None
N0.HOG0000244	Gene Group 16,Gene Group 26	uncharacterized,glycolysis and early development (and other)	0.1958041958041958	0.5419358857313175	n	0.27272727272727276	0.3910967709418962	n	uncharacterized protein(CG5653)	4	18	16	4	7	9	7	9	4	3	3	1	2	2	17	rna-NM_140012.2	FBgn0035943	None
N0.HOG0000244	Gene Group 16	uncharacterized	0.1958041958041958	0.5419358857313175	n	0.27272727272727276	0.3910967709418962	n	uncharacterized protein(CG7737)	4	18	16	4	7	9	7	9	4	3	3	1	2	2	17	rna-NM_001299379.1	FBgn0033584	None
N0.HOG0000260	Gene Group 2	protein breakdown (proteolysis)	0.3426573426573427	0.27556745095678037	n	0.6083916083916086	0.035805997052029234	n	uncharacterized protein(CG4572)	1	8	9	4	2	1	1	2	4	13	11	9	7	14	13	rna-NM_169879.3	FBgn0038738	None
N0.HOG0000268	Gene Group 35	RNA polymerase II transcription regulation	0.14685314685314685	0.6487957097846664	n	0.1328671328671329	0.6805975082860818	n	paired(prd)	1	5	2	4	4	3	2	4	1	5	3	3	5	2	4	rna-NM_164990.3	FBgn0003145	None
N0.HOG0000276	Gene Group 26	glycolysis and early development (and other)	0.7972027972027973	0.0019003677255282703	n	0.6713286713286714	0.016831456186893395	n	waterproof(wat)	1	7	10	7	5	6	6	5	3	5	8	4	5	8	9	rna-NM_143395.1	FBgn0039620	None
N0.HOG0000278	Gene Group 13	molting and development	0.2937062937062937	0.35414764123292175	n	0.4755244755244756	0.11817595701303213	n	uncharacterized protein(CG12539)	3	12	9	5	1	4	7	4	2	1	9	9	6	10	11	rna-NM_132748.3	FBgn0030586	None
N0.HOG0000278	Gene Group 13	molting and development	0.2937062937062937	0.35414764123292175	n	0.4755244755244756	0.11817595701303213	n	uncharacterized protein(CG9522)	3	12	9	5	1	4	7	4	2	1	9	9	6	10	11	rna-NM_139271.3	FBgn0030587	None
N0.HOG0000278	Gene Group 13	molting and development	0.2937062937062937	0.35414764123292175	n	0.4755244755244756	0.11817595701303213	n	uncharacterized protein(CG9519)	3	12	9	5	1	4	7	4	2	1	9	9	6	10	11	rna-NM_132750.3	FBgn0030589	None
N0.HOG0000284	None	None	0.23240012901731957	0.4673126442064679	n	0.5915639647713589	0.04275733150402945	n	None	1	13	13	4	10	4	6	6	2	2	5	3	5	8	12	rna-NM_142964.3	FBgn0039156	None
N0.HOG0000296	Gene Group 31	chromatin organization and transcription regulation	0.6433566433566434	0.024003191200713644	n	0.8671328671328673	0.00025981184986148103	y	uncharacterized protein(CG16863)	1	14	1	6	1	1	17	1	1	2	11	2	1	23	22	rna-NM_001042896.3	FBgn0028931	None
N0.HOG0000302	Gene Group 31	chromatin organization and transcription regulation	0.07692307692307693	0.8121826980280591	n	0.034965034965034975	0.9140933424107598	n	putzig(pzg)	1	1	1	2	2	1	3	1	3	1	1	1	59	3	58	rna-NM_141040.2	FBgn0259785	None
N0.HOG0000305	Gene Group 26	glycolysis and early development (and other)	-0.06293706293706294	0.8459309212287789	n	0.04195804195804196	0.8969858708195542	n	uncharacterized protein(CG15096)	2	2	13	3	5	3	4	2	10	7	6	5	6	8	11	rna-NM_137532.3	FBgn0034394	None
N0.HOG0000305	Gene Group 26	glycolysis and early development (and other)	-0.06293706293706294	0.8459309212287789	n	0.04195804195804196	0.8969858708195542	n	Major Facilitator Superfamily Transporter 12(MFS12)	2	2	13	3	5	3	4	2	10	7	6	5	6	8	11	rna-NM_136488.4	FBgn0033234	None
N0.HOG0000307	Gene Group 15	chitin-related	-0.1922012475246069	0.5495411215625509	n	-0.028474258892534354	0.9300023256880593	n	Chitinase 8(Cht8)	1	7	3	1	2	2	2	2	1	1	3	5	5	3	6	rna-NM_137698.1	FBgn0034580	None
N0.HOG0000315	Gene Group 2	protein breakdown (proteolysis)	0.09090909090909093	0.7787253962454419	n	0.27272727272727276	0.3910967709418962	n	uncharacterized protein(CG10469)	4	8	4	1	3	3	17	8	8	3	5	3	4	3	16	rna-NM_139768.2	FBgn0035678	None
N0.HOG0000315	Gene Group 2	protein breakdown (proteolysis)	0.09090909090909093	0.7787253962454419	n	0.27272727272727276	0.3910967709418962	n	uncharacterized protein(CG10472)	4	8	4	1	3	3	17	8	8	3	5	3	4	3	16	rna-NM_139760.2	FBgn0035670	None
N0.HOG0000315	Gene Group 2	protein breakdown (proteolysis)	0.09090909090909093	0.7787253962454419	n	0.27272727272727276	0.3910967709418962	n	Jonah 74E(Jon74E)	4	8	4	1	3	3	17	8	8	3	5	3	4	3	16	rna-NM_001202197.1	FBgn0023197	None
N0.HOG0000315	Gene Group 2	protein breakdown (proteolysis)	0.09090909090909093	0.7787253962454419	n	0.27272727272727276	0.3910967709418962	n	uncharacterized protein(CG6592)	4	8	4	1	3	3	17	8	8	3	5	3	4	3	16	rna-NM_139759.2	FBgn0035669	None
N0.HOG0000316	Gene Group 2	protein breakdown (proteolysis)	0.06993006993006995	0.8290236405313092	n	0.09090909090909093	0.7787253962454419	n	uncharacterized protein(CG5390)	1	8	9	4	8	7	9	8	2	2	3	3	6	5	8	rna-NM_135530.3	FBgn0032213	None
N0.HOG0000317	None	None	-0.4982995306193512	0.09918470589758405	n	-0.08186349431603626	0.800328390032892	n	None	2	9	2	4	13	7	14	14	4	2	1	1	1	1	13	rna-NM_142619.3	FBgn0038784	None
N0.HOG0000317	None	None	-0.4982995306193512	0.09918470589758405	n	-0.08186349431603626	0.800328390032892	n	None	2	9	2	4	13	7	14	14	4	2	1	1	1	1	13	rna-NM_001300492.2	FBgn0038783	None
N0.HOG0000319	None	None	0.5174825174825175	0.08486877113393493	n	0.8181818181818183	0.0011431050868040604	n	None	2	32	6	1	1	2	6	1	2	2	7	1	5	7	31	rna-NM_137971.3	FBgn0034887	None
N0.HOG0000319	None	None	0.5174825174825175	0.08486877113393493	n	0.8181818181818183	0.0011431050868040604	n	None	2	32	6	1	1	2	6	1	2	2	7	1	5	7	31	rna-NM_001274226.1	FBgn0265052	None
N0.HOG0000342	Gene Group 12	digesting complicated sugars (Lysosomal alpha-mannosidase)	-0.37762237762237766	0.22620604493502663	n	-0.32867132867132864	0.2969041156887641	n	Lysosomal alpha-mannosidase VI(LManVI)	6	2	4	1	8	9	13	11	5	6	1	2	1	1	12	rna-NM_135409.3	FBgn0032069	None
N0.HOG0000342	Gene Group 12	digesting complicated sugars (Lysosomal alpha-mannosidase)	-0.37762237762237766	0.22620604493502663	n	-0.32867132867132864	0.2969041156887641	n	Lysosomal alpha-mannosidase V(LManV)	6	2	4	1	8	9	13	11	5	6	1	2	1	1	12	rna-NM_001298834.1	FBgn0032068	None
N0.HOG0000342	Gene Group 12	digesting complicated sugars (Lysosomal alpha-mannosidase)	-0.37762237762237766	0.22620604493502663	n	-0.32867132867132864	0.2969041156887641	n	Lysosomal alpha-mannosidase III(LManIII)	6	2	4	1	8	9	13	11	5	6	1	2	1	1	12	rna-NM_001298833.1	FBgn0032066	None
N0.HOG0000342	Gene Group 12	digesting complicated sugars (Lysosomal alpha-mannosidase)	-0.37762237762237766	0.22620604493502663	n	-0.32867132867132864	0.2969041156887641	n	Lysosomal alpha-mannosidase IV(LManIV)	6	2	4	1	8	9	13	11	5	6	1	2	1	1	12	rna-NM_135407.3	FBgn0032067	None
N0.HOG0000342	Gene Group 12	digesting complicated sugars (Lysosomal alpha-mannosidase)	-0.37762237762237766	0.22620604493502663	n	-0.32867132867132864	0.2969041156887641	n	Lysosomal alpha-mannosidase I(LManI)	6	2	4	1	8	9	13	11	5	6	1	2	1	1	12	rna-NM_001273421.1	FBgn0032253	None
N0.HOG0000342	Gene Group 12	digesting complicated sugars (Lysosomal alpha-mannosidase)	-0.37762237762237766	0.22620604493502663	n	-0.32867132867132864	0.2969041156887641	n	Lysosomal alpha-mannosidase II(LManII)	6	2	4	1	8	9	13	11	5	6	1	2	1	1	12	rna-NM_135564.4	FBgn0027611	None
N0.HOG0000345	Gene Group 30	pheromone sensing	-0.5293330621827873	0.07676426169926849	n	-0.4640728216397039	0.12856990475703262	n	Gustatory receptor 77a(Gr77a)	1	1	3	1	14	10	10	30	1	1	1	1	1	1	29	rna-NM_168868.2	FBgn0045474	None
N0.HOG0000365	Gene Group 4	Esterase and mating behavior	0.05913123959890826	0.8551579906775546	n	-0.11826247919781652	0.7143228241208927	n	uncharacterized protein(CG6414)	1	27	29	1	1	1	1	1	1	1	1	1	1	1	28	rna-NM_001316636.1	FBgn0029690	None
N0.HOG0000370	None	None	0.2676122697775195	0.40039240027539647	n	0.1690182756489597	0.599497869823576	n	None	1	1	1	1	1	1	4	1	1	1	1	1	2	2	3	rna-NM_001273529.2	FBgn0283442	None
N0.HOG0000370	None	None	0.2676122697775195	0.40039240027539647	n	0.1690182756489597	0.599497869823576	n	None	1	1	1	1	1	1	4	1	1	1	1	1	2	2	3	rna-NM_001032103.2	FBgn0283440	None
N0.HOG0000375	None	None	0.17482517482517487	0.5868236643627043	n	-0.013986013986013986	0.9655902689187795	n	None	2	9	14	2	4	7	6	4	3	3	3	3	3	4	12	rna-NM_143534.3	FBgn0039768	None
N0.HOG0000375	None	None	0.17482517482517487	0.5868236643627043	n	-0.013986013986013986	0.9655902689187795	n	None	2	9	14	2	4	7	6	4	3	3	3	3	3	4	12	rna-NM_143535.3	FBgn0039769	None
N0.HOG0000376	Gene Group 10	uncharacterized	-0.10450526095258503	0.746527481740289	n	-0.04105563823137269	0.899191365046892	n	uncharacterized protein(CG5550)	5	1	1	1	1	1	4	1	1	1	1	1	1	1	4	rna-NM_001259447.2	FBgn0034160	None
N0.HOG0000376	Gene Group 10	uncharacterized	-0.10450526095258503	0.746527481740289	n	-0.04105563823137269	0.899191365046892	n	uncharacterized protein(CG30281)	5	1	1	1	1	1	4	1	1	1	1	1	1	1	4	rna-NM_166512.2	FBgn0050281	None
N0.HOG0000376	Gene Group 10	uncharacterized	-0.10450526095258503	0.746527481740289	n	-0.04105563823137269	0.899191365046892	n	uncharacterized protein(CG30280)	5	1	1	1	1	1	4	1	1	1	1	1	1	1	4	rna-NM_137797.5	FBgn0050280	None
N0.HOG0000376	Gene Group 10	uncharacterized	-0.10450526095258503	0.746527481740289	n	-0.04105563823137269	0.899191365046892	n	uncharacterized protein(CG9500)	5	1	1	1	1	1	4	1	1	1	1	1	1	1	4	rna-NM_135174.3	FBgn0031804	None
N0.HOG0000377	Gene Group 10	uncharacterized	-0.16083916083916086	0.6175234895401425	n	-0.06993006993006995	0.8290236405313092	n	uncharacterized protein(CG1791)	2	1	4	1	1	4	30	2	1	1	2	4	1	5	29	rna-NM_132363.1	FBgn0030163	None
N0.HOG0000377	Gene Group 10	uncharacterized	-0.16083916083916086	0.6175234895401425	n	-0.06993006993006995	0.8290236405313092	n	uncharacterized protein(CG1889)	2	1	4	1	1	4	30	2	1	1	2	4	1	5	29	rna-NM_167208.3	FBgn0030164	None
N0.HOG0000378	Gene Group 4	Esterase and mating behavior	-0.22377622377622378	0.48445166145539886	n	0.013986013986013986	0.9655902689187795	n	uncharacterized protein(CG4757)	2	8	9	2	9	3	5	6	1	1	6	6	5	4	8	rna-NM_001275540.1	FBgn0027584	None
N0.HOG0000378	Gene Group 4	Esterase and mating behavior	-0.22377622377622378	0.48445166145539886	n	0.013986013986013986	0.9655902689187795	n	uncharacterized protein(CG4382)	2	8	9	2	9	3	5	6	1	1	6	6	5	4	8	rna-NM_135457.3	FBgn0032132	None
N0.HOG0000383	Gene Group 19	uncharacterized	-0.16016770627050572	0.619012091466582	n	-0.2954204360100439	0.35121355720380765	n	uncharacterized protein(CG11550)	1	2	12	5	6	6	10	16	2	2	1	1	1	1	15	rna-NM_143625.2	FBgn0039864	None
N0.HOG0000385	Gene Group 26	glycolysis and early development (and other)	0.08701365405744448	0.788011888658888	n	0.31905006487729637	0.3121040651249244	n	uncharacterized protein(CG42565)	1	2	1	1	1	1	3	1	1	1	1	1	1	1	2	rna-NM_001299809.1	FBgn0260767	None
N0.HOG0000394	Gene Group 2	protein breakdown (proteolysis)	0.29004551352481495	0.3604571272621032	n	0.3625568919060187	0.24677408192533515	n	uncharacterized protein(CG4653)	5	13	2	1	1	2	3	2	1	1	1	1	1	1	12	rna-NM_132922.3	FBgn0030776	None
N0.HOG0000394	Gene Group 2	protein breakdown (proteolysis)	0.29004551352481495	0.3604571272621032	n	0.3625568919060187	0.24677408192533515	n	uncharacterized protein(CG32523)	5	13	2	1	1	2	3	2	1	1	1	1	1	1	12	rna-NM_167738.3	FBgn0052523	None
N0.HOG0000394	Gene Group 2	protein breakdown (proteolysis)	0.29004551352481495	0.3604571272621032	n	0.3625568919060187	0.24677408192533515	n	uncharacterized protein(CG9676)	5	13	2	1	1	2	3	2	1	1	1	1	1	1	12	rna-NM_167535.2	FBgn0030773	None
N0.HOG0000394	Gene Group 2	protein breakdown (proteolysis)	0.29004551352481495	0.3604571272621032	n	0.3625568919060187	0.24677408192533515	n	uncharacterized protein(CG1304)	5	13	2	1	1	2	3	2	1	1	1	1	1	1	12	rna-NM_134574.2	FBgn0031141	None
N0.HOG0000394	Gene Group 2	protein breakdown (proteolysis)	0.29004551352481495	0.3604571272621032	n	0.3625568919060187	0.24677408192533515	n	Serine protease 6(Ser6)	5	13	2	1	1	2	3	2	1	1	1	1	1	1	12	rna-NM_078702.2	FBgn0011834	None
N0.HOG0000395	Gene Group 2	protein breakdown (proteolysis)	0.007251137838120374	0.9821566539187246	n	0.2537898243342131	0.42606072918826865	n	uncharacterized protein(CG31265)	9	13	8	2	2	1	1	2	1	1	1	1	1	1	12	rna-NM_142342.4	FBgn0051265	None
N0.HOG0000395	Gene Group 2	protein breakdown (proteolysis)	0.007251137838120374	0.9821566539187246	n	0.2537898243342131	0.42606072918826865	n	uncharacterized protein(CG31269)	9	13	8	2	2	1	1	2	1	1	1	1	1	1	12	rna-NM_001104348.2	FBgn0051269	None
N0.HOG0000395	Gene Group 2	protein breakdown (proteolysis)	0.007251137838120374	0.9821566539187246	n	0.2537898243342131	0.42606072918826865	n	uncharacterized protein(CG17475)	9	13	8	2	2	1	1	2	1	1	1	1	1	1	12	rna-NM_001300443.1	FBgn0038481	None
N0.HOG0000395	Gene Group 2	protein breakdown (proteolysis)	0.007251137838120374	0.9821566539187246	n	0.2537898243342131	0.42606072918826865	n	uncharacterized protein(CG17477)	9	13	8	2	2	1	1	2	1	1	1	1	1	1	12	rna-NM_142341.3	FBgn0038479	None
N0.HOG0000395	Gene Group 2	protein breakdown (proteolysis)	0.007251137838120374	0.9821566539187246	n	0.2537898243342131	0.42606072918826865	n	uncharacterized protein(CG5246)	9	13	8	2	2	1	1	2	1	1	1	1	1	1	12	rna-NM_142346.3	FBgn0038484	None
N0.HOG0000395	Gene Group 2	protein breakdown (proteolysis)	0.007251137838120374	0.9821566539187246	n	0.2537898243342131	0.42606072918826865	n	uncharacterized protein(CG31267)	9	13	8	2	2	1	1	2	1	1	1	1	1	1	12	rna-NM_169751.3	FBgn0051267	None
N0.HOG0000395	Gene Group 2	protein breakdown (proteolysis)	0.007251137838120374	0.9821566539187246	n	0.2537898243342131	0.42606072918826865	n	uncharacterized protein(CG31266)	9	13	8	2	2	1	1	2	1	1	1	1	1	1	12	rna-NM_001144596.3	FBgn0051266	None
N0.HOG0000395	Gene Group 2	protein breakdown (proteolysis)	0.007251137838120374	0.9821566539187246	n	0.2537898243342131	0.42606072918826865	n	uncharacterized protein(CG4053)	9	13	8	2	2	1	1	2	1	1	1	1	1	1	12	rna-NM_142344.3	FBgn0038482	None
N0.HOG0000395	Gene Group 2	protein breakdown (proteolysis)	0.007251137838120374	0.9821566539187246	n	0.2537898243342131	0.42606072918826865	n	uncharacterized protein(CG5255)	9	13	8	2	2	1	1	2	1	1	1	1	1	1	12	rna-NM_142347.3	FBgn0038485	None
N0.HOG0000397	None	None	0.2377622377622378	0.4568008526399232	n	0.17482517482517487	0.5868236643627043	n	None	1	9	11	4	5	5	9	4	4	2	4	2	3	2	10	rna-NM_001201661.2	FBgn0027601	None
N0.HOG0000399	Gene Group 23	glutathione metabolic process	-0.07746670967243986	0.81087645719889	n	0.1126788504326398	0.7273453279440116	n	Glutathione S transferase S1(GstS1)	1	3	1	1	9	7	1	13	4	6	7	4	4	4	12	rna-NM_001274111.1	FBgn0010226	None
N0.HOG0000401	Gene Group 9	 sexual reproduction	0.07042428152039987	0.827831199192635	n	0.2676122697775195	0.40039240027539647	n	uncharacterized protein(CG34189)	3	10	6	4	9	3	21	5	1	3	1	1	1	1	20	rna-NM_001103877.2	FBgn0085218	None
N0.HOG0000401	Gene Group 9	 sexual reproduction	0.07042428152039987	0.827831199192635	n	0.2676122697775195	0.40039240027539647	n	uncharacterized protein(CG5267)	3	10	6	4	9	3	21	5	1	3	1	1	1	1	20	rna-NM_137310.3	FBgn0034154	None
N0.HOG0000401	Gene Group 5,Gene Group 9	protease inhibitor (immunity, reproduction), sexual reproduction	0.07042428152039987	0.827831199192635	n	0.2676122697775195	0.40039240027539647	n	Accessory gland protein 62F(Acp62F)	3	10	6	4	9	3	21	5	1	3	1	1	1	1	20	rna-NM_079168.3	FBgn0020509	None
N0.HOG0000409	Gene Group 22	transcription regulation	0.6549079545282901	0.020815766877094483	n	0.4769438364499504	0.11692752927780688	n	brickwall(brwl)	1	1	3	2	1	1	1	1	1	1	10	1	1	1	9	rna-NM_164859.2	FBgn0032130	None
N0.HOG0000411	None	None	0.0	1.0	n	0.2253577008652796	0.4812874129466269	n	None	2	6	4	1	9	6	15	10	2	1	2	2	2	2	14	rna-NM_167316.2	FBgn0030362	None
N0.HOG0000411	None	None	0.0	1.0	n	0.2253577008652796	0.4812874129466269	n	None	2	6	4	1	9	6	15	10	2	1	2	2	2	2	14	rna-NM_001275651.1	FBgn0038257	None
N0.HOG0000414	None	None	0.16422255292549076	0.6100427471097243	n	0.25379849088484935	0.42604438789552435	n	None	1	1	1	1	1	1	1	1	2	1	43	1	1	1	42	rna-NM_166493.2	FBgn0050401	None
N0.HOG0000415	Gene Group 26,Gene Group 30	glycolysis and early development (and other),pheromone sensing	0.06293706293706294	0.8459309212287789	n	-0.02097902097902098	0.9484022252365223	n	Ionotropic receptor 100a(Ir100a)	2	2	4	2	7	10	10	6	4	7	2	2	2	3	8	rna-NM_143641.1	FBgn0039879	None
N0.HOG0000424	Gene Group 26	glycolysis and early development (and other)	0.4278171324491021	0.16533295676407875	n	0.34080347839165753	0.27834367571270824	n	uncharacterized protein(CG1941)	3	12	6	11	1	6	15	2	1	1	1	1	1	1	14	rna-NM_001299233.1	FBgn0033214	None
N0.HOG0000424	Gene Group 26	glycolysis and early development (and other)	0.4278171324491021	0.16533295676407875	n	0.34080347839165753	0.27834367571270824	n	Diacylglycerol O-acyltransferase 2(Dgat2)	3	12	6	11	1	6	15	2	1	1	1	1	1	1	14	rna-NM_136474.3	FBgn0033215	None
N0.HOG0000424	Gene Group 26	glycolysis and early development (and other)	0.4278171324491021	0.16533295676407875	n	0.34080347839165753	0.27834367571270824	n	uncharacterized protein(CG1946)	3	12	6	11	1	6	15	2	1	1	1	1	1	1	14	rna-NM_136475.4	FBgn0033216	None
N0.HOG0000427	Gene Group 28	DNA-related functions	0.34965034965034975	0.2652387868927897	n	0.6013986013986015	0.03858845292201944	n	uncharacterized protein(CG30428)	1	14	10	5	2	1	7	5	1	1	1	1	4	13	13	rna-NM_166709.4	FBgn0050428	None
N0.HOG0000429	None	None	0.3426573426573427	0.27556745095678037	n	0.4055944055944056	0.19083587400450033	n	None	1	10	12	7	1	1	12	1	1	1	1	1	1	20	19	rna-NM_137224.3	FBgn0034054	None
N0.HOG0000436	Gene Group 7	odorant binding	0.12363804643408091	0.7018512813204854	n	0.46229878231873733	0.13023162566727856	n	Odorant-binding protein 57e(Obp57e)	1	55	5	1	1	1	1	1	1	1	1	1	1	1	54	rna-NM_137644.1	FBgn0050145	None
N0.HOG0000441	None	None	-0.2164751834017833	0.49918144736239667	n	0.022393984489839647	0.9449266368228986	n	None	1	1	1	1	1	1	1	1	2	11	1	1	1	1	10	rna-NM_136363.4	FBgn0040502	None
N0.HOG0000444	None	None	0.21678321678321683	0.49855598552418856	n	0.2937062937062937	0.35414764123292175	n	None	2	4	6	2	2	4	1	2	2	2	6	8	5	15	14	rna-NM_142908.3	FBgn0039098	None
N0.HOG0000444	None	None	0.21678321678321683	0.49855598552418856	n	0.2937062937062937	0.35414764123292175	n	None	2	4	6	2	2	4	1	2	2	2	6	8	5	15	14	rna-NM_142909.4	FBgn0039099	None
N0.HOG0000445	Gene Group 26	glycolysis and early development (and other)	0.16783216783216784	0.602099427786538	n	0.02097902097902098	0.9484022252365223	n	uncharacterized protein(CG9447)	2	7	7	4	1	2	13	1	3	4	4	5	5	3	12	rna-NM_136399.4	FBgn0033110	None
N0.HOG0000445	Gene Group 26	glycolysis and early development (and other)	0.16783216783216784	0.602099427786538	n	0.02097902097902098	0.9484022252365223	n	uncharacterized protein(CG4576)	2	7	7	4	1	2	13	1	3	4	4	5	5	3	12	rna-NM_142238.3	FBgn0038366	None
N0.HOG0000450	Gene Group 20	transmembrane transport (olfactory)	0.1087670675718056	0.7365084730479962	n	-0.007251137838120374	0.9821566539187246	n	oskyddad(osy)	1	5	9	1	1	1	1	1	1	1	4	5	6	6	8	rna-NM_001300613.1	FBgn0053970	None
N0.HOG0000453	None	None	-0.14685314685314685	0.6487957097846664	n	-0.006993006993006993	0.9827917689028476	n	None	1	2	2	1	7	4	10	11	3	2	5	3	5	3	10	rna-NM_167758.2	FBgn0027588	None
N0.HOG0000454	Gene Group 7	odorant binding	0.06293706293706294	0.8459309212287789	n	-0.17482517482517487	0.5868236643627043	n	Odorant-binding protein 56b(Obp56b)	1	1	1	9	9	5	14	9	2	3	2	2	2	1	13	rna-NM_137599.2	FBgn0046880	None
N0.HOG0000462	Gene Group 26	glycolysis and early development (and other)	-0.2867132867132868	0.36625146058358227	n	-0.013986013986013986	0.9655902689187795	n	uncharacterized protein(CG12974)	1	2	4	1	13	5	17	11	2	2	1	1	1	1	16	rna-NM_001300210.1	FBgn0037065	None
N0.HOG0000467	Gene Group 30	pheromone sensing	0.25874125874125875	0.41677476889913834	n	0.16783216783216784	0.602099427786538	n	Gustatory receptor 43a(Gr43a)	1	8	2	7	6	7	15	6	1	1	1	1	1	1	14	rna-NM_001299229.1	FBgn0041243	None
N0.HOG0000468	None	None	0.17482517482517487	0.5868236643627043	n	0.17482517482517487	0.5868236643627043	n	None	3	6	3	8	3	5	7	5	4	2	2	3	2	4	6	rna-NM_137543.4	FBgn0034406	None
N0.HOG0000468	None	None	0.17482517482517487	0.5868236643627043	n	0.17482517482517487	0.5868236643627043	n	None	3	6	3	8	3	5	7	5	4	2	2	3	2	4	6	rna-NM_137541.4	FBgn0010053	None
N0.HOG0000468	None	None	0.17482517482517487	0.5868236643627043	n	0.17482517482517487	0.5868236643627043	n	None	3	6	3	8	3	5	7	5	4	2	2	3	2	4	6	rna-NM_176233.4	FBgn0034405	None
N0.HOG0000471	Gene Group 2	protein breakdown (proteolysis)	-0.0979020979020979	0.762121655996299	n	0.1958041958041958	0.5419358857313175	n	uncharacterized protein(CG5909)	1	10	4	2	9	6	5	6	1	2	3	2	3	2	9	rna-NM_143287.2	FBgn0039495	None
N0.HOG0000472	Gene Group 2	protein breakdown (proteolysis)	-0.3737246479645134	0.23142544762530667	n	-0.29186115364847715	0.3573204374373701	n	modular serine protease(modSP)	2	3	3	2	3	3	12	21	1	2	1	1	1	1	20	rna-NM_080515.3	FBgn0051217	None
N0.HOG0000480	Gene Group 7	odorant binding	-0.007042428152039987	0.9826701704764307	n	-0.1690182756489597	0.599497869823576	n	Odorant-binding protein 19d(Obp19d)	2	8	9	4	5	7	8	7	2	1	1	1	1	1	8	rna-NM_078697.3	FBgn0011280	None
N0.HOG0000480	Gene Group 7	odorant binding	-0.007042428152039987	0.9826701704764307	n	-0.1690182756489597	0.599497869823576	n	Odorant-binding protein 28a(Obp28a)	2	8	9	4	5	7	8	7	2	1	1	1	1	1	8	rna-NM_078781.3	FBgn0011283	None
N0.HOG0000489	None	None	0.2517482517482518	0.42991878503288405	n	0.2937062937062937	0.35414764123292175	n	None	1	1	6	1	2	1	1	1	1	1	1	1	1	4	5	rna-NM_140660.4	FBgn0043578	None
N0.HOG0000490	Gene Group 17	uncharacterized	0.2755432378485742	0.38602672186304166	n	0.007251137838120374	0.9821566539187246	n	uncharacterized protein(CG6726)	6	11	16	2	1	3	7	3	1	1	1	1	1	1	15	rna-NM_001300549.1	FBgn0039049	None
N0.HOG0000490	Gene Group 17	uncharacterized	0.2755432378485742	0.38602672186304166	n	0.007251137838120374	0.9821566539187246	n	uncharacterized protein(CG17110)	6	11	16	2	1	3	7	3	1	1	1	1	1	1	15	rna-NM_001300550.1	FBgn0039050	None
N0.HOG0000490	Gene Group 17	uncharacterized	0.2755432378485742	0.38602672186304166	n	0.007251137838120374	0.9821566539187246	n	uncharacterized protein(CG6738)	6	11	16	2	1	3	7	3	1	1	1	1	1	1	15	rna-NM_142867.3	FBgn0039053	None
N0.HOG0000490	Gene Group 17	uncharacterized	0.2755432378485742	0.38602672186304166	n	0.007251137838120374	0.9821566539187246	n	uncharacterized protein(CG6733)	6	11	16	2	1	3	7	3	1	1	1	1	1	1	15	rna-NM_142866.3	FBgn0039052	None
N0.HOG0000490	Gene Group 17	uncharacterized	0.2755432378485742	0.38602672186304166	n	0.007251137838120374	0.9821566539187246	n	uncharacterized protein(CG17109)	6	11	16	2	1	3	7	3	1	1	1	1	1	1	15	rna-NM_001275930.1	FBgn0039051	None
N0.HOG0000490	Gene Group 17	uncharacterized	0.2755432378485742	0.38602672186304166	n	0.007251137838120374	0.9821566539187246	n	uncharacterized protein(CG6465)	6	11	16	2	1	3	7	3	1	1	1	1	1	1	15	rna-NM_141747.3	FBgn0037818	None
N0.HOG0000492	Gene Group 1	Cytochrome P450	-0.02097902097902098	0.9484022252365223	n	0.027972027972027972	0.9312343512018808	n	Cytochrome P450 309a2(Cyp309a2)	6	4	3	1	1	5	12	5	3	2	4	4	3	3	11	rna-NM_134845.2	FBgn0041337	None
N0.HOG0000492	Gene Group 1	Cytochrome P450	-0.02097902097902098	0.9484022252365223	n	0.027972027972027972	0.9312343512018808	n	Cytochrome P450 309a1(Cyp309a1)	6	4	3	1	1	5	12	5	3	2	4	4	3	3	11	rna-NM_001273014.1	FBgn0031432	None
N0.HOG0000492	Gene Group 1	Cytochrome P450	-0.02097902097902098	0.9484022252365223	n	0.027972027972027972	0.9312343512018808	n	Cytochrome P450 28d2(Cyp28d2)	6	4	3	1	1	5	12	5	3	2	4	4	3	3	11	rna-NM_135067.3	FBgn0031688	None
N0.HOG0000492	Gene Group 1	Cytochrome P450	-0.02097902097902098	0.9484022252365223	n	0.027972027972027972	0.9312343512018808	n	Cytochrome P450 28d1(Cyp28d1)	6	4	3	1	1	5	12	5	3	2	4	4	3	3	11	rna-NM_135068.4	FBgn0031689	None
N0.HOG0000492	Gene Group 1	Cytochrome P450	-0.02097902097902098	0.9484022252365223	n	0.027972027972027972	0.9312343512018808	n	Cytochrome P450 28a5(Cyp28a5)	6	4	3	1	1	5	12	5	3	2	4	4	3	3	11	rna-NM_135850.3	FBgn0028940	None
N0.HOG0000492	Gene Group 1	Cytochrome P450	-0.02097902097902098	0.9484022252365223	n	0.027972027972027972	0.9312343512018808	n	Cytochrome P450 28c1(Cyp28c1)	6	4	3	1	1	5	12	5	3	2	4	4	3	3	11	rna-NM_001272535.1	FBgn0030339	None
N0.HOG0000505	None	None	0.5384615384615385	0.07089431754922315	n	0.39860139860139865	0.19933549461780897	n	None	2	3	7	1	1	1	2	1	1	4	12	5	8	6	11	rna-NM_057705.4	FBgn0013308	None
N0.HOG0000505	None	None	0.5384615384615385	0.07089431754922315	n	0.39860139860139865	0.19933549461780897	n	None	2	3	7	1	1	1	2	1	1	4	12	5	8	6	11	rna-NM_057704.5	FBgn0013307	None
N0.HOG0000506	Gene Group 26	glycolysis and early development (and other)	-0.18881118881118883	0.5567370561768314	n	-0.1328671328671329	0.6805975082860818	n	Tetraspanin 42Ek(Tsp42Ek)	1	2	2	2	6	5	10	6	3	2	4	4	4	3	9	rna-NM_001259232.1	FBgn0033133	None
N0.HOG0000514	None	None	0.3356643356643357	0.2861229029149875	n	0.1958041958041958	0.5419358857313175	n	None	1	1	1	4	3	5	11	6	3	2	6	3	4	3	10	rna-NM_141500.2	FBgn0037537	None
N0.HOG0000522	None	None	-0.2687278138780758	0.39835564937250534	n	0.0037323307483066084	0.9908151378972104	n	None	1	1	1	1	7	6	8	5	1	1	1	1	1	1	7	rna-NM_001316450.1	FBgn0036410	None
N0.HOG0000525	Gene Group 11	growth factor (Adenosine deaminase-related growth factor)	0.3216783216783217	0.30790987618065263	n	0.6153846153846154	0.03316990109010587	n	Adenosine deaminase-related growth factor E(Adgf-E)	4	9	6	3	3	2	4	3	2	2	2	2	2	5	7	rna-NM_137133.2	FBgn0033952	None
N0.HOG0000525	Gene Group 11	growth factor (Adenosine deaminase-related growth factor)	0.3216783216783217	0.30790987618065263	n	0.6153846153846154	0.03316990109010587	n	Adenosine deaminase-related growth factor B(Adgf-B)	4	9	6	3	3	2	4	3	2	2	2	2	2	5	7	rna-NM_140749.2	FBgn0036751	None
N0.HOG0000525	Gene Group 11	growth factor (Adenosine deaminase-related growth factor)	0.3216783216783217	0.30790987618065263	n	0.6153846153846154	0.03316990109010587	n	Adenosine deaminase-related growth factor A(Adgf-A)	4	9	6	3	3	2	4	3	2	2	2	2	2	5	7	rna-NM_206397.2	FBgn0036752	None
N0.HOG0000525	Gene Group 11	growth factor (Adenosine deaminase-related growth factor)	0.3216783216783217	0.30790987618065263	n	0.6153846153846154	0.03316990109010587	n	Adenosine deaminase-related growth factor A2(Adgf-A2)	4	9	6	3	3	2	4	3	2	2	2	2	2	5	7	rna-NM_080281.3	FBgn0043025	None
N0.HOG0000526	Gene Group 20	transmembrane transport (olfactory)	-0.1958041958041958	0.5419358857313175	n	0.034965034965034975	0.9140933424107598	n	ATP binding cassette subfamily A member 3(Abca3)	10	6	4	1	6	4	5	2	1	1	1	7	1	4	9	rna-NM_134601.3	FBgn0031170	None
N0.HOG0000526	Gene Group 20	transmembrane transport (olfactory)	-0.1958041958041958	0.5419358857313175	n	0.034965034965034975	0.9140933424107598	n	uncharacterized protein(CG1801)	10	6	4	1	6	4	5	2	1	1	1	7	1	4	9	rna-NM_167739.3	FBgn0031171	None
N0.HOG0000526	Gene Group 20	transmembrane transport (olfactory)	-0.1958041958041958	0.5419358857313175	n	0.034965034965034975	0.9140933424107598	n	uncharacterized protein(CG1494)	10	6	4	1	6	4	5	2	1	1	1	7	1	4	9	rna-NM_001272834.1	FBgn0031169	None
N0.HOG0000526	Gene Group 20	transmembrane transport (olfactory)	-0.1958041958041958	0.5419358857313175	n	0.034965034965034975	0.9140933424107598	n	uncharacterized protein(CG43672)	10	6	4	1	6	4	5	2	1	1	1	7	1	4	9	rna-NM_176739.3	FBgn0263747	None
N0.HOG0000526	Gene Group 20	transmembrane transport (olfactory)	-0.1958041958041958	0.5419358857313175	n	0.034965034965034975	0.9140933424107598	n	uncharacterized protein(CG8908)	10	6	4	1	6	4	5	2	1	1	1	7	1	4	9	rna-NM_137620.3	FBgn0034493	None
N0.HOG0000526	Gene Group 20	transmembrane transport (olfactory)	-0.1958041958041958	0.5419358857313175	n	0.034965034965034975	0.9140933424107598	n	Engulfment ABC Transporter in the ovary(Eato)	10	6	4	1	6	4	5	2	1	1	1	7	1	4	9	rna-NM_001042895.3	FBgn0028539	None
N0.HOG0000526	Gene Group 20	transmembrane transport (olfactory)	-0.1958041958041958	0.5419358857313175	n	0.034965034965034975	0.9140933424107598	n	lipid droplet defective(ldd)	10	6	4	1	6	4	5	2	1	1	1	7	1	4	9	rna-NM_001298584.1	FBgn0083956	None
N0.HOG0000526	Gene Group 20	transmembrane transport (olfactory)	-0.1958041958041958	0.5419358857313175	n	0.034965034965034975	0.9140933424107598	n	uncharacterized protein(CG42816)	10	6	4	1	6	4	5	2	1	1	1	7	1	4	9	rna-NM_168748.4	FBgn0261998	None
N0.HOG0000526	Gene Group 20	transmembrane transport (olfactory)	-0.1958041958041958	0.5419358857313175	n	0.034965034965034975	0.9140933424107598	n	uncharacterized protein(CG31213)	10	6	4	1	6	4	5	2	1	1	1	7	1	4	9	rna-NM_001275823.1	FBgn0051213	None
N0.HOG0000526	Gene Group 20	transmembrane transport (olfactory)	-0.1958041958041958	0.5419358857313175	n	0.034965034965034975	0.9140933424107598	n	uncharacterized protein(CG31213)	10	6	4	1	6	4	5	2	1	1	1	7	1	4	9	rna-NM_001275823.1	FBgn0051213	None
N0.HOG0000526	Gene Group 20	transmembrane transport (olfactory)	-0.1958041958041958	0.5419358857313175	n	0.034965034965034975	0.9140933424107598	n	uncharacterized protein(CG6052)	10	6	4	1	6	4	5	2	1	1	1	7	1	4	9	rna-NM_140745.3	FBgn0036747	None
N0.HOG0000526	Gene Group 20	transmembrane transport (olfactory)	-0.1958041958041958	0.5419358857313175	n	0.034965034965034975	0.9140933424107598	n	uncharacterized protein(CG6052)	10	6	4	1	6	4	5	2	1	1	1	7	1	4	9	rna-NM_140745.3	FBgn0036747	None
N0.HOG0000526	Gene Group 20	transmembrane transport (olfactory)	-0.1958041958041958	0.5419358857313175	n	0.034965034965034975	0.9140933424107598	n	uncharacterized protein(CG6052)	10	6	4	1	6	4	5	2	1	1	1	7	1	4	9	rna-NM_140745.3	FBgn0036747	None
N0.HOG0000526	Gene Group 20	transmembrane transport (olfactory)	-0.1958041958041958	0.5419358857313175	n	0.034965034965034975	0.9140933424107598	n	uncharacterized protein(CG6052)	10	6	4	1	6	4	5	2	1	1	1	7	1	4	9	rna-NM_140745.3	FBgn0036747	None
N0.HOG0000529	Gene Group 2	protein breakdown (proteolysis)	-0.14593057682423857	0.6508776410237396	n	0.18864196516304008	0.5570972684616313	n	uncharacterized protein(CG2915)	8	11	2	4	6	2	2	2	3	4	1	2	2	2	10	rna-NM_136494.4	FBgn0033241	None
N0.HOG0000529	Gene Group 2	protein breakdown (proteolysis)	-0.14593057682423857	0.6508776410237396	n	0.18864196516304008	0.5570972684616313	n	uncharacterized protein(CG4408)	8	11	2	4	6	2	2	2	3	4	1	2	2	2	10	rna-NM_142884.2	FBgn0039073	None
N0.HOG0000529	Gene Group 2	protein breakdown (proteolysis)	-0.14593057682423857	0.6508776410237396	n	0.18864196516304008	0.5570972684616313	n	uncharacterized protein(CG17633)	8	11	2	4	6	2	2	2	3	4	1	2	2	2	10	rna-NM_135466.4	FBgn0032144	None
N0.HOG0000529	Gene Group 2	protein breakdown (proteolysis)	-0.14593057682423857	0.6508776410237396	n	0.18864196516304008	0.5570972684616313	n	uncharacterized protein(CG4017)	8	11	2	4	6	2	2	2	3	4	1	2	2	2	10	rna-NM_135465.4	FBgn0032143	None
N0.HOG0000529	Gene Group 2	protein breakdown (proteolysis)	-0.14593057682423857	0.6508776410237396	n	0.18864196516304008	0.5570972684616313	n	uncharacterized protein(CG14820)	8	11	2	4	6	2	2	2	3	4	1	2	2	2	10	rna-NM_139803.3	FBgn0035718	None
N0.HOG0000529	Gene Group 2	protein breakdown (proteolysis)	-0.14593057682423857	0.6508776410237396	n	0.18864196516304008	0.5570972684616313	n	uncharacterized protein(CG12374)	8	11	2	4	6	2	2	2	3	4	1	2	2	2	10	rna-NM_136975.3	FBgn0033774	None
N0.HOG0000529	Gene Group 2	protein breakdown (proteolysis)	-0.14593057682423857	0.6508776410237396	n	0.18864196516304008	0.5570972684616313	n	uncharacterized protein(CG7025)	8	11	2	4	6	2	2	2	3	4	1	2	2	2	10	rna-NM_135289.3	FBgn0031930	None
N0.HOG0000529	Gene Group 2	protein breakdown (proteolysis)	-0.14593057682423857	0.6508776410237396	n	0.18864196516304008	0.5570972684616313	n	uncharacterized protein(CG18585)	8	11	2	4	6	2	2	2	3	4	1	2	2	2	10	rna-NM_001273284.1	FBgn0031929	None
N0.HOG0000531	None	None	0.49650349650349657	0.10060263183225483	n	0.6013986013986015	0.03858845292201944	n	None	2	1	1	6	3	1	4	5	1	7	6	4	5	8	7	rna-NM_057460.4	FBgn0004240	None
N0.HOG0000531	None	None	0.49650349650349657	0.10060263183225483	n	0.6013986013986015	0.03858845292201944	n	None	2	1	1	6	3	1	4	5	1	7	6	4	5	8	7	rna-NM_079063.4	FBgn0034407	None
N0.HOG0000541	Gene Group 5,Gene Group 8,Gene Group 26	protease inhibitor (immunity, reproduction), immunity and sexual reproduction,glycolysis and early development (and other)	0.01751316170845866	0.9569188239005484	n	0.49737379252022584	0.09991387241786222	n	Serpin 43Ab(Spn43Ab)	15	8	3	1	5	2	3	3	1	1	1	1	1	4	14	rna-NM_001032224.2	FBgn0024293	None
N0.HOG0000541	Gene Group 5	protease inhibitor (immunity, reproduction)	0.01751316170845866	0.9569188239005484	n	0.49737379252022584	0.09991387241786222	n	Serpin 31A(Spn31A)	15	8	3	1	5	2	3	3	1	1	1	1	1	4	14	rna-NM_135497.3	FBgn0032178	None
N0.HOG0000541	Gene Group 5	protease inhibitor (immunity, reproduction)	0.01751316170845866	0.9569188239005484	n	0.49737379252022584	0.09991387241786222	n	Serpin 43Aa(Spn43Aa)	15	8	3	1	5	2	3	3	1	1	1	1	1	4	14	rna-NM_080066.3	FBgn0024294	None
N0.HOG0000541	Gene Group 5	protease inhibitor (immunity, reproduction)	0.01751316170845866	0.9569188239005484	n	0.49737379252022584	0.09991387241786222	n	necrotic(nec)	15	8	3	1	5	2	3	3	1	1	1	1	1	4	14	rna-NM_080112.2	FBgn0002930	None
N0.HOG0000541	Gene Group 5	protease inhibitor (immunity, reproduction)	0.01751316170845866	0.9569188239005484	n	0.49737379252022584	0.09991387241786222	n	Serpin 42De(Spn42De)	15	8	3	1	5	2	3	3	1	1	1	1	1	4	14	rna-NM_136402.4	FBgn0033115	None
N0.HOG0000541	Gene Group 5	protease inhibitor (immunity, reproduction)	0.01751316170845866	0.9569188239005484	n	0.49737379252022584	0.09991387241786222	n	Serpin 42Dc(Spn42Dc)	15	8	3	1	5	2	3	3	1	1	1	1	1	4	14	rna-NM_001259225.2	FBgn0033113	None
N0.HOG0000541	Gene Group 5	protease inhibitor (immunity, reproduction)	0.01751316170845866	0.9569188239005484	n	0.49737379252022584	0.09991387241786222	n	Serpin 47C(Spn47C)	15	8	3	1	5	2	3	3	1	1	1	1	1	4	14	rna-NM_001299373.1	FBgn0033574	None
N0.HOG0000541	Gene Group 5	protease inhibitor (immunity, reproduction)	0.01751316170845866	0.9569188239005484	n	0.49737379252022584	0.09991387241786222	n	Serpin 28Da(Spn28Da)	15	8	3	1	5	2	3	3	1	1	1	1	1	4	14	rna-NM_001042880.1	FBgn0051902	None
N0.HOG0000541	Gene Group 5	protease inhibitor (immunity, reproduction)	0.01751316170845866	0.9569188239005484	n	0.49737379252022584	0.09991387241786222	n	Serpin 42Dd(Spn42Dd)	15	8	3	1	5	2	3	3	1	1	1	1	1	4	14	rna-NM_001169596.3	FBgn0028988	None
N0.HOG0000541	Gene Group 5	protease inhibitor (immunity, reproduction)	0.01751316170845866	0.9569188239005484	n	0.49737379252022584	0.09991387241786222	n	Serpin 38F(Spn38F)	15	8	3	1	5	2	3	3	1	1	1	1	1	4	14	rna-NM_080217.4	FBgn0028986	None
N0.HOG0000541	Gene Group 5	protease inhibitor (immunity, reproduction)	0.01751316170845866	0.9569188239005484	n	0.49737379252022584	0.09991387241786222	n	Serpin 28F(Spn28F)	15	8	3	1	5	2	3	3	1	1	1	1	1	4	14	rna-NM_080218.5	FBgn0028987	None
N0.HOG0000541	Gene Group 5	protease inhibitor (immunity, reproduction)	0.01751316170845866	0.9569188239005484	n	0.49737379252022584	0.09991387241786222	n	Serpin 28B(Spn28B)	15	8	3	1	5	2	3	3	1	1	1	1	1	4	14	rna-NM_135284.3	FBgn0083141	None
N0.HOG0000541	Gene Group 5	protease inhibitor (immunity, reproduction)	0.01751316170845866	0.9569188239005484	n	0.49737379252022584	0.09991387241786222	n	Serpin 42Db(Spn42Db)	15	8	3	1	5	2	3	3	1	1	1	1	1	4	14	rna-NM_136400.3	FBgn0033112	None
N0.HOG0000541	Gene Group 5	protease inhibitor (immunity, reproduction)	0.01751316170845866	0.9569188239005484	n	0.49737379252022584	0.09991387241786222	n	Serpin 42Da(Spn42Da)	15	8	3	1	5	2	3	3	1	1	1	1	1	4	14	rna-NM_080216.3	FBgn0265137	None
N0.HOG0000541	Gene Group 5	protease inhibitor (immunity, reproduction)	0.01751316170845866	0.9569188239005484	n	0.49737379252022584	0.09991387241786222	n	Serpin 55B(Spn55B)	15	8	3	1	5	2	3	3	1	1	1	1	1	4	14	rna-NM_080214.4	FBgn0028983	None
N0.HOG0000543	None	None	0.6013986013986015	0.03858845292201944	n	0.4755244755244756	0.11817595701303213	n	None	3	2	3	3	4	8	4	4	1	5	5	2	3	5	7	rna-NM_079044.2	FBgn0000078	None
N0.HOG0000543	None	None	0.6013986013986015	0.03858845292201944	n	0.4755244755244756	0.11817595701303213	n	None	3	2	3	3	4	8	4	4	1	5	5	2	3	5	7	rna-NM_001299589.1	FBgn0000079	None
N0.HOG0000543	None	None	0.6013986013986015	0.03858845292201944	n	0.4755244755244756	0.11817595701303213	n	None	3	2	3	3	4	8	4	4	1	5	5	2	3	5	7	rna-NM_001299589.1	FBgn0000079	None
N0.HOG0000543	None	None	0.6013986013986015	0.03858845292201944	n	0.4755244755244756	0.11817595701303213	n	None	3	2	3	3	4	8	4	4	1	5	5	2	3	5	7	rna-NM_079044.2	FBgn0000078	None
N0.HOG0000543	None	None	0.6013986013986015	0.03858845292201944	n	0.4755244755244756	0.11817595701303213	n	None	3	2	3	3	4	8	4	4	1	5	5	2	3	5	7	rna-NM_057914.4	FBgn0020506	None
N0.HOG0000545	None	None	-0.1126788504326398	0.7273453279440116	n	0.08450913782447984	0.7939959959092632	n	None	3	5	2	1	5	1	24	9	3	1	1	1	1	1	23	rna-NM_137111.3	FBgn0033926	None
N0.HOG0000545	None	None	-0.1126788504326398	0.7273453279440116	n	0.08450913782447984	0.7939959959092632	n	None	3	5	2	1	5	1	24	9	3	1	1	1	1	1	23	rna-NM_137111.3	FBgn0033926	None
N0.HOG0000545	None	None	-0.1126788504326398	0.7273453279440116	n	0.08450913782447984	0.7939959959092632	n	None	3	5	2	1	5	1	24	9	3	1	1	1	1	1	23	rna-NM_137112.2	FBgn0033928	None
N0.HOG0000549	None	None	0.013986013986013986	0.9655902689187795	n	0.2027972027972028	0.5273023541661082	n	None	1	9	2	6	4	2	5	5	4	2	3	3	2	3	8	rna-NM_057820.4	FBgn0015777	None
N0.HOG0000554	None	None	0.18881118881118883	0.5567370561768314	n	0.31468531468531474	0.31913878550330455	n	None	1	20	11	1	1	1	6	1	1	1	1	1	3	2	19	rna-NM_136248.4	FBgn0032922	None
N0.HOG0000555	Gene Group 26	glycolysis and early development (and other)	-0.3076923076923077	0.3305892594121097	n	-0.31468531468531474	0.31913878550330455	n	Ionotropic receptor 87a(Ir87a)	1	3	4	1	7	7	2	5	3	3	2	3	5	4	6	rna-NM_142033.2	FBgn0038153	None
N0.HOG0000560	Gene Group 26	glycolysis and early development (and other)	-0.515061643266312	0.08659296996223632	n	-0.2276721756467031	0.47667368931991294	n	uncharacterized protein(CG1441)	1	2	2	4	10	5	6	8	2	2	2	2	2	2	9	rna-NM_136691.4	FBgn0033464	None
N0.HOG0000562	Gene Group 26	glycolysis and early development (and other)	-0.23135335350184164	0.46937777096642697	n	-0.4591474246421165	0.13321782133066423	n	Dietary and metabolic glutamate transporter(dmGlut)	3	2	3	2	5	11	6	7	3	3	1	1	1	1	10	rna-NM_138760.3	FBgn0010497	None
N0.HOG0000562	Gene Group 26	glycolysis and early development (and other)	-0.23135335350184164	0.46937777096642697	n	-0.4591474246421165	0.13321782133066423	n	uncharacterized protein(CG9254)	3	2	3	2	5	11	6	7	3	3	1	1	1	1	10	rna-NM_135820.2	FBgn0028513	None
N0.HOG0000562	Gene Group 26	glycolysis and early development (and other)	-0.23135335350184164	0.46937777096642697	n	-0.4591474246421165	0.13321782133066423	n	uncharacterized protein(CG18788)	3	2	3	2	5	11	6	7	3	3	1	1	1	1	10	rna-NM_144408.3	FBgn0042126	None
N0.HOG0000565	None	None	0.03502632341691732	0.9139432528752413	n	0.12959739664259406	0.6881039438604584	n	None	2	2	2	3	1	3	2	5	5	5	5	4	4	6	5	rna-NM_001273339.1	FBgn0032061	None
N0.HOG0000565	None	None	0.03502632341691732	0.9139432528752413	n	0.12959739664259406	0.6881039438604584	n	None	2	2	2	3	1	3	2	5	5	5	5	4	4	6	5	rna-NM_080483.3	FBgn0000261	None
N0.HOG0000566	Gene Group 14	heat stress and neurological	0.1760607038009997	0.5841405301281157	n	0.37324869205811934	0.23206767137485984	n	uncharacterized protein(CG34199)	1	1	1	3	3	3	3	3	7	5	6	3	3	7	6	rna-NM_001103910.2	FBgn0085228	None
N0.HOG0000572	Gene Group 31	chromatin organization and transcription regulation	0.6293706293706295	0.02831967129576002	n	0.6013986013986015	0.03858845292201944	n	uncharacterized protein(CG10431)	1	8	5	11	2	3	1	1	1	1	13	1	1	1	12	rna-NM_136080.3	FBgn0032730	None
N0.HOG0000573	None	None	-0.5384615384615385	0.07089431754922315	n	-0.1188811188811189	0.712884219214772	n	None	1	13	1	5	3	1	2	3	12	1	3	4	1	1	12	rna-NM_142441.3	FBgn0038589	None
N0.HOG0000576	None	None	0.48686589549515064	0.10844282195191488	n	0.16812635240120308	0.6014537771328919	n	None	1	4	8	2	2	3	3	3	2	4	6	3	4	3	7	rna-NM_143478.3	FBgn0039707	None
N0.HOG0000582	Gene Group 26	glycolysis and early development (and other)	-0.04895104895104895	0.8799185788786749	n	-0.18881118881118883	0.5567370561768314	n	uncharacterized protein(CG7888)	1	2	6	1	1	1	1	1	4	1	2	1	3	1	5	rna-NM_140168.1	FBgn0036116	None
N0.HOG0000585	None	None	-0.04195804195804196	0.8969858708195542	n	0.0	1.0	n	None	1	7	14	3	1	1	14	1	1	1	1	4	1	4	13	rna-NM_001272883.2	FBgn0086855	None
N0.HOG0000587	Gene Group 19	uncharacterized	0.029004551352481495	0.9287016154017113	n	0.26829210001045384	0.3991505469046428	n	uncharacterized protein(CG33966)	7	19	13	1	1	1	4	3	1	1	1	1	1	1	18	rna-NM_001038895.3	FBgn0053966	None
N0.HOG0000587	Gene Group 19	uncharacterized	0.029004551352481495	0.9287016154017113	n	0.26829210001045384	0.3991505469046428	n	uncharacterized protein(CG33514)	7	19	13	1	1	1	4	3	1	1	1	1	1	1	18	rna-NM_001014558.3	FBgn0053514	None
N0.HOG0000587	Gene Group 19	uncharacterized	0.029004551352481495	0.9287016154017113	n	0.26829210001045384	0.3991505469046428	n	uncharacterized protein(CG12926)	7	19	13	1	1	1	4	3	1	1	1	1	1	1	18	rna-NM_136666.4	FBgn0033437	None
N0.HOG0000587	Gene Group 19	uncharacterized	0.029004551352481495	0.9287016154017113	n	0.26829210001045384	0.3991505469046428	n	uncharacterized protein(CG1902)	7	19	13	1	1	1	4	3	1	1	1	1	1	1	18	rna-NM_136663.4	FBgn0033434	None
N0.HOG0000587	Gene Group 19	uncharacterized	0.029004551352481495	0.9287016154017113	n	0.26829210001045384	0.3991505469046428	n	uncharacterized protein(CG10300)	7	19	13	1	1	1	4	3	1	1	1	1	1	1	18	rna-NM_142917.4	FBgn0039107	None
N0.HOG0000587	Gene Group 19	uncharacterized	0.029004551352481495	0.9287016154017113	n	0.26829210001045384	0.3991505469046428	n	uncharacterized protein(CG10301)	7	19	13	1	1	1	4	3	1	1	1	1	1	1	18	rna-NM_142916.3	FBgn0039106	None
N0.HOG0000587	Gene Group 19	uncharacterized	0.029004551352481495	0.9287016154017113	n	0.26829210001045384	0.3991505469046428	n	uncharacterized protein(CG30339)	7	19	13	1	1	1	4	3	1	1	1	1	1	1	18	rna-NM_165687.3	FBgn0050339	None
N0.HOG0000590	Gene Group 26	glycolysis and early development (and other)	0.1398601398601399	0.6646331617926677	n	0.1328671328671329	0.6805975082860818	n	uncharacterized protein(CG9864)	1	3	2	6	4	4	8	1	4	3	3	3	2	3	7	rna-NM_001274171.1	FBgn0034490	None
N0.HOG0000599	None	None	-0.2491497653096756	0.43485380702768006	n	0.11033775320857063	0.7328253667197191	n	None	1	16	4	1	4	3	5	5	3	1	1	1	1	1	15	rna-NM_001316434.1	FBgn0285958	None
N0.HOG0000602	Gene Group 22	transcription regulation	0.21834391465156391	0.4953923823848684	n	0.3353138689291874	0.28665785786011205	n	hinge3(hng3)	1	1	1	1	1	1	1	1	1	1	45	1	1	1	44	rna-NM_138213.3	FBgn0035160	None
N0.HOG0000608	Gene Group 23,Gene Group 26	glutathione metabolic process,glycolysis and early development (and other)	0.14084856304079973	0.6623867956109182	n	0.5563518240111589	0.060300025541073894	n	uncharacterized protein(CG33177)	4	9	3	1	5	4	7	4	2	2	2	1	1	1	8	rna-NM_176730.2	FBgn0053177	None
N0.HOG0000608	Gene Group 23,Gene Group 26	glutathione metabolic process,glycolysis and early development (and other)	0.14084856304079973	0.6623867956109182	n	0.5563518240111589	0.060300025541073894	n	uncharacterized protein(CG33178)	4	9	3	1	5	4	7	4	2	2	2	1	1	1	8	rna-NM_001298334.1	FBgn0053178	None
N0.HOG0000608	Gene Group 26	glycolysis and early development (and other)	0.14084856304079973	0.6623867956109182	n	0.5563518240111589	0.060300025541073894	n	Microsomal glutathione S-transferase-like(Mgstl)	4	9	3	1	5	4	7	4	2	2	2	1	1	1	8	rna-NM_079957.4	FBgn0025814	None
N0.HOG0000610	None	None	-0.07005264683383464	0.8287278541011254	n	0.03152369107522558	0.9225248645215405	n	None	4	3	2	1	2	4	10	4	6	4	2	1	1	1	9	rna-NM_001316609.1	FBgn0051233	None
N0.HOG0000610	None	None	-0.07005264683383464	0.8287278541011254	n	0.03152369107522558	0.9225248645215405	n	None	4	3	2	1	2	4	10	4	6	4	2	1	1	1	9	rna-NM_169964.3	FBgn0051343	None
N0.HOG0000610	Gene Group 26	glycolysis and early development (and other)	-0.07005264683383464	0.8287278541011254	n	0.03152369107522558	0.9225248645215405	n	uncharacterized protein(CG31198)	4	3	2	1	2	4	10	4	6	4	2	1	1	1	9	rna-NM_169966.2	FBgn0051198	None
N0.HOG0000613	None	None	-0.0979020979020979	0.762121655996299	n	-0.17482517482517487	0.5868236643627043	n	None	1	3	13	1	1	1	14	1	4	1	1	2	2	1	13	rna-NM_135080.3	FBgn0031703	None
N0.HOG0000618	None	None	0.33975533714409795	0.2799203496864415	n	0.234676366893346	0.4628366435492134	n	None	1	1	1	1	1	3	5	5	1	3	4	1	3	1	4	rna-NM_001272689.1	FBgn0030749	None
N0.HOG0000620	None	None	0.4755244755244756	0.11817595701303213	n	0.39860139860139865	0.19933549461780897	n	None	1	1	8	3	1	1	9	3	1	1	11	2	1	5	10	rna-NM_001299871.1	FBgn0034945	None
N0.HOG0000624	Gene Group 26	glycolysis and early development (and other)	0.007042428152039987	0.9826701704764307	n	-0.4225456891223993	0.17117595198400154	n	uncharacterized protein(CG31272)	3	1	2	6	3	8	4	3	4	4	1	2	2	2	7	rna-NM_141756.5	FBgn0051272	None
N0.HOG0000624	Gene Group 20,Gene Group 26	transmembrane transport (olfactory),glycolysis and early development (and other)	0.007042428152039987	0.9826701704764307	n	-0.4225456891223993	0.17117595198400154	n	uncharacterized protein(CG3690)	3	1	2	6	3	8	4	3	4	4	1	2	2	2	7	rna-NM_001297835.1	FBgn0040350	None
N0.HOG0000624	Gene Group 20,Gene Group 26	transmembrane transport (olfactory),glycolysis and early development (and other)	0.007042428152039987	0.9826701704764307	n	-0.4225456891223993	0.17117595198400154	n	uncharacterized protein(CG14691)	3	1	2	6	3	8	4	3	4	4	1	2	2	2	7	rna-NM_141755.3	FBgn0037829	None
N0.HOG0000625	None	None	-0.21355694169400766	0.5051242606511095	n	-0.046270670700368326	0.8864552005114834	n	None	2	6	1	1	6	7	8	8	1	2	1	1	1	1	7	rna-NM_176180.2	FBgn0034047	None
N0.HOG0000625	None	None	-0.21355694169400766	0.5051242606511095	n	-0.046270670700368326	0.8864552005114834	n	None	2	6	1	1	6	7	8	8	1	2	1	1	1	1	7	rna-NM_001414074.1	FBgn0050424	None
N0.HOG0000626	None	None	-0.2867132867132868	0.36625146058358227	n	-0.17482517482517487	0.5868236643627043	n	None	2	4	1	1	3	5	9	8	1	3	1	3	2	2	8	rna-NM_142915.3	FBgn0051148	None
N0.HOG0000626	None	None	-0.2867132867132868	0.36625146058358227	n	-0.17482517482517487	0.5868236643627043	n	None	2	4	1	1	3	5	9	8	1	3	1	3	2	2	8	rna-NM_001275951.1	FBgn0051414	None
N0.HOG0000640	None	None	0.1690182756489597	0.599497869823576	n	0.19014556010507966	0.553900040754205	n	None	1	1	1	1	1	1	1	1	5	2	7	6	9	8	8	rna-NM_001316385.1	FBgn0264953	None
N0.HOG0000647	Gene Group 28,Gene Group 31	DNA-related functions,chromatin organization and transcription regulation	0.7272727272727274	0.007355028857805126	n	0.5664335664335665	0.054842119775407844	n	bedwarfed(bdwf)	1	1	7	3	1	1	1	2	1	1	10	2	7	9	9	rna-NM_142334.3	FBgn0038472	None
N0.HOG0000648	Gene Group 32	transcription regulation	0.05800910270496299	0.8578817998209817	n	0.07976251621932409	0.805365010461281	n	uncharacterized protein(CG4896)	2	2	2	1	1	1	1	1	1	1	2	1	24	4	23	rna-NM_134739.6	FBgn0031319	None
N0.HOG0000648	Gene Group 32	transcription regulation	0.05800910270496299	0.8578817998209817	n	0.07976251621932409	0.805365010461281	n	uncharacterized protein(CG4887)	2	2	2	1	1	1	1	1	1	1	2	1	24	4	23	rna-NM_001272930.1	FBgn0031318	None
N0.HOG0000649	None	None	-0.2610409621723334	0.41249631869094106	n	-0.04350682702872224	0.8932021742511844	n	None	1	1	1	1	15	6	6	5	2	2	1	1	1	1	14	rna-NM_136886.3	FBgn0027495	None
N0.HOG0000653	Gene Group 26	glycolysis and early development (and other)	-0.21678321678321683	0.49855598552418856	n	0.1958041958041958	0.5419358857313175	n	pickpocket 24(ppk24)	2	3	2	1	6	3	9	2	3	2	3	3	2	3	8	rna-NM_143603.2	FBgn0039839	None
N0.HOG0000653	Gene Group 26	glycolysis and early development (and other)	-0.21678321678321683	0.49855598552418856	n	0.1958041958041958	0.5419358857313175	n	pickpocket 22(ppk22)	2	3	2	1	6	3	9	2	3	2	3	3	2	3	8	rna-NM_170175.4	FBgn0051105	None
N0.HOG0000654	None	None	-0.2517482517482518	0.42991878503288405	n	-0.06993006993006995	0.8290236405313092	n	None	3	5	2	1	2	4	9	5	5	4	1	2	1	1	8	rna-NM_001272539.2	FBgn0030348	None
N0.HOG0000654	None	None	-0.2517482517482518	0.42991878503288405	n	-0.06993006993006995	0.8290236405313092	n	None	3	5	2	1	2	4	9	5	5	4	1	2	1	1	8	rna-NM_132532.4	FBgn0030347	None
N0.HOG0000654	None	None	-0.2517482517482518	0.42991878503288405	n	-0.06993006993006995	0.8290236405313092	n	None	3	5	2	1	2	4	9	5	5	4	1	2	1	1	8	rna-NM_130665.5	FBgn0024995	None
N0.HOG0000662	Gene Group 26	glycolysis and early development (and other)	0.0	1.0	n	-0.16783216783216784	0.602099427786538	n	uncharacterized protein(CG1213)	1	3	4	2	6	6	9	1	2	2	2	2	2	1	8	rna-NM_169113.3	FBgn0037387	None
N0.HOG0000668	Gene Group 26	glycolysis and early development (and other)	0.23076923076923078	0.470531995381542	n	0.07692307692307693	0.8121826980280591	n	uncharacterized protein(CG45062)	1	2	1	2	2	3	5	4	1	3	2	1	3	1	4	rna-NM_001299798.1	FBgn0266432	None
N0.HOG0000669	Gene Group 18	Aldehyde oxidase	0.49650349650349657	0.10060263183225483	n	0.6293706293706295	0.02831967129576002	n	Aldehyde oxidase 3(AOX3)	4	11	1	2	2	3	5	4	1	2	2	1	2	3	10	rna-NM_001316510.1	FBgn0038349	None
N0.HOG0000669	Gene Group 18	Aldehyde oxidase	0.49650349650349657	0.10060263183225483	n	0.6293706293706295	0.02831967129576002	n	Aldehyde oxidase 4(AOX4)	4	11	1	2	2	3	5	4	1	2	2	1	2	3	10	rna-NM_142221.2	FBgn0038350	None
N0.HOG0000669	Gene Group 18	Aldehyde oxidase	0.49650349650349657	0.10060263183225483	n	0.6293706293706295	0.02831967129576002	n	Aldehyde oxidase 2(AOX2)	4	11	1	2	2	3	5	4	1	2	2	1	2	3	10	rna-NM_169665.3	FBgn0038348	None
N0.HOG0000669	Gene Group 18	Aldehyde oxidase	0.49650349650349657	0.10060263183225483	n	0.6293706293706295	0.02831967129576002	n	Aldehyde oxidase 1(AOX1)	4	11	1	2	2	3	5	4	1	2	2	1	2	3	10	rna-NM_142218.2	FBgn0267408	None
N0.HOG0000671	Gene Group 2	protein breakdown (proteolysis)	-0.08542277667760305	0.7918118156313141	n	0.3238946949025783	0.3043974704848051	n	uncharacterized protein(CG12951)	2	10	4	1	1	1	1	1	1	8	1	1	1	1	9	rna-NM_141623.2	FBgn0037677	None
N0.HOG0000671	Gene Group 2	protein breakdown (proteolysis)	-0.08542277667760305	0.7918118156313141	n	0.3238946949025783	0.3043974704848051	n	uncharacterized protein(CG16749)	2	10	4	1	1	1	1	1	1	8	1	1	1	1	9	rna-NM_141624.3	FBgn0037678	None
N0.HOG0000673	Gene Group 2	protein breakdown (proteolysis)	-0.15660842390893895	0.6269248019462761	n	-0.13525272973953817	0.67513751307536	n	uncharacterized protein(CG31821)	4	4	4	1	3	6	8	2	3	3	1	2	2	2	7	rna-NM_001299039.1	FBgn0051821	None
N0.HOG0000673	Gene Group 2	protein breakdown (proteolysis)	-0.15660842390893895	0.6269248019462761	n	-0.13525272973953817	0.67513751307536	n	uncharacterized protein(CG31823)	4	4	4	1	3	6	8	2	3	3	1	2	2	2	7	rna-NM_165138.2	FBgn0051823	None
N0.HOG0000673	Gene Group 2	protein breakdown (proteolysis)	-0.15660842390893895	0.6269248019462761	n	-0.13525272973953817	0.67513751307536	n	highroad(hiro)	4	4	4	1	3	6	8	2	3	3	1	2	2	2	7	rna-NM_138207.3	FBgn0035154	None
N0.HOG0000673	Gene Group 2	protein breakdown (proteolysis)	-0.15660842390893895	0.6269248019462761	n	-0.13525272973953817	0.67513751307536	n	uncharacterized protein(CG32483)	4	4	4	1	3	6	8	2	3	3	1	2	2	2	7	rna-NM_167839.2	FBgn0052483	None
N0.HOG0000680	None	None	0.3216783216783217	0.30790987618065263	n	0.5384615384615385	0.07089431754922315	n	None	1	4	1	3	1	1	1	3	2	1	5	3	6	10	9	rna-NM_001299649.1	FBgn0000566	None
N0.HOG0000682	Gene Group 19	uncharacterized	0.28169712608159947	0.37506523624200017	n	0.23944255716935955	0.4535299634141644	n	uncharacterized protein(CG2663)	1	1	1	3	4	3	15	5	1	1	2	1	2	2	14	rna-NM_169053.3	FBgn0037323	None
N0.HOG0000688	None	None	0.3450789794499594	0.2719649798075829	n	0.4155032609703593	0.17918196554757054	n	None	2	5	5	2	2	2	6	1	2	2	3	2	4	4	5	rna-NM_141045.3	FBgn0037071	None
N0.HOG0000688	Gene Group 26	glycolysis and early development (and other)	0.3450789794499594	0.2719649798075829	n	0.4155032609703593	0.17918196554757054	n	uncharacterized protein(CG11309)	2	5	5	2	2	2	6	1	2	2	3	2	4	4	5	rna-NM_141044.4	FBgn0037070	None
N0.HOG0000689	None	None	-0.2676122697775195	0.40039240027539647	n	0.2253577008652796	0.4812874129466269	n	None	1	6	3	3	12	3	3	3	3	1	3	1	1	1	11	rna-NM_142972.5	FBgn0039165	None
N0.HOG0000690	None	None	-0.2657342657342658	0.40383308831471165	n	0.23076923076923078	0.470531995381542	n	None	1	4	1	1	11	4	8	6	1	1	1	1	1	2	10	rna-NM_001299590.1	FBgn0034197	None
N0.HOG0000693	None	None	0.14929322993226435	0.6433004037991689	n	-0.1306315761907313	0.6857269144798043	n	None	2	2	9	1	1	3	3	3	1	1	2	2	2	2	8	rna-NM_079587.3	FBgn0022359	None
N0.HOG0000693	None	None	0.14929322993226435	0.6433004037991689	n	-0.1306315761907313	0.6857269144798043	n	None	2	2	9	1	1	3	3	3	1	1	2	2	2	2	8	rna-NM_058000.3	FBgn0024289	None
N0.HOG0000693	None	None	0.14929322993226435	0.6433004037991689	n	-0.1306315761907313	0.6857269144798043	n	None	2	2	9	1	1	3	3	3	1	1	2	2	2	2	8	rna-NM_058000.3	FBgn0024289	None
N0.HOG0000693	None	None	0.14929322993226435	0.6433004037991689	n	-0.1306315761907313	0.6857269144798043	n	None	2	2	9	1	1	3	3	3	1	1	2	2	2	2	8	rna-NM_079587.3	FBgn0022359	None
N0.HOG0000694	None	None	0.11188811188811189	0.729194990751066	n	0.5594405594405596	0.05858947538856762	n	None	1	2	1	1	1	1	1	1	1	2	1	1	1	1	1	rna-NM_001144613.2	FBgn0270925	None
N0.HOG0000696	None	None	0.006993006993006993	0.9827917689028476	n	-0.006993006993006993	0.9827917689028476	n	None	1	3	3	4	2	1	1	2	2	3	1	4	10	7	9	rna-NM_140670.2	FBgn0259794	None
N0.HOG0000707	None	None	0.4859275424907591	0.1092271849290281	n	0.30986683868975945	0.3270050102150108	n	None	1	1	1	4	1	2	3	1	1	11	13	1	1	1	12	rna-NM_137106.3	FBgn0033921	None
N0.HOG0000709	Gene Group 26	glycolysis and early development (and other)	-0.1258741258741259	0.6966831093957659	n	-0.3076923076923077	0.3305892594121097	n	defective proboscis extension response 10(dpr10)	1	1	2	6	1	1	2	1	1	3	1	3	2	1	5	rna-NM_168398.2	FBgn0052057	None
N0.HOG0000712	None	None	-0.028021058733533853	0.9311140674192737	n	0.08056054385890982	0.80345110920634	n	None	1	1	1	1	5	5	8	5	1	1	2	2	6	2	7	rna-NM_142683.3	FBgn0038854	None
N0.HOG0000713	None	None	-0.1958041958041958	0.5419358857313175	n	0.11188811188811189	0.729194990751066	n	None	1	1	1	3	5	2	5	2	5	3	2	3	4	6	5	rna-NM_137576.4	FBgn0034443	None
N0.HOG0000715	Gene Group 26	glycolysis and early development (and other)	-0.4377917304727157	0.15462561279702763	n	-0.3025390007331775	0.33916814895060443	n	uncharacterized protein(CG15117)	2	3	1	1	3	4	6	11	3	3	1	1	1	1	10	rna-NM_166324.2	FBgn0034417	None
N0.HOG0000715	None	None	-0.4377917304727157	0.15462561279702763	n	-0.3025390007331775	0.33916814895060443	n	None	2	3	1	1	3	4	6	11	3	3	1	1	1	1	10	rna-NM_143636.3	FBgn0270927	None
N0.HOG0000721	None	None	-0.05800910270496299	0.8578817998209817	n	0.07976251621932409	0.805365010461281	n	None	2	2	1	1	2	4	11	6	1	1	1	1	1	1	10	rna-NM_001014501.3	FBgn0033170	None
N0.HOG0000721	None	None	-0.05800910270496299	0.8578817998209817	n	0.07976251621932409	0.805365010461281	n	None	2	2	1	1	2	4	11	6	1	1	1	1	1	1	10	rna-NM_001144140.3	FBgn0050503	None
N0.HOG0000730	Gene Group 26	glycolysis and early development (and other)	-0.21716320518488735	0.49778490192726343	n	-0.21716320518488735	0.49778490192726343	n	Major Facilitator Superfamily Transporter 9(MFS9)	1	1	9	1	3	2	5	6	3	3	1	1	2	2	8	rna-NM_142632.3	FBgn0038799	None
N0.HOG0000735	None	None	-0.5744317040374439	0.050765334660570934	n	-0.5639238070123688	0.05616717538739797	n	None	1	1	1	1	1	1	1	1	1	1	1	1	1	1	0	rna-NM_001169783.2	FBgn0034731	None
N0.HOG0000746	None	None	-0.06762636486976908	0.834586391153786	n	-0.1316934473779714	0.683288954948474	n	None	4	2	3	2	1	3	8	2	3	3	1	1	1	1	7	rna-NM_001169662.2	FBgn0265185	None
N0.HOG0000746	None	None	-0.06762636486976908	0.834586391153786	n	-0.1316934473779714	0.683288954948474	n	None	4	2	3	2	1	3	8	2	3	3	1	1	1	1	7	rna-NM_001299438.1	FBgn0033787	None
N0.HOG0000746	None	None	-0.06762636486976908	0.834586391153786	n	-0.1316934473779714	0.683288954948474	n	None	4	2	3	2	1	3	8	2	3	3	1	1	1	1	7	rna-NM_132670.4	FBgn0052633	None
N0.HOG0000746	None	None	-0.06762636486976908	0.834586391153786	n	-0.1316934473779714	0.683288954948474	n	None	4	2	3	2	1	3	8	2	3	3	1	1	1	1	7	rna-NM_001260383.2	FBgn0051086	None
N0.HOG0000750	Gene Group 2	protein breakdown (proteolysis)	-0.2253577008652796	0.4812874129466269	n	0.04929699706427991	0.8790754104005534	n	uncharacterized protein(CG8562)	6	10	9	1	2	2	4	2	4	1	1	1	1	1	9	rna-NM_139861.3	FBgn0035779	None
N0.HOG0000750	Gene Group 2	protein breakdown (proteolysis)	-0.2253577008652796	0.4812874129466269	n	0.04929699706427991	0.8790754104005534	n	uncharacterized protein(CG18417)	6	10	9	1	2	2	4	2	4	1	1	1	1	1	9	rna-NM_139862.3	FBgn0035780	None
N0.HOG0000750	Gene Group 2	protein breakdown (proteolysis)	-0.2253577008652796	0.4812874129466269	n	0.04929699706427991	0.8790754104005534	n	uncharacterized protein(CG8539)	6	10	9	1	2	2	4	2	4	1	1	1	1	1	9	rna-NM_001274591.1	FBgn0035791	None
N0.HOG0000750	Gene Group 2	protein breakdown (proteolysis)	-0.2253577008652796	0.4812874129466269	n	0.04929699706427991	0.8790754104005534	n	uncharacterized protein(CG8560)	6	10	9	1	2	2	4	2	4	1	1	1	1	1	9	rna-NM_139863.4	FBgn0035781	None
N0.HOG0000750	Gene Group 2	protein breakdown (proteolysis)	-0.2253577008652796	0.4812874129466269	n	0.04929699706427991	0.8790754104005534	n	uncharacterized protein(CG32379)	6	10	9	1	2	2	4	2	4	1	1	1	1	1	9	rna-NM_168213.3	FBgn0052379	None
N0.HOG0000750	Gene Group 2	protein breakdown (proteolysis)	-0.2253577008652796	0.4812874129466269	n	0.04929699706427991	0.8790754104005534	n	uncharacterized protein(CG8564)	6	10	9	1	2	2	4	2	4	1	1	1	1	1	9	rna-NM_001274585.1	FBgn0035776	None
N0.HOG0000756	Gene Group 20	transmembrane transport (olfactory)	0.1885295837911297	0.5573365380454538	n	0.47132395947782424	0.1219218933169533	n	Sulfonylurea receptor(Sur)	1	1	1	1	1	1	1	1	1	1	1	1	1	2	1	rna-NM_001347812.1	FBgn0028675	None
N0.HOG0000761	Gene Group 20	transmembrane transport (olfactory)	0.676263648697691	0.015752067028416923	n	0.8933798727532655	9.050393313658586e-05	y	Multidrug-Resistance like Protein 1(MRP)	1	1	1	1	1	1	1	1	1	1	5	2	2	5	4	rna-NM_205980.2	FBgn0032456	None
N0.HOG0000764	None	None	0.32867132867132864	0.2969041156887641	n	0.16783216783216784	0.602099427786538	n	None	1	2	7	1	1	1	2	1	3	5	5	2	6	2	6	rna-NM_079336.3	FBgn0029167	None
N0.HOG0000767	None	None	-0.6853146853146854	0.013905968814362752	n	-0.5454545454545455	0.06661188226688902	n	None	1	3	4	1	1	1	3	8	9	2	1	3	1	1	8	rna-NM_143134.3	FBgn0261575	None
N0.HOG0000774	None	None	0.5104895104895105	0.08991373630263913	n	0.2797202797202798	0.37856866966230307	n	None	1	1	9	3	1	7	6	1	1	1	2	1	1	9	8	rna-NM_144358.3	FBgn0040089	None
N0.HOG0000775	Gene Group 8	 immunity and sexual reproduction	-0.006993006993006993	0.9827917689028476	n	0.1328671328671329	0.6805975082860818	n	uncharacterized protein(CG2816)	7	3	1	1	1	1	7	1	1	6	1	2	1	1	6	rna-NM_134959.2	FBgn0031564	None
N0.HOG0000775	Gene Group 8	 immunity and sexual reproduction	-0.006993006993006993	0.9827917689028476	n	0.1328671328671329	0.6805975082860818	n	uncharacterized protein(CG15418)	7	3	1	1	1	1	7	1	1	6	1	2	1	1	6	rna-NM_134950.4	FBgn0031554	None
N0.HOG0000775	Gene Group 5,Gene Group 8	protease inhibitor (immunity, reproduction), immunity and sexual reproduction	-0.006993006993006993	0.9827917689028476	n	0.1328671328671329	0.6805975082860818	n	uncharacterized protein(CG3604)	7	3	1	1	1	1	7	1	1	6	1	2	1	1	6	rna-NM_001298666.1	FBgn0031562	None
N0.HOG0000775	Gene Group 5,Gene Group 8,Gene Group 14,Gene Group 36	protease inhibitor (immunity, reproduction), immunity and sexual reproduction,heat stress and neurological,uncharacterized	-0.006993006993006993	0.9827917689028476	n	0.1328671328671329	0.6805975082860818	n	uncharacterized protein(CG10031)	7	3	1	1	1	1	7	1	1	6	1	2	1	1	6	rna-NM_134958.4	FBgn0031563	None
N0.HOG0000775	Gene Group 8	 immunity and sexual reproduction	-0.006993006993006993	0.9827917689028476	n	0.1328671328671329	0.6805975082860818	n	Immune induced molecule 33(IM33)	7	3	1	1	1	1	7	1	1	6	1	2	1	1	6	rna-NM_001298665.1	FBgn0031561	None
N0.HOG0000775	Gene Group 8	 immunity and sexual reproduction	-0.006993006993006993	0.9827917689028476	n	0.1328671328671329	0.6805975082860818	n	uncharacterized protein(CG16713)	7	3	1	1	1	1	7	1	1	6	1	2	1	1	6	rna-NM_134955.3	FBgn0031560	None
N0.HOG0000775	Gene Group 8	 immunity and sexual reproduction	-0.006993006993006993	0.9827917689028476	n	0.1328671328671329	0.6805975082860818	n	uncharacterized protein(CG3513)	7	3	1	1	1	1	7	1	1	6	1	2	1	1	6	rna-NM_134954.2	FBgn0031559	None
N0.HOG0000777	Gene Group 6	immunity (antimicrobial)	0.2797202797202798	0.37856866966230307	n	-0.14685314685314685	0.6487957097846664	n	uncharacterized protein(CG30062)	8	1	1	5	4	5	3	1	1	4	1	2	2	1	7	rna-NM_165992.3	FBgn0050062	None
N0.HOG0000777	Gene Group 6	immunity (antimicrobial)	0.2797202797202798	0.37856866966230307	n	-0.14685314685314685	0.6487957097846664	n	Lysozyme B(LysB)	8	1	1	5	4	5	3	1	1	4	1	2	2	1	7	rna-NM_001274316.1	FBgn0004425	None
N0.HOG0000777	Gene Group 6	immunity (antimicrobial)	0.2797202797202798	0.37856866966230307	n	-0.14685314685314685	0.6487957097846664	n	Lysozyme D(LysD)	8	1	1	5	4	5	3	1	1	4	1	2	2	1	7	rna-NM_057475.3	FBgn0004427	None
N0.HOG0000777	Gene Group 6	immunity (antimicrobial)	0.2797202797202798	0.37856866966230307	n	-0.14685314685314685	0.6487957097846664	n	Lysozyme E(LysE)	8	1	1	5	4	5	3	1	1	4	1	2	2	1	7	rna-NM_057479.3	FBgn0004428	None
N0.HOG0000777	Gene Group 6	immunity (antimicrobial)	0.2797202797202798	0.37856866966230307	n	-0.14685314685314685	0.6487957097846664	n	Lysozyme E(LysE)	8	1	1	5	4	5	3	1	1	4	1	2	2	1	7	rna-NM_057479.3	FBgn0004428	None
N0.HOG0000777	Gene Group 6	immunity (antimicrobial)	0.2797202797202798	0.37856866966230307	n	-0.14685314685314685	0.6487957097846664	n	Lysozyme B(LysB)	8	1	1	5	4	5	3	1	1	4	1	2	2	1	7	rna-NM_001274316.1	FBgn0004425	None
N0.HOG0000777	Gene Group 6	immunity (antimicrobial)	0.2797202797202798	0.37856866966230307	n	-0.14685314685314685	0.6487957097846664	n	Lysozyme D(LysD)	8	1	1	5	4	5	3	1	1	4	1	2	2	1	7	rna-NM_057475.3	FBgn0004427	None
N0.HOG0000777	Gene Group 6	immunity (antimicrobial)	0.2797202797202798	0.37856866966230307	n	-0.14685314685314685	0.6487957097846664	n	Lysozyme D(LysD)	8	1	1	5	4	5	3	1	1	4	1	2	2	1	7	rna-NM_057475.3	FBgn0004427	None
N0.HOG0000777	Gene Group 6	immunity (antimicrobial)	0.2797202797202798	0.37856866966230307	n	-0.14685314685314685	0.6487957097846664	n	Lysozyme B(LysB)	8	1	1	5	4	5	3	1	1	4	1	2	2	1	7	rna-NM_001274316.1	FBgn0004425	None
N0.HOG0000777	Gene Group 6	immunity (antimicrobial)	0.2797202797202798	0.37856866966230307	n	-0.14685314685314685	0.6487957097846664	n	Lysozyme E(LysE)	8	1	1	5	4	5	3	1	1	4	1	2	2	1	7	rna-NM_057479.3	FBgn0004428	None
N0.HOG0000777	Gene Group 6	immunity (antimicrobial)	0.2797202797202798	0.37856866966230307	n	-0.14685314685314685	0.6487957097846664	n	Lysozyme S(LysS)	8	1	1	5	4	5	3	1	1	4	1	2	2	1	7	rna-NM_057481.4	FBgn0004430	None
N0.HOG0000777	Gene Group 6	immunity (antimicrobial)	0.2797202797202798	0.37856866966230307	n	-0.14685314685314685	0.6487957097846664	n	Lysozyme X(LysX)	8	1	1	5	4	5	3	1	1	4	1	2	2	1	7	rna-NM_079157.2	FBgn0004431	None
N0.HOG0000777	Gene Group 6	immunity (antimicrobial)	0.2797202797202798	0.37856866966230307	n	-0.14685314685314685	0.6487957097846664	n	Lysozyme P(LysP)	8	1	1	5	4	5	3	1	1	4	1	2	2	1	7	rna-NM_057480.5	FBgn0004429	None
N0.HOG0000777	Gene Group 6	immunity (antimicrobial)	0.2797202797202798	0.37856866966230307	n	-0.14685314685314685	0.6487957097846664	n	uncharacterized protein(CG7798)	8	1	1	5	4	5	3	1	1	4	1	2	2	1	7	rna-NM_137254.2	FBgn0034092	None
N0.HOG0000786	None	None	0.04895104895104895	0.8799185788786749	n	0.46153846153846156	0.13094806950717278	n	None	1	2	1	1	1	1	1	2	1	3	1	1	3	5	4	rna-NM_001414094.1	FBgn0259246	None
N0.HOG0000793	None	None	0.25218952860180466	0.42908344267490994	n	0.03152369107522558	0.9225248645215405	n	None	2	1	1	3	4	5	11	10	1	1	1	1	2	1	10	rna-NM_132167.3	FBgn0029948	None
N0.HOG0000793	Gene Group 26	glycolysis and early development (and other)	0.25218952860180466	0.42908344267490994	n	0.03152369107522558	0.9225248645215405	n	Chemosensory protein A 87a(CheA87a)	2	1	1	3	4	5	11	10	1	1	1	1	2	1	10	rna-NM_142023.4	FBgn0038142	None
N0.HOG0000798	Gene Group 26	glycolysis and early development (and other)	-0.2253577008652796	0.4812874129466269	n	-0.11972127858467978	0.7109318595190937	n	uncharacterized protein(CG31100)	1	1	18	1	2	2	2	1	4	2	1	1	1	1	17	rna-NM_001275466.1	FBgn0051100	None
N0.HOG0000804	None	None	0.18881118881118883	0.5567370561768314	n	0.04895104895104895	0.8799185788786749	n	None	1	2	3	1	1	1	5	1	1	1	1	2	8	1	7	rna-NM_001274375.1	FBgn0086906	None
N0.HOG0000804	None	None	0.18881118881118883	0.5567370561768314	n	0.04895104895104895	0.8799185788786749	n	None	1	2	3	1	1	1	5	1	1	1	1	2	8	1	7	rna-NM_001274375.1	FBgn0086906	None
N0.HOG0000804	None	None	0.18881118881118883	0.5567370561768314	n	0.04895104895104895	0.8799185788786749	n	None	1	2	3	1	1	1	5	1	1	1	1	2	8	1	7	rna-NM_001274375.1	FBgn0086906	None
N0.HOG0000808	None	None	-0.034965034965034975	0.9140933424107598	n	-0.0979020979020979	0.762121655996299	n	None	1	5	3	3	2	2	5	8	1	2	1	1	3	1	7	rna-NM_169438.2	FBgn0037955	None
N0.HOG0000814	Gene Group 31	chromatin organization and transcription regulation	0.1188811188811189	0.712884219214772	n	0.39860139860139865	0.19933549461780897	n	uncharacterized protein(CG10654)	1	6	4	1	2	3	1	1	5	7	1	1	2	4	6	rna-NM_001274838.1	FBgn0036294	None
N0.HOG0000817	Gene Group 36	uncharacterized	-0.06293706293706294	0.8459309212287789	n	-0.32867132867132864	0.2969041156887641	n	uncharacterized protein(CG8483)	1	7	1	6	2	9	1	2	2	2	1	3	3	1	8	rna-NM_142007.3	FBgn0038126	None
N0.HOG0000826	None	None	0.39579745461116567	0.20280764325009978	n	0.3572684988525566	0.25424587401619864	n	None	1	17	3	2	1	2	1	1	1	2	1	1	2	2	16	rna-NM_141431.2	FBgn0037465	None
N0.HOG0000827	None	None	0.4568216838015835	0.13544995826746495	n	0.4785750973159446	0.11550349090042433	n	None	1	2	2	1	1	1	1	1	2	2	9	1	7	6	8	rna-NM_168353.2	FBgn0261555	None
N0.HOG0000836	Gene Group 26	glycolysis and early development (and other)	0.1126788504326398	0.7273453279440116	n	0.37324869205811934	0.23206767137485984	n	Mitochondrial amidoxime reducing component(Marc)	1	7	4	3	1	1	1	1	4	2	1	1	2	8	7	rna-NM_136679.5	FBgn0033451	None
N0.HOG0000852	None	None	0.034965034965034975	0.9140933424107598	n	0.18881118881118883	0.5567370561768314	n	None	1	6	5	1	1	1	6	1	2	1	1	2	4	4	5	rna-NM_001144328.2	FBgn0031813	None
N0.HOG0000854	Gene Group 26	glycolysis and early development (and other)	0.08406317620060154	0.7950626235050116	n	0.1541158230344362	0.6324877788515912	n	vanin-like(vanin-like)	4	1	3	1	10	3	3	2	1	1	2	1	2	2	9	rna-NM_132069.3	FBgn0040069	None
N0.HOG0000854	Gene Group 26	glycolysis and early development (and other)	0.08406317620060154	0.7950626235050116	n	0.1541158230344362	0.6324877788515912	n	uncharacterized protein(CG32751)	4	1	3	1	10	3	3	2	1	1	2	1	2	2	9	rna-NM_001297998.1	FBgn0052751	None
N0.HOG0000854	Gene Group 26	glycolysis and early development (and other)	0.08406317620060154	0.7950626235050116	n	0.1541158230344362	0.6324877788515912	n	Biotinidase(Btnd)	4	1	3	1	10	3	3	2	1	1	2	1	2	2	9	rna-NM_132070.3	FBgn0029848	None
N0.HOG0000854	Gene Group 26	glycolysis and early development (and other)	0.08406317620060154	0.7950626235050116	n	0.1541158230344362	0.6324877788515912	n	uncharacterized protein(CG32750)	4	1	3	1	10	3	3	2	1	1	2	1	2	2	9	rna-NM_167060.3	FBgn0052750	None
N0.HOG0000859	Gene Group 26	glycolysis and early development (and other)	0.1015763379090602	0.7534340837808129	n	0.3152369107522558	0.31824499801822026	n	Osiris 16(Osi16)	1	1	2	2	5	2	2	2	3	5	2	2	2	5	4	rna-NM_169133.2	FBgn0051561	None
N0.HOG0000861	Gene Group 31	chromatin organization and transcription regulation	0.4755244755244756	0.11817595701303213	n	0.4685314685314686	0.124454791188834	n	uncharacterized protein(CG9932)	2	1	2	1	1	1	6	3	1	2	5	2	5	4	5	rna-NM_135755.3	FBgn0262160	None
N0.HOG0000861	Gene Group 31	chromatin organization and transcription regulation	0.4755244755244756	0.11817595701303213	n	0.4685314685314686	0.124454791188834	n	kumgang(kmg)	2	1	2	1	1	1	6	3	1	2	5	2	5	4	5	rna-NM_135760.1	FBgn0032473	None
N0.HOG0000862	None	None	0.2746546979295595	0.38762285059130586	n	0.521139683250959	0.08230846633904164	n	None	1	2	3	1	1	1	1	1	2	3	2	3	4	11	10	rna-NM_137654.1	FBgn0034532	None
N0.HOG0000867	Gene Group 30	pheromone sensing	-0.08391608391608392	0.7954145018538977	n	0.1328671328671329	0.6805975082860818	n	hector(hec)	1	2	1	1	2	1	2	1	2	3	1	1	4	1	3	rna-NM_132615.3	FBgn0030437	None
N0.HOG0000884	Gene Group 6	immunity (antimicrobial)	0.1398601398601399	0.6646331617926677	n	-0.09090909090909093	0.7787253962454419	n	uncharacterized protein(CG6435)	4	1	6	2	1	1	6	3	1	1	1	1	5	2	5	rna-NM_137321.3	FBgn0034165	None
N0.HOG0000884	Gene Group 6	immunity (antimicrobial)	0.1398601398601399	0.6646331617926677	n	-0.09090909090909093	0.7787253962454419	n	uncharacterized protein(CG6429)	4	1	6	2	1	1	6	3	1	1	1	1	5	2	5	rna-NM_137320.3	FBgn0046999	None
N0.HOG0000884	Gene Group 6,Gene Group 26	immunity (antimicrobial),glycolysis and early development (and other)	0.1398601398601399	0.6646331617926677	n	-0.09090909090909093	0.7787253962454419	n	uncharacterized protein(CG6421)	4	1	6	2	1	1	6	3	1	1	1	1	5	2	5	rna-NM_143791.3	FBgn0025827	None
N0.HOG0000884	Gene Group 6	immunity (antimicrobial)	0.1398601398601399	0.6646331617926677	n	-0.09090909090909093	0.7787253962454419	n	uncharacterized protein(CG6426)	4	1	6	2	1	1	6	3	1	1	1	1	5	2	5	rna-NM_137319.3	FBgn0034162	None
N0.HOG0000885	Gene Group 26	glycolysis and early development (and other)	-0.06993006993006995	0.8290236405313092	n	-0.07692307692307693	0.8121826980280591	n	Ionotropic receptor 64a(Ir64a)	1	3	5	2	5	3	1	4	2	2	2	1	3	2	4	rna-NM_139705.1	FBgn0035604	None
N0.HOG0000888	Gene Group 26	glycolysis and early development (and other)	0.22377622377622378	0.48445166145539886	n	0.31468531468531474	0.31913878550330455	n	uncharacterized protein(CG43373)	1	2	3	1	2	1	5	1	1	3	5	4	3	3	4	rna-NM_001104152.4	FBgn0263131	None
N0.HOG0000889	Gene Group 36	uncharacterized	0.06338185336835989	0.844853681587023	n	0.3943759765142393	0.20458190665795498	n	uncharacterized protein(CG15878)	1	1	1	1	2	1	1	1	1	2	6	6	2	9	8	rna-NM_139442.1	FBgn0035316	None
N0.HOG0000890	Gene Group 26	glycolysis and early development (and other)	-0.2027972027972028	0.5273023541661082	n	-0.027972027972027972	0.9312343512018808	n	uncharacterized protein(CG4020)	2	1	1	1	3	1	6	1	5	3	3	2	4	2	5	rna-NM_001272335.1	FBgn0029821	None
N0.HOG0000890	Gene Group 26	glycolysis and early development (and other)	-0.2027972027972028	0.5273023541661082	n	-0.027972027972027972	0.9312343512018808	n	Fatty acyl-CoA reductase in oenocytes(FarO)	2	1	1	1	3	1	6	1	5	3	3	2	4	2	5	rna-NM_143764.3	FBgn0023550	None
N0.HOG0000892	Gene Group 8	 immunity and sexual reproduction	-0.02816971260815995	0.9307493932264658	n	-0.30986683868975945	0.3270050102150108	n	Kaz1-ORFB(Kaz1-ORFB)	1	4	7	5	1	3	3	3	2	2	1	2	1	1	6	rna-NM_001031920.3	FBgn0063923	None
N0.HOG0000894	None	None	0.29422111670210543	0.35326505938428154	n	0.28021058733533855	0.3776981560766677	n	None	1	4	1	3	2	3	8	5	1	1	1	1	2	2	7	rna-NM_001272607.2	FBgn0030521	None
N0.HOG0000896	None	None	0.14685314685314685	0.6487957097846664	n	0.2447552447552448	0.4432619364501832	n	None	1	2	4	2	2	1	4	1	2	3	2	2	4	5	4	rna-NM_206610.5	FBgn0264598	None
N0.HOG0000902	Gene Group 26	glycolysis and early development (and other)	-0.17513161708458658	0.5861577321261827	n	-0.08756580854229329	0.7866940142086327	n	defective proboscis extension response 19(dpr19)	1	2	1	2	4	2	1	2	3	3	3	1	2	1	3	rna-NM_001273407.2	FBgn0032233	None
N0.HOG0000903	None	None	0.034965034965034975	0.9140933424107598	n	0.2867132867132868	0.36625146058358227	n	None	1	3	2	1	5	3	5	4	1	2	4	2	1	1	4	rna-NM_141179.4	FBgn0037215	None
N0.HOG0000904	None	None	0.34965034965034975	0.2652387868927897	n	0.2937062937062937	0.35414764123292175	n	None	3	2	3	3	1	2	7	3	1	4	2	1	1	2	6	rna-NM_057464.4	FBgn0283437	None
N0.HOG0000904	None	None	0.34965034965034975	0.2652387868927897	n	0.2937062937062937	0.35414764123292175	n	None	3	2	3	3	1	2	7	3	1	4	2	1	1	2	6	rna-NM_136599.4	FBgn0033367	None
N0.HOG0000904	None	None	0.34965034965034975	0.2652387868927897	n	0.2937062937062937	0.35414764123292175	n	None	3	2	3	3	1	2	7	3	1	4	2	1	1	2	6	rna-NM_080021.4	FBgn0261363	None
N0.HOG0000915	Gene Group 26	glycolysis and early development (and other)	0.5034965034965035	0.09515736659412469	n	0.2937062937062937	0.35414764123292175	n	uncharacterized protein(CG6660)	1	1	1	2	2	3	5	3	2	1	5	2	4	2	4	rna-NM_142847.2	FBgn0039030	None
N0.HOG0000916	Gene Group 26	glycolysis and early development (and other)	0.014502275676240748	0.9643208120702008	n	-0.03625568919060187	0.9109332051797949	n	uncharacterized protein(CG8112)	1	4	5	2	1	2	11	2	1	1	1	1	1	1	10	rna-NM_169235.4	FBgn0037612	None
N0.HOG0000921	None	None	0.3993000869528574	0.19847601803143652	n	0.10507897025075195	0.7451766219125175	n	None	3	2	7	5	1	1	4	3	1	1	3	2	1	1	6	rna-NM_176378.2	FBgn0053056	None
N0.HOG0000921	None	None	0.3993000869528574	0.19847601803143652	n	0.10507897025075195	0.7451766219125175	n	None	3	2	7	5	1	1	4	3	1	1	3	2	1	1	6	rna-NM_176375.2	FBgn0053054	None
N0.HOG0000921	None	None	0.3993000869528574	0.19847601803143652	n	0.10507897025075195	0.7451766219125175	n	None	3	2	7	5	1	1	4	3	1	1	3	2	1	1	6	rna-NM_001104186.3	FBgn0085290	None
N0.HOG0000926	None	None	0.09965990612387024	0.7579621900716275	n	0.1850826828014733	0.564695617691054	n	None	1	2	1	1	2	2	2	2	1	1	3	2	12	2	11	rna-NM_001298528.1	FBgn0031057	None
N0.HOG0000931	None	None	0.05800910270496299	0.8578817998209817	n	0.07976251621932409	0.805365010461281	n	None	1	1	1	1	1	1	1	1	1	1	2	1	20	1	19	rna-NM_137655.3	FBgn0250850	None
N0.HOG0000933	None	None	0.31468531468531474	0.31913878550330455	n	0.1958041958041958	0.5419358857313175	n	None	1	1	1	1	1	2	4	2	1	1	2	1	2	1	3	rna-NM_078639.3	FBgn0040207	None
N0.HOG0000940	None	None	0.10563642228059983	0.7438646724028309	n	0.1619758474969197	0.615006487406935	n	None	1	1	1	1	1	1	1	1	3	3	1	1	1	4	3	rna-NM_001298132.1	FBgn0052698	None
N0.HOG0000941	None	None	0.5359027482788349	0.07250748303033829	n	0.4903685278368424	0.10554805393017484	n	None	1	2	1	4	3	1	1	1	2	3	6	1	5	3	5	rna-NM_057661.3	FBgn0011589	None
N0.HOG0000950	Gene Group 2	protein breakdown (proteolysis)	-0.05800910270496299	0.8578817998209817	n	0.15952503243864818	0.6204381188090293	n	uncharacterized protein(CG11912)	6	6	1	1	1	2	2	2	5	10	1	1	1	1	9	rna-NM_134673.4	FBgn0031248	None
N0.HOG0000950	Gene Group 2	protein breakdown (proteolysis)	-0.05800910270496299	0.8578817998209817	n	0.15952503243864818	0.6204381188090293	n	uncharacterized protein(CG11911)	6	6	1	1	1	2	2	2	5	10	1	1	1	1	9	rna-NM_134674.2	FBgn0031249	None
N0.HOG0000950	Gene Group 2	protein breakdown (proteolysis)	-0.05800910270496299	0.8578817998209817	n	0.15952503243864818	0.6204381188090293	n	uncharacterized protein(CG33127)	6	6	1	1	1	2	2	2	5	10	1	1	1	1	9	rna-NM_175942.2	FBgn0053127	None
N0.HOG0000950	Gene Group 2	protein breakdown (proteolysis)	-0.05800910270496299	0.8578817998209817	n	0.15952503243864818	0.6204381188090293	n	Phaedra 2(Phae2)	6	6	1	1	1	2	2	2	5	10	1	1	1	1	9	rna-NM_001298942.1	FBgn0263235	None
N0.HOG0000950	Gene Group 2	protein breakdown (proteolysis)	-0.05800910270496299	0.8578817998209817	n	0.15952503243864818	0.6204381188090293	n	Phaedra 1(Phae1)	6	6	1	1	1	2	2	2	5	10	1	1	1	1	9	rna-NM_001298941.1	FBgn0263234	None
N0.HOG0000950	Gene Group 2	protein breakdown (proteolysis)	-0.05800910270496299	0.8578817998209817	n	0.15952503243864818	0.6204381188090293	n	uncharacterized protein(CG7142)	6	6	1	1	1	2	2	2	5	10	1	1	1	1	9	rna-NM_142446.4	FBgn0038595	None
N0.HOG0000960	Gene Group 26	glycolysis and early development (and other)	0.37762237762237766	0.22620604493502663	n	0.35664335664335667	0.25513775175895725	n	Acid phosphatase 1(Acph-1)	1	1	2	3	1	1	1	2	2	2	7	3	3	4	6	rna-NM_170453.2	FBgn0000032	None
N0.HOG0000985	None	None	-0.2101579405015039	0.512085328993753	n	-0.05954474980875943	0.8541546246233473	n	None	2	3	3	2	2	2	5	3	1	1	1	4	1	3	4	rna-NM_133075.3	FBgn0030932	None
N0.HOG0000985	Gene Group 26	glycolysis and early development (and other)	-0.2101579405015039	0.512085328993753	n	-0.05954474980875943	0.8541546246233473	n	uncharacterized protein(CG17636)	2	3	3	2	2	2	5	3	1	1	1	4	1	3	4	rna-NM_001258513.2	FBgn0025837	None
N0.HOG0000991	None	None	-0.14360792600936098	0.6561292074448725	n	-0.37828429290270704	0.2253267533928671	n	None	2	6	9	1	2	4	3	3	1	1	1	1	1	1	8	rna-NM_001258689.1	FBgn0030271	None
N0.HOG0000991	Gene Group 26	glycolysis and early development (and other)	-0.14360792600936098	0.6561292074448725	n	-0.37828429290270704	0.2253267533928671	n	uncharacterized protein(CG15203)	2	6	9	1	2	4	3	3	1	1	1	1	1	1	8	rna-NM_001298176.1	FBgn0030261	None
N0.HOG0001010	None	None	-0.09859399412855982	0.7604837400712293	n	-0.02816971260815995	0.9307493932264658	n	None	1	1	1	1	1	1	1	1	1	1	1	1	1	1	0	rna-NM_165772.4	FBgn0001122	None
N0.HOG0001028	Gene Group 26	glycolysis and early development (and other)	-0.10507897025075195	0.7451766219125175	n	0.3187395430939476	0.31260167621841195	n	uncharacterized protein(CG30037)	3	1	1	1	7	3	5	4	1	1	2	1	1	2	6	rna-NM_165859.4	FBgn0050037	None
N0.HOG0001028	Gene Group 26	glycolysis and early development (and other)	-0.10507897025075195	0.7451766219125175	n	0.3187395430939476	0.31260167621841195	n	uncharacterized protein(CG30036)	3	1	1	1	7	3	5	4	1	1	2	1	1	2	6	rna-NM_165858.4	FBgn0050036	None
N0.HOG0001028	Gene Group 26	glycolysis and early development (and other)	-0.10507897025075195	0.7451766219125175	n	0.3187395430939476	0.31260167621841195	n	beta1,3-galactosyltransferase 1(GalT1)	3	1	1	1	7	3	5	4	1	1	2	1	1	2	6	rna-NM_176148.2	FBgn0053145	None
N0.HOG0001030	Gene Group 1	Cytochrome P450	-0.2797202797202798	0.37856866966230307	n	-0.02097902097902098	0.9484022252365223	n	uncharacterized protein(CG13078)	2	3	1	1	4	3	3	6	3	3	2	1	1	1	5	rna-NM_136145.3	FBgn0032809	None
N0.HOG0001030	Gene Group 1	Cytochrome P450	-0.2797202797202798	0.37856866966230307	n	-0.02097902097902098	0.9484022252365223	n	uncharacterized protein(CG13077)	2	3	1	1	4	3	3	6	3	3	2	1	1	1	5	rna-NM_136146.3	FBgn0032810	None
N0.HOG0001034	None	None	0.1258741258741259	0.6966831093957659	n	0.22377622377622378	0.48445166145539886	n	None	1	3	1	1	1	1	2	1	1	1	1	1	14	4	13	rna-NM_135635.4	FBgn0250837	None
N0.HOG0001036	Gene Group 13	molting and development	0.5148307865065466	0.08675862003895493	n	0.34080347839165753	0.27834367571270824	n	uncharacterized protein(CG9512)	3	9	6	5	1	1	1	1	1	1	2	1	2	1	8	rna-NM_001298324.1	FBgn0030593	None
N0.HOG0001036	Gene Group 13	molting and development	0.5148307865065466	0.08675862003895493	n	0.34080347839165753	0.27834367571270824	n	fezzik(fiz)	3	9	6	5	1	1	1	1	1	1	2	1	2	1	8	rna-NM_001298325.1	FBgn0030594	None
N0.HOG0001036	Gene Group 13,Gene Group 26	molting and development,glycolysis and early development (and other)	0.5148307865065466	0.08675862003895493	n	0.34080347839165753	0.27834367571270824	n	Ecdysone oxidase(Eo)	3	9	6	5	1	1	1	1	1	1	2	1	2	1	8	rna-NM_132758.2	FBgn0030597	None
N0.HOG0001037	None	None	0.013986013986013986	0.9655902689187795	n	0.0979020979020979	0.762121655996299	n	None	1	2	1	1	2	1	5	1	1	1	1	1	10	5	9	rna-NM_140761.3	FBgn0036763	None
N0.HOG0001040	Gene Group 26	glycolysis and early development (and other)	0.29578198238567943	0.3505963593981538	n	0.25352741347343954	0.42655566586092764	n	uncharacterized protein(CG6867)	1	8	7	2	1	1	1	1	1	2	1	1	4	1	7	rna-NM_133034.6	FBgn0030887	None
N0.HOG0001054	None	None	-0.21678321678321683	0.49855598552418856	n	-0.2517482517482518	0.42991878503288405	n	None	1	2	3	1	2	3	5	6	1	3	1	1	2	1	5	rna-NM_078507.2	FBgn0014031	None
N0.HOG0001065	Gene Group 26	glycolysis and early development (and other)	0.4895104895104896	0.106252371759346	n	0.5314685314685316	0.07536233505348364	n	Myosin-7a binding protein(M7BP)	1	2	2	1	2	1	2	1	1	2	7	1	6	2	6	rna-NM_001259255.1	FBgn0263077	None
N0.HOG0001066	None	None	-0.12676370673671977	0.6946303258690809	n	-0.06338185336835989	0.844853681587023	n	None	2	2	8	1	3	1	3	3	1	1	1	1	2	2	7	rna-NM_134824.4	FBgn0031412	None
N0.HOG0001066	None	None	-0.12676370673671977	0.6946303258690809	n	-0.06338185336835989	0.844853681587023	n	None	2	2	8	1	3	1	3	3	1	1	1	1	2	2	7	rna-NM_134819.4	FBgn0031407	None
N0.HOG0001072	None	None	-0.1377716189242871	0.6693880133068077	n	-0.17402730811488895	0.5885588956076864	n	None	2	1	2	1	2	3	9	5	1	1	1	1	1	1	8	rna-NM_001370002.1	FBgn0051664	None
N0.HOG0001072	None	None	-0.1377716189242871	0.6693880133068077	n	-0.17402730811488895	0.5885588956076864	n	None	2	1	2	1	2	3	9	5	1	1	1	1	1	1	8	rna-NM_132199.4	FBgn0027280	None
N0.HOG0001077	Gene Group 1	Cytochrome P450	0.24653868649609267	0.43984026997998227	n	0.26829210001045384	0.3991505469046428	n	Cytochrome P450 303a1(Cyp303a1)	1	1	9	1	2	1	1	1	1	1	6	2	2	2	8	rna-NM_001299048.1	FBgn0001992	None
N0.HOG0001088	None	None	0.2377622377622378	0.4568008526399232	n	0.3076923076923077	0.3305892594121097	n	None	1	3	1	1	2	2	6	2	1	2	2	2	4	2	5	rna-NM_142481.3	FBgn0261065	None
N0.HOG0001091	None	None	-0.2610409621723334	0.41249631869094106	n	0.0	1.0	n	None	1	1	1	1	1	1	1	1	1	1	2	7	4	8	7	rna-NM_164863.3	FBgn0040070	None
N0.HOG0001094	Gene Group 26	glycolysis and early development (and other)	0.27272727272727276	0.3910967709418962	n	0.17482517482517487	0.5868236643627043	n	uncharacterized protein(CG5167)	2	4	2	3	1	3	7	2	1	1	1	1	2	1	6	rna-NM_141933.2	FBgn0038038	None
N0.HOG0001094	Gene Group 26	glycolysis and early development (and other)	0.27272727272727276	0.3910967709418962	n	0.17482517482517487	0.5868236643627043	n	uncharacterized protein(CG2604)	2	4	2	3	1	3	7	2	1	1	1	1	2	1	6	rna-NM_169030.3	FBgn0037298	None
N0.HOG0001097	Gene Group 26	glycolysis and early development (and other)	0.1996500434764287	0.5338670484331346	n	0.3817869252443987	0.22070801550440275	n	golden goal(gogo)	1	2	2	1	1	2	1	1	6	2	4	2	2	4	5	rna-NM_140943.3	FBgn0052227	None
N0.HOG0001098	None	None	0.41331061631962435	0.1817214774016019	n	0.48686589549515064	0.10844282195191488	n	None	1	3	1	7	4	1	3	1	1	1	3	2	2	2	6	rna-NM_001299469.1	FBgn0033887	None
N0.HOG0001099	None	None	0.3844024950492138	0.21729649021825165	n	0.38796177741078064	0.21270554169981246	n	None	1	1	1	1	1	1	1	1	1	6	4	3	5	4	5	rna-NM_141151.3	FBgn0037181	None
N0.HOG0001100	Gene Group 26	glycolysis and early development (and other)	-0.18881118881118883	0.5567370561768314	n	-0.055944055944055944	0.8628980736949712	n	Ionotropic receptor 92a(Ir92a)	2	2	1	1	4	2	1	2	2	2	2	2	6	2	5	rna-NM_001104375.2	FBgn0038789	None
N0.HOG0001100	Gene Group 26,Gene Group 30	glycolysis and early development (and other),pheromone sensing	-0.18881118881118883	0.5567370561768314	n	-0.055944055944055944	0.8628980736949712	n	Ionotropic receptor 76a(Ir76a)	2	2	1	1	4	2	1	2	2	2	2	2	6	2	5	rna-NM_001104177.3	FBgn0260874	None
N0.HOG0001108	Gene Group 24	Cuticular protein	0.07042428152039987	0.827831199192635	n	-0.07042428152039987	0.827831199192635	n	Cuticular protein 65Ea(Cpr65Ea)	1	2	11	1	1	2	2	1	2	4	1	1	1	1	10	rna-NM_139818.3	FBgn0035735	None
N0.HOG0001112	Gene Group 26,Gene Group 30	glycolysis and early development (and other),pheromone sensing	-0.10489510489510491	0.7456094809807079	n	-0.17482517482517487	0.5868236643627043	n	methuselah-like 15(mthl15)	1	2	1	3	2	1	2	6	1	4	3	2	2	1	5	rna-NM_164897.3	FBgn0051720	None
N0.HOG0001114	None	None	0.3916083916083916	0.2080634636953532	n	0.11188811188811189	0.729194990751066	n	None	1	1	3	3	1	1	1	2	1	3	6	4	2	2	5	rna-NM_001273103.1	FBgn0053196	None
N0.HOG0001114	None	None	0.3916083916083916	0.2080634636953532	n	0.11188811188811189	0.729194990751066	n	None	1	1	3	3	1	1	1	2	1	3	6	4	2	2	5	rna-NM_001273103.1	FBgn0053196	None
N0.HOG0001127	None	None	0.2183152727132396	0.49545035953231165	n	0.2253577008652796	0.4812874129466269	n	None	1	2	2	2	2	2	8	2	1	2	3	1	1	1	7	rna-NM_166514.2	FBgn0000008	None
N0.HOG0001134	None	None	0.4125874125874127	0.18256397857316675	n	0.21678321678321683	0.49855598552418856	n	None	1	2	4	1	2	2	1	1	2	1	4	1	6	2	5	rna-NM_001260086.3	FBgn0053208	None
N0.HOG0001145	Gene Group 36	uncharacterized	0.5664335664335665	0.054842119775407844	n	0.5174825174825175	0.08486877113393493	n	uncharacterized protein(CG15824)	1	2	4	2	1	1	3	1	1	1	9	1	1	2	8	rna-NM_001298626.1	FBgn0031292	None
N0.HOG0001167	Gene Group 2	protein breakdown (proteolysis)	-0.07746670967243986	0.81087645719889	n	-0.08450913782447984	0.7939959959092632	n	uncharacterized protein(CG16998)	1	1	2	10	1	1	1	1	3	1	2	4	1	5	9	rna-NM_139877.1	FBgn0035795	None
N0.HOG0001170	None	None	-0.02097902097902098	0.9484022252365223	n	-0.2027972027972028	0.5273023541661082	n	None	1	2	1	2	1	3	1	3	2	4	3	3	5	1	4	rna-NM_140010.2	FBgn0035941	None
N0.HOG0001191	None	None	-0.3846153846153847	0.21702022575997748	n	-0.4265734265734266	0.16669998762494495	n	None	1	1	1	4	3	2	9	1	4	1	1	3	1	1	8	rna-NM_001300338.1	FBgn0037788	None
N0.HOG0001194	Gene Group 15	chitin-related	0.029004551352481495	0.9287016154017113	n	-0.007251137838120374	0.9821566539187246	n	uncharacterized protein(CG13806)	3	5	6	1	2	3	7	3	1	1	1	1	1	1	6	rna-NM_139451.2	FBgn0035325	None
N0.HOG0001194	Gene Group 15	chitin-related	0.029004551352481495	0.9287016154017113	n	-0.007251137838120374	0.9821566539187246	n	uncharacterized protein(CG32302)	3	5	6	1	2	3	7	3	1	1	1	1	1	1	6	rna-NM_167944.3	FBgn0052302	None
N0.HOG0001194	Gene Group 15	chitin-related	0.029004551352481495	0.9287016154017113	n	-0.007251137838120374	0.9821566539187246	n	obstructor-I(obst-I)	3	5	6	1	2	3	7	3	1	1	1	1	1	1	6	rna-NM_167943.3	FBgn0052304	None
N0.HOG0001206	Gene Group 22	transcription regulation	0.5384615384615385	0.07089431754922315	n	0.6153846153846154	0.03316990109010587	n	hinge1(hng1)	1	1	5	1	1	1	2	1	1	1	15	1	1	3	14	rna-NM_137714.4	FBgn0034599	None
N0.HOG0001213	Gene Group 33	mitochondrial translation	0.17482517482517487	0.5868236643627043	n	0.25874125874125875	0.41677476889913834	n	mitochondrial translation elongation factor Tu 1(mEFTu1)	1	1	1	1	1	1	3	1	1	2	1	1	11	3	10	rna-NM_001169673.2	FBgn0024556	None
N0.HOG0001218	None	None	0.24203120058654198	0.44851277797292655	n	0.25982761239437596	0.4147509440053514	n	None	1	1	1	1	1	1	1	1	3	1	5	1	10	1	9	rna-NM_143496.4	FBgn0039727	None
N0.HOG0001223	None	None	0.006993006993006993	0.9827917689028476	n	0.37762237762237766	0.22620604493502663	n	None	1	1	1	1	1	1	2	1	3	1	1	1	1	1	2	rna-NM_001042904.4	FBgn0023096	None
N0.HOG0001225	None	None	-0.2676122697775195	0.40039240027539647	n	-0.2746546979295595	0.38762285059130586	n	None	1	1	7	1	1	1	1	1	5	1	2	2	3	2	6	rna-NM_001260223.1	FBgn0025456	None
N0.HOG0001234	None	None	0.44833693973654165	0.14379811749123733	n	0.2206658375265791	0.4907024914340439	n	None	1	1	7	2	1	2	5	2	1	2	2	1	1	1	6	rna-NM_167063.3	FBgn0040918	None
N0.HOG0001236	None	None	0.021015794050150385	0.9483118884972519	n	0.15061319069274445	0.6403345250750125	n	None	1	1	1	1	3	4	1	2	1	1	2	3	2	6	5	rna-NM_134661.2	FBgn0031235	None
N0.HOG0001241	None	None	0.37762237762237766	0.22620604493502663	n	0.10489510489510491	0.7456094809807079	n	None	2	2	4	2	1	2	4	1	2	1	4	2	2	1	3	rna-NM_130600.2	FBgn0029594	None
N0.HOG0001241	None	None	0.37762237762237766	0.22620604493502663	n	0.10489510489510491	0.7456094809807079	n	None	2	2	4	2	1	2	4	1	2	1	4	2	2	1	3	rna-NM_140094.2	FBgn0036036	None
N0.HOG0001253	None	None	-0.4055944055944056	0.19083587400450033	n	-0.30069930069930073	0.34225952894002465	n	None	1	1	2	1	3	1	7	4	1	2	1	3	1	1	6	rna-NM_141439.3	FBgn0051248	None
N0.HOG0001260	None	None	0.31690926684179943	0.31554360361640527	n	0.3239516949938394	0.3043074354691464	n	None	2	2	3	3	1	1	1	1	2	1	2	1	2	7	6	rna-NM_079579.3	FBgn0024957	None
N0.HOG0001260	None	None	0.31690926684179943	0.31554360361640527	n	0.3239516949938394	0.3043074354691464	n	None	2	2	3	3	1	1	1	1	2	1	2	1	2	7	6	rna-NM_058023.5	FBgn0024958	None
N0.HOG0001270	None	None	-0.31690926684179943	0.31554360361640527	n	0.04225456891223992	0.8962612978961098	n	None	2	6	3	1	6	4	2	4	2	1	1	1	1	1	5	rna-NM_132388.4	FBgn0030189	None
N0.HOG0001270	None	None	-0.31690926684179943	0.31554360361640527	n	0.04225456891223992	0.8962612978961098	n	None	2	6	3	1	6	4	2	4	2	1	1	1	1	1	5	rna-NM_131938.2	FBgn0029710	None
N0.HOG0001272	Gene Group 25	uncharacterized	-0.1258741258741259	0.6966831093957659	n	-0.1258741258741259	0.6966831093957659	n	uncharacterized protein(CG12560)	4	4	1	6	3	3	4	3	1	1	1	1	1	1	5	rna-NM_135329.2	FBgn0031974	None
N0.HOG0001272	Gene Group 25	uncharacterized	-0.1258741258741259	0.6966831093957659	n	-0.1258741258741259	0.6966831093957659	n	uncharacterized protein(CG17681)	4	4	1	6	3	3	4	3	1	1	1	1	1	1	5	rna-NM_165244.3	FBgn0032668	None
N0.HOG0001272	Gene Group 25	uncharacterized	-0.1258741258741259	0.6966831093957659	n	-0.1258741258741259	0.6966831093957659	n	uncharacterized protein(CG5783)	4	4	1	6	3	3	4	3	1	1	1	1	1	1	5	rna-NM_136025.1	FBgn0032670	None
N0.HOG0001272	Gene Group 25	uncharacterized	-0.1258741258741259	0.6966831093957659	n	-0.1258741258741259	0.6966831093957659	n	uncharacterized protein(CG15155)	4	4	1	6	3	3	4	3	1	1	1	1	1	1	5	rna-NM_136024.4	FBgn0032669	None
N0.HOG0001274	Gene Group 22	transcription regulation	0.19614741113473694	0.5412137259515317	n	0.43082377802808297	0.16205750617523712	n	uncharacterized protein(CG7745)	1	1	1	1	1	1	2	1	1	1	1	1	1	1	1	rna-NM_136827.4	FBgn0033616	None
N0.HOG0001280	None	None	0.3216783216783217	0.30790987618065263	n	0.3216783216783217	0.30790987618065263	n	None	1	4	3	5	1	1	11	1	1	1	1	1	1	3	10	rna-NM_137360.2	FBgn0034210	None
N0.HOG0001283	Gene Group 31	chromatin organization and transcription regulation	-0.1328671328671329	0.6805975082860818	n	-0.08391608391608392	0.7954145018538977	n	Enhancer of variegation 3-9(E(var)3-9)	1	1	1	1	4	2	10	2	1	2	2	2	2	1	9	rna-NM_141595.3	FBgn0260243	None
N0.HOG0001294	None	None	-0.16677617027676858	0.6044191985316112	n	0.0	1.0	n	None	1	3	2	1	1	1	3	5	1	1	1	1	1	1	4	rna-NM_139504.3	FBgn0035390	None
N0.HOG0001295	None	None	0.049036852783684234	0.8797094411808868	n	-0.03152369107522558	0.9225248645215405	n	None	1	1	4	1	1	1	1	2	2	1	9	1	1	1	8	rna-NM_134496.3	FBgn0031052	None
N0.HOG0001299	None	None	0.2937062937062937	0.35414764123292175	n	0.5174825174825175	0.08486877113393493	n	None	1	8	2	2	1	1	2	2	1	3	1	1	1	2	7	rna-NM_167365.1	FBgn0030478	None
N0.HOG0001311	Gene Group 26	glycolysis and early development (and other)	0.01751316170845866	0.9569188239005484	n	0.06304738215045116	0.8456637160508921	n	uncharacterized protein(CG5002)	2	1	5	1	4	3	2	2	1	1	1	1	1	3	4	rna-NM_137418.3	FBgn0034275	None
N0.HOG0001311	Gene Group 26	glycolysis and early development (and other)	0.01751316170845866	0.9569188239005484	n	0.06304738215045116	0.8456637160508921	n	uncharacterized protein(CG7912)	2	1	5	1	4	3	2	2	1	1	1	1	1	3	4	rna-NM_143504.3	FBgn0039736	None
N0.HOG0001324	None	None	0.3132168478178779	0.3215249574768022	n	0.13525272973953817	0.67513751307536	n	None	1	3	6	1	1	1	1	1	1	1	4	2	4	2	5	rna-NM_132945.3	FBgn0030799	None
N0.HOG0001328	None	None	0.2392875486579723	0.4538312350261742	n	0.5148307865065466	0.08675862003895493	n	None	1	2	2	1	1	1	1	1	1	1	2	1	1	12	11	rna-NM_001273755.1	FBgn0261802	None
N0.HOG0001351	Gene Group 2	protein breakdown (proteolysis)	-0.2527090476712424	0.42810100436041054	n	0.07118564723133589	0.825994817969491	n	hayan(Hayan)	2	1	1	1	7	1	6	2	1	2	1	1	1	1	6	rna-NM_001103550.2	FBgn0030925	None
N0.HOG0001351	Gene Group 2	protein breakdown (proteolysis)	-0.2527090476712424	0.42810100436041054	n	0.07118564723133589	0.825994817969491	n	persephone(psh)	2	1	1	1	7	1	6	2	1	2	1	1	1	1	6	rna-NM_133069.2	FBgn0030926	None
N0.HOG0001378	None	None	0.2206658375265791	0.4907024914340439	n	0.44833693973654165	0.14379811749123733	n	None	1	1	2	1	2	1	1	1	1	4	2	1	1	8	7	rna-NM_001273974.1	FBgn0013756	None
N0.HOG0001379	Gene Group 31	chromatin organization and transcription regulation	0.7189750370364925	0.008413264231901082	n	0.7901606842678284	0.0022255407179782834	n	uncharacterized protein(CG13775)	1	1	1	2	1	1	1	1	1	1	17	1	2	4	16	rna-NM_001298765.1	FBgn0031874	None
N0.HOG0001388	None	None	0.48582623515406503	0.10931209150022679	n	0.09426479189556485	0.7707468015755511	n	None	1	3	10	3	1	1	1	1	1	1	2	1	1	1	9	rna-NM_166683.2	FBgn0035049	None
N0.HOG0001396	Gene Group 36	uncharacterized	0.2633868947559428	0.40815452366975424	n	0.5837223072969543	0.046302544719796064	n	uncharacterized protein(CG46025)	1	2	1	1	1	1	1	1	1	1	3	2	2	9	8	rna-NM_001316384.1	FBgn0267689	None
N0.HOG0001403	Gene Group 30	pheromone sensing	-0.02112728445611996	0.9480380045464691	n	0.13380613488875975	0.6784466863299407	n	Dopamine 2-like receptor(Dop2R)	1	2	2	2	2	1	1	1	5	1	4	1	3	1	4	rna-NM_001014758.3	FBgn0053517	None
N0.HOG0001411	Gene Group 14	heat stress and neurological	-0.38796177741078064	0.21270554169981246	n	-0.13525272973953817	0.67513751307536	n	uncharacterized protein(CG15712)	2	1	1	1	6	2	4	7	1	1	1	1	1	1	6	rna-NM_137287.2	FBgn0034131	None
N0.HOG0001411	Gene Group 14,Gene Group 26	heat stress and neurological,glycolysis and early development (and other)	-0.38796177741078064	0.21270554169981246	n	-0.13525272973953817	0.67513751307536	n	jetboil(jtb)	2	1	1	1	6	2	4	7	1	1	1	1	1	1	6	rna-NM_137282.3	FBgn0034126	None
N0.HOG0001419	Gene Group 19	uncharacterized	-0.1258741258741259	0.6966831093957659	n	-0.06993006993006995	0.8290236405313092	n	uncharacterized protein(CG31826)	1	17	2	1	1	1	1	1	1	1	1	1	1	1	16	rna-NM_165131.3	FBgn0051826	None
N0.HOG0001420	None	None	-0.05694851778506871	0.860457510377353	n	0.19576052988617368	0.5420277922098978	n	None	1	8	1	1	1	1	3	3	1	3	1	1	1	1	7	rna-NM_138135.2	FBgn0060296	None
N0.HOG0001429	None	None	0.1541158230344362	0.6324877788515912	n	0.1015763379090602	0.7534340837808129	n	None	1	1	1	1	1	1	1	1	1	1	1	1	15	1	14	rna-NM_141631.3	FBgn0037687	None
N0.HOG0001439	None	None	0.09155156597651984	0.7771962894578055	n	0.06338185336835989	0.844853681587023	n	None	1	1	1	1	2	2	1	1	1	1	3	1	6	5	5	rna-NM_164709.4	FBgn0031857	None
N0.HOG0001439	None	None	0.09155156597651984	0.7771962894578055	n	0.06338185336835989	0.844853681587023	n	None	1	1	1	1	2	2	1	1	1	1	3	1	6	5	5	rna-NM_164709.4	FBgn0031857	None
N0.HOG0001442	None	None	0.02097902097902098	0.9484022252365223	n	0.06993006993006995	0.8290236405313092	n	None	1	1	5	1	1	1	1	1	3	1	2	1	2	4	4	rna-NM_176367.3	FBgn0265959	None
N0.HOG0001445	Gene Group 30	pheromone sensing	0.5314685314685316	0.07536233505348364	n	0.43356643356643365	0.1591057694121953	n	muscarinic Acetylcholine Receptor, A-type(mAChR-A)	1	2	4	1	1	1	2	1	1	3	5	1	2	2	4	rna-NM_079120.3	FBgn0000037	None
N0.HOG0001474	Gene Group 29	microtubule	-0.29186115364847715	0.3573204374373701	n	-0.1316934473779714	0.683288954948474	n	Kinesin-like protein at 61F(Klp61F)	2	2	1	1	4	7	1	1	2	1	1	1	1	1	6	rna-NM_057470.5	FBgn0004378	None
N0.HOG0001474	Gene Group 29	microtubule	-0.29186115364847715	0.3573204374373701	n	-0.1316934473779714	0.683288954948474	n	uncharacterized protein(CG32318)	2	2	1	1	4	7	1	1	2	1	1	1	1	1	6	rna-NM_206230.3	FBgn0052318	None
N0.HOG0001474	Gene Group 29	microtubule	-0.29186115364847715	0.3573204374373701	n	-0.1316934473779714	0.683288954948474	n	uncharacterized protein(CG32318)	2	2	1	1	4	7	1	1	2	1	1	1	1	1	6	rna-NM_206230.3	FBgn0052318	None
N0.HOG0001474	Gene Group 29	microtubule	-0.29186115364847715	0.3573204374373701	n	-0.1316934473779714	0.683288954948474	n	Kinesin-like protein at 61F(Klp61F)	2	2	1	1	4	7	1	1	2	1	1	1	1	1	6	rna-NM_057470.5	FBgn0004378	None
N0.HOG0001487	Gene Group 26	glycolysis and early development (and other)	0.10489510489510491	0.7456094809807079	n	0.46153846153846156	0.13094806950717278	n	uncharacterized protein(CG17364)	1	1	1	1	2	1	1	2	5	1	5	1	1	3	4	rna-NM_176328.3	FBgn0036391	None
N0.HOG0001492	None	None	0.41999531866488177	0.17404880649770288	n	0.5160959424271852	0.085853443578498	n	None	1	12	5	1	1	1	1	1	1	1	1	1	1	1	11	rna-NM_001298095.2	FBgn0030057	None
N0.HOG0001501	Gene Group 30	pheromone sensing	0.027972027972027972	0.9312343512018808	n	0.3076923076923077	0.3305892594121097	n	Adipokinetic hormone receptor(AkhR)	1	1	1	1	4	2	4	2	3	1	3	1	1	2	3	rna-NM_205917.3	FBgn0025595	None
N0.HOG0001502	None	None	0.07042428152039987	0.827831199192635	n	0.1126788504326398	0.7273453279440116	n	None	1	1	1	1	2	1	1	8	1	1	2	1	3	3	7	rna-NM_001298265.1	FBgn0030460	None
N0.HOG0001504	None	None	0.11389703557013742	0.7244984151913487	n	0.29186115364847715	0.3573204374373701	n	None	1	7	1	1	1	1	1	1	1	1	2	1	7	6	6	rna-NM_145338.2	FBgn0034460	None
N0.HOG0001529	None	None	0.2027972027972028	0.5273023541661082	n	-0.1258741258741259	0.6966831093957659	n	None	2	1	2	1	1	1	1	1	1	1	1	1	2	1	1	rna-NM_137394.2	FBgn0034251	None
N0.HOG0001529	None	None	0.2027972027972028	0.5273023541661082	n	-0.1258741258741259	0.6966831093957659	n	None	2	1	2	1	1	1	1	1	1	1	1	1	2	1	1	rna-NM_166086.1	FBgn0034007	None
N0.HOG0001557	None	None	-0.28721585201872196	0.3653744519387	n	-0.33625270480240615	0.28522608724863086	n	None	1	1	4	1	2	1	1	5	1	1	2	3	1	1	4	rna-NM_001014589.4	FBgn0261872	None
N0.HOG0001561	None	None	0.570436680315239	0.05277409602042297	n	0.3521214076019994	0.26164342813511765	n	None	1	1	2	1	1	1	1	1	1	1	4	2	7	2	6	rna-NM_001414086.1	FBgn0284408	None
N0.HOG0001569	Gene Group 35	RNA polymerase II transcription regulation	-0.5954474980875943	0.041074783467649034	n	-0.6164632921377448	0.0327760380837606	n	caudal(cad)	1	2	2	1	1	2	1	2	5	1	1	2	3	1	4	rna-NM_001273712.1	FBgn0000251	None
N0.HOG0001574	Gene Group 33	mitochondrial translation	0.1398601398601399	0.6646331617926677	n	-0.006993006993006993	0.9827917689028476	n	mitochondrial translation elongation factor G 1(mEFG1)	1	1	2	2	2	1	2	1	1	1	1	1	5	4	4	rna-NM_135261.2	FBgn0263133	None
N0.HOG0001579	None	None	0.4057581892186145	0.19063953591847155	n	0.45558814228054967	0.13664363190657736	n	None	1	2	1	1	1	1	1	1	1	1	5	1	5	3	4	rna-NM_205948.3	FBgn0032136	None
N0.HOG0001592	None	None	0.44055944055944063	0.15173503571673022	n	0.3216783216783217	0.30790987618065263	n	None	1	1	1	1	1	1	2	1	1	1	5	2	5	3	4	rna-NM_001274969.1	FBgn0264908	None
N0.HOG0001600	None	None	0.2867132867132868	0.36625146058358227	n	0.5664335664335665	0.054842119775407844	n	None	1	1	1	1	2	1	2	1	1	2	2	1	1	8	7	rna-NM_136836.3	FBgn0033628	None
N0.HOG0001604	None	None	0.04982995306193512	0.8777766794108113	n	0.15660842390893895	0.6269248019462761	n	None	1	1	1	1	1	1	3	2	2	2	6	1	1	1	5	rna-NM_001259532.2	FBgn0034728	None
N0.HOG0001652	None	None	-0.2183152727132396	0.49545035953231165	n	-0.3239516949938394	0.3043074354691464	n	None	1	1	2	1	1	1	2	9	1	1	2	1	1	1	8	rna-NM_001299051.1	FBgn0028841	None
N0.HOG0001655	None	None	0.54641064530391	0.06604060406823514	n	0.5639238070123688	0.05616717538739797	n	None	1	2	1	1	1	2	2	1	1	2	8	1	1	1	7	rna-NM_001170195.3	FBgn0004107	None
N0.HOG0001692	Gene Group 32	transcription regulation	0.2183152727132396	0.49545035953231165	n	0.20423041640915962	0.5243243274359985	n	uncharacterized protein(CG10948)	1	2	1	2	1	1	1	3	1	1	7	1	1	1	6	rna-NM_168524.2	FBgn0036317	None
N0.HOG0001693	None	None	0.28873955423363945	0.36272223973310513	n	0.28873955423363945	0.36272223973310513	n	None	1	1	1	1	1	1	6	1	1	2	3	2	2	2	5	rna-NM_134918.4	FBgn0031518	None
N0.HOG0001703	Gene Group 2	protein breakdown (proteolysis)	-0.16783216783216784	0.602099427786538	n	0.006993006993006993	0.9827917689028476	n	uncharacterized protein(CG9953)	1	4	1	1	1	1	2	1	4	2	1	1	3	1	3	rna-NM_139810.3	FBgn0035726	None
N0.HOG0001708	None	None	0.20901052190517005	0.5144446616196205	n	0.14556089918395773	0.6517125235441018	n	None	1	1	2	1	1	1	1	1	1	1	10	1	1	1	9	rna-NM_170061.3	FBgn0039066	None
N0.HOG0001716	None	None	0.09254134140073665	0.7748420204627596	n	-0.17440483571677293	0.5877375856990321	n	None	1	1	8	1	1	3	1	1	1	2	1	1	1	1	7	rna-NM_142904.4	FBgn0039094	None
N0.HOG0001719	Gene Group 26	glycolysis and early development (and other)	0.028021058733533853	0.9311140674192737	n	0.4098079839779326	0.18582449084404484	n	uncoordinated 80(unc80)	1	1	1	1	2	1	1	2	1	1	2	1	2	7	6	rna-NM_001276095.1	FBgn0039536	None
N0.HOG0001747	Gene Group 32	transcription regulation	0.2491497653096756	0.43485380702768006	n	0.37728393032608015	0.22665643326935325	n	Insulator su(Hw) mRNA adaptor(Isha)	1	2	3	1	1	1	1	1	1	1	1	1	2	7	6	rna-NM_001103924.2	FBgn0034598	None
N0.HOG0001752	None	None	0.10507897025075195	0.7451766219125175	n	0.08756580854229329	0.7866940142086327	n	None	2	1	1	1	1	1	1	1	1	1	1	1	3	1	2	rna-NM_135812.2	FBgn0032525	None
N0.HOG0001752	None	None	0.10507897025075195	0.7451766219125175	n	0.08756580854229329	0.7866940142086327	n	None	2	1	1	1	1	1	1	1	1	1	1	1	3	1	2	rna-NM_080186.4	FBgn0011244	None
N0.HOG0001763	None	None	0.3636363636363637	0.2452650007307772	n	0.6853146853146854	0.013905968814362752	n	None	2	1	1	1	1	1	1	1	1	2	1	1	1	2	1	rna-NM_140358.2	FBgn0036327	None
N0.HOG0001763	None	None	0.3636363636363637	0.2452650007307772	n	0.6853146853146854	0.013905968814362752	n	None	2	1	1	1	1	1	1	1	1	2	1	1	1	2	1	rna-NM_140359.2	FBgn0036328	None
N0.HOG0001765	None	None	0.1885295837911297	0.5573365380454538	n	0.47132395947782424	0.1219218933169533	n	None	1	1	1	1	1	1	1	1	1	1	1	1	1	11	10	rna-NM_135651.3	FBgn0032348	None
N0.HOG0001774	Gene Group 26	glycolysis and early development (and other)	0.10823759170089164	0.7377511951161495	n	-0.20154586040855682	0.529908390325752	n	uncharacterized protein(CG11149)	1	1	2	1	1	4	1	1	1	1	1	1	1	1	3	rna-NM_135108.3	FBgn0031732	None
N0.HOG0001781	Gene Group 26	glycolysis and early development (and other)	0.29071848436041375	0.3592928176714778	n	0.38528955758609046	0.21614675953998513	n	uncharacterized protein(CG3603)	1	1	2	1	2	1	1	1	1	2	1	1	4	5	4	rna-NM_001272270.1	FBgn0029648	None
N0.HOG0001786	Gene Group 31	chromatin organization and transcription regulation	0.4155032609703593	0.17918196554757054	n	0.6690306744437988	0.01735219250540726	n	uncharacterized protein(CG1024)	1	3	1	1	2	1	1	1	1	1	5	1	4	3	4	rna-NM_001144542.2	FBgn0027514	None
N0.HOG0001793	None	None	0.16783216783216784	0.602099427786538	n	0.5384615384615385	0.07089431754922315	n	None	1	4	1	1	2	1	2	1	1	4	1	1	1	3	3	rna-NM_057967.5	FBgn0023171	None
N0.HOG0001798	Gene Group 31	chromatin organization and transcription regulation	-0.1619758474969197	0.615006487406935	n	-0.36620626390607935	0.24169426770328267	n	uncharacterized protein(CG10631)	1	1	3	4	1	1	1	1	1	1	1	9	2	2	8	rna-NM_136154.2	FBgn0032817	None
N0.HOG0001838	None	None	0.30986683868975945	0.3270050102150108	n	0.4788851143387191	0.11523415616227106	n	None	1	1	2	1	1	1	1	1	3	1	3	1	1	5	4	rna-NM_164453.4	FBgn0004507	None
N0.HOG0001850	Gene Group 26	glycolysis and early development (and other)	0.14948985918580535	0.6428582844892912	n	0.28474258892534354	0.36970108096762055	n	prage(prage)	1	1	1	1	1	1	5	2	1	1	7	1	1	1	6	rna-NM_001258552.1	FBgn0283741	None
N0.HOG0001856	Gene Group 26,Gene Group 36	glycolysis and early development (and other),uncharacterized	-0.1958041958041958	0.5419358857313175	n	0.04895104895104895	0.8799185788786749	n	uncharacterized protein(CG42390)	1	1	2	1	2	2	1	1	5	1	1	1	1	3	4	rna-NM_001382087.1	FBgn0259736	None
N0.HOG0001891	None	None	0.35592823615667946	0.25616023692406037	n	0.3167761301794447	0.315758197187108	n	None	1	1	1	6	1	1	1	1	1	1	5	3	1	4	5	rna-NM_140599.3	FBgn0036588	None
N0.HOG0001904	None	None	0.30069930069930073	0.34225952894002465	n	0.44055944055944063	0.15173503571673022	n	None	1	1	1	2	1	1	2	1	2	1	1	1	1	7	6	rna-NM_079617.3	FBgn0038118	None
N0.HOG0001910	None	None	0.05800910270496299	0.8578817998209817	n	0.07976251621932409	0.805365010461281	n	None	2	1	1	1	1	1	1	1	1	1	2	3	10	6	9	rna-NM_168028.2	FBgn0052268	None
N0.HOG0001910	None	None	0.05800910270496299	0.8578817998209817	n	0.07976251621932409	0.805365010461281	n	None	2	1	1	1	1	1	1	1	1	1	2	3	10	6	9	rna-NM_139546.3	FBgn0035434	None
N0.HOG0001918	None	None	0.20665530815981217	0.5193022970166132	n	0.22416846986827083	0.4836659657010076	n	None	1	1	3	1	2	3	1	1	1	1	1	1	2	4	3	rna-NM_001299459.1	FBgn0033845	None
N0.HOG0001925	Gene Group 26	glycolysis and early development (and other)	0.40846083281831924	0.18741773178386253	n	0.7112852433560386	0.009491918077715033	n	uncharacterized protein(CG6184)	1	1	1	1	2	1	1	1	2	1	6	1	1	3	5	rna-NM_169870.2	FBgn0038725	None
N0.HOG0001927	None	None	0.034965034965034975	0.9140933424107598	n	0.1188811188811189	0.712884219214772	n	None	2	2	1	1	4	2	3	1	1	1	1	1	3	1	3	rna-NM_137993.4	FBgn0003401	None
N0.HOG0001927	None	None	0.034965034965034975	0.9140933424107598	n	0.1188811188811189	0.712884219214772	n	None	2	2	1	1	4	2	3	1	1	1	1	1	3	1	3	rna-NM_166054.2	FBgn0050075	None
N0.HOG0001928	Gene Group 26	glycolysis and early development (and other)	0.07042428152039987	0.827831199192635	n	0.4295881172744393	0.1633986208085632	n	uncharacterized protein(CG13698)	1	1	1	1	2	1	1	1	4	1	3	1	1	4	3	rna-NM_140770.3	FBgn0036773	None
N0.HOG0001933	None	None	-0.03915210597723474	0.9038457694604445	n	0.03915210597723474	0.9038457694604445	n	None	1	1	1	1	2	1	1	1	1	1	1	1	8	2	7	rna-NM_165487.4	FBgn0027066	None
N0.HOG0001973	None	None	-0.14816194208498978	0.6458461551589187	n	0.0	1.0	n	None	1	1	1	1	1	1	1	1	1	10	1	1	1	1	9	rna-NM_141445.3	FBgn0037481	None
N0.HOG0001999	Gene Group 33	mitochondrial translation	0.1328671328671329	0.6805975082860818	n	0.0	1.0	n	waclaw(waw)	1	1	2	1	1	1	5	1	1	1	1	1	3	2	4	rna-NM_001031918.2	FBgn0024182	None
N0.HOG0002009	None	None	0.06293706293706294	0.8459309212287789	n	0.3216783216783217	0.30790987618065263	n	None	1	1	1	1	2	1	2	1	3	2	2	1	1	4	3	rna-NM_058149.4	FBgn0001075	None
N0.HOG0002010	None	None	-0.0640670825082023	0.8431946004212494	n	0.2491497653096756	0.43485380702768006	n	None	1	8	2	1	1	1	1	1	1	2	1	2	1	1	7	rna-NM_134535.3	FBgn0031098	None
N0.HOG0002028	None	None	0.3167761301794447	0.315758197187108	n	0.38796177741078064	0.21270554169981246	n	None	1	1	1	1	2	1	1	1	1	1	4	1	5	1	4	rna-NM_164909.2	FBgn0032210	None
N0.HOG0002037	None	None	0.5034965034965035	0.09515736659412469	n	0.5454545454545455	0.06661188226688902	n	None	2	1	1	2	1	1	1	1	2	1	6	1	1	3	5	rna-NM_137868.2	FBgn0050268	None
N0.HOG0002037	None	None	0.5034965034965035	0.09515736659412469	n	0.5454545454545455	0.06661188226688902	n	None	2	1	1	2	1	1	1	1	2	1	6	1	1	3	5	rna-NM_176250.4	FBgn0050275	None
N0.HOG0002040	None	None	0.7272727272727274	0.007355028857805126	n	0.6433566433566434	0.024003191200713644	n	None	1	1	4	2	1	1	1	1	1	1	4	1	1	3	3	rna-NM_001259470.2	FBgn0263029	None
N0.HOG0002042	None	None	0.3873335483621993	0.2135115526743914	n	0.612691249227479	0.03416813855342598	n	None	1	3	1	1	1	1	1	1	1	1	2	1	2	6	5	rna-NM_001297997.1	FBgn0029843	None
N0.HOG0002051	None	None	0.24168163157672948	0.4491887440384277	n	0.44833693973654165	0.14379811749123733	n	None	1	1	1	2	1	1	2	2	1	1	1	1	1	7	6	rna-NM_001038984.3	FBgn0039544	None
N0.HOG0002086	None	None	0.3846153846153847	0.21702022575997748	n	0.3636363636363637	0.2452650007307772	n	None	1	1	1	1	1	1	1	1	1	1	1	1	1	2	1	rna-NM_001259999.2	FBgn0013576	None
N0.HOG0002091	None	None	0.09106844088398502	0.7783460719179525	n	0.2767079549936468	0.3839396014534967	n	None	1	1	1	1	1	1	8	1	1	1	1	1	1	2	7	rna-NM_001170006.2	FBgn0014037	None
N0.HOG0002095	None	None	-0.09106844088398502	0.7783460719179525	n	-0.20665530815981217	0.5193022970166132	n	None	1	1	1	4	2	1	1	2	1	1	1	1	4	1	3	rna-NM_079113.3	FBgn0023081	None
N0.HOG0002098	None	None	0.2464849853213996	0.43994311321635393	n	0.4225456891223993	0.17117595198400154	n	None	1	1	1	1	1	2	1	1	1	1	1	1	2	7	6	rna-NM_166161.2	FBgn0050100	None
N0.HOG0002142	Gene Group 28	DNA-related functions	0.3045477892010557	0.3358099009982606	n	-0.02175341351436112	0.9464999715858183	n	proliferation disrupter(prod)	2	1	6	9	1	1	3	1	1	1	1	1	1	1	8	rna-NM_166317.2	FBgn0014269	None
N0.HOG0002142	Gene Group 28	DNA-related functions	0.3045477892010557	0.3358099009982606	n	-0.02175341351436112	0.9464999715858183	n	uncharacterized protein(CG15107)	2	1	6	9	1	1	3	1	1	1	1	1	1	1	8	rna-NM_001274153.1	FBgn0041702	None
N0.HOG0002165	Gene Group 22	transcription regulation	0.21834391465156391	0.4953923823848684	n	0.3353138689291874	0.28665785786011205	n	hinge2(hng2)	1	1	1	1	1	1	1	1	1	1	20	1	1	1	19	rna-NM_141580.3	FBgn0037634	None
N0.HOG0002176	Gene Group 29	microtubule	0.38528955758609046	0.21614675953998513	n	0.5849396010625192	0.045739074410112046	n	non-claret disjunctional(ncd)	1	2	2	1	3	1	4	1	1	2	2	1	1	1	3	rna-NM_001300663.1	FBgn0002924	None
N0.HOG0002225	None	None	0.49387116017853416	0.10270518334647254	n	0.2451842639184212	0.4424376657583864	n	None	1	1	3	1	1	1	2	1	1	2	3	1	3	1	2	rna-NM_001300696.1	FBgn0000150	None
N0.HOG0002240	Gene Group 26	glycolysis and early development (and other)	-0.07042428152039987	0.827831199192635	n	-0.02816971260815995	0.9307493932264658	n	sidestep IV(side-IV)	1	1	2	1	4	2	2	1	1	4	1	1	1	1	3	rna-NM_001260157.1	FBgn0038156	None
N0.HOG0002244	Gene Group 22,Gene Group 36	transcription regulation,uncharacterized	0.4755244755244756	0.11817595701303213	n	0.6223776223776225	0.030675895061640132	n	uncharacterized protein(CG43342)	3	4	1	6	1	1	1	2	1	1	3	1	1	2	5	rna-NM_001260309.2	FBgn0263047	None
N0.HOG0002244	Gene Group 22,Gene Group 36	transcription regulation,uncharacterized	0.4755244755244756	0.11817595701303213	n	0.6223776223776225	0.030675895061640132	n	uncharacterized protein(CG34149)	3	4	1	6	1	1	1	2	1	1	3	1	1	2	5	rna-NM_001043280.3	FBgn0083985	None
N0.HOG0002244	Gene Group 31	chromatin organization and transcription regulation	0.4755244755244756	0.11817595701303213	n	0.6223776223776225	0.030675895061640132	n	Suppressor of variegation 3-7(Su(var)3-7)	3	4	1	6	1	1	1	2	1	1	3	1	1	2	5	rna-NM_079618.4	FBgn0003598	None
N0.HOG0002260	None	None	-0.16728627099363932	0.603298209716268	n	-0.3950803421339142	0.20370154950273117	n	None	1	1	1	3	1	1	2	1	1	1	1	4	3	1	3	rna-NM_141114.3	FBgn0037141	None
N0.HOG0002273	None	None	-0.3480546162297779	0.2675756659285516	n	-0.10151592973368523	0.753576706985726	n	None	1	1	1	1	2	1	1	1	8	1	2	1	1	1	7	rna-NM_132476.3	FBgn0030286	None
N0.HOG0002290	None	None	0.2867132867132868	0.36625146058358227	n	0.5384615384615385	0.07089431754922315	n	None	1	5	1	1	1	1	1	1	1	2	2	1	3	1	4	rna-NM_001260286.2	FBgn0013995	None
N0.HOG0002320	None	None	0.4436729735785192	0.14852484474790698	n	0.29578198238567943	0.3505963593981538	n	None	2	1	1	4	1	1	5	2	1	1	1	1	1	1	4	rna-NM_138001.4	FBgn0034924	None
N0.HOG0002320	None	None	0.4436729735785192	0.14852484474790698	n	0.29578198238567943	0.3505963593981538	n	None	2	1	1	4	1	1	5	2	1	1	1	1	1	1	4	rna-NM_140491.2	FBgn0036479	None
N0.HOG0002345	None	None	0.6267761055315589	0.029178067781260492	n	0.9225580879172384	1.924134407022793e-05	y	None	1	4	1	1	1	1	2	1	1	1	4	1	1	2	3	rna-NM_001144405.3	FBgn0259199	None
N0.HOG0002365	None	None	-0.2517482517482518	0.42991878503288405	n	-0.18881118881118883	0.5567370561768314	n	None	1	2	1	2	3	1	1	5	1	1	1	1	3	1	4	rna-NM_079006.4	FBgn0040477	None
N0.HOG0002393	Gene Group 3	lipid metabolic process (digestion)	0.54641064530391	0.06604060406823514	n	0.4378290427114664	0.15458641247553007	n	uncharacterized protein(CG6847)	1	1	1	1	1	1	2	1	1	1	4	1	4	1	3	rna-NM_001298468.1	FBgn0030884	None
N0.HOG0002468	Gene Group 31	chromatin organization and transcription regulation	0.04195804195804196	0.8969858708195542	n	0.04895104895104895	0.8799185788786749	n	hunchback(hb)	1	1	1	1	1	1	1	3	2	1	2	1	4	1	3	rna-NM_169233.2	FBgn0001180	None
N0.HOG0002489	None	None	0.2937062937062937	0.35414764123292175	n	0.4125874125874127	0.18256397857316675	n	None	1	1	1	1	1	1	1	1	1	1	1	1	1	1	0	rna-NM_001299498.1	FBgn0020269	None
N0.HOG0002489	None	None	0.2937062937062937	0.35414764123292175	n	0.4125874125874127	0.18256397857316675	n	None	1	1	1	1	1	1	1	1	1	1	1	1	1	1	0	rna-NM_137137.3	FBgn0050479	None
N0.HOG0002511	Gene Group 26	glycolysis and early development (and other)	0.12101560029327099	0.7079272414616193	n	-0.007118564723133589	0.9824828407045115	n	aluminum tubes(alt)	1	1	2	1	1	1	1	1	1	1	1	1	6	2	5	rna-NM_001275750.1	FBgn0038535	None
N0.HOG0002579	None	None	0.21716320518488735	0.49778490192726343	n	0.05253948512537598	0.8711783093619829	n	None	1	1	2	1	1	1	4	1	3	1	4	1	1	1	3	rna-NM_001273871.2	FBgn0053087	None
N0.HOG0002614	Gene Group 30	pheromone sensing	0.46234746910330854	0.13018583568230105	n	0.6549922478963537	0.020793709126082544	n	frizzled 4(fz4)	1	1	1	1	1	1	1	1	1	1	3	1	1	6	5	rna-NM_167119.3	FBgn0027342	None
N0.HOG0002680	Gene Group 27	ribosomal protein and protein modification	0.04895104895104895	0.8799185788786749	n	0.2937062937062937	0.35414764123292175	n	Ubiquitin-5E(Ubi-p5E)	2	1	2	1	1	1	1	1	1	1	1	1	1	2	1	rna-NM_001298008.1	FBgn0086558	None
N0.HOG0002680	Gene Group 27	ribosomal protein and protein modification	0.04895104895104895	0.8799185788786749	n	0.2937062937062937	0.35414764123292175	n	Ubiquitin-63E(Ubi-p63E)	2	1	2	1	1	1	1	1	1	1	1	1	1	2	1	rna-NM_079185.4	FBgn0003943	None
N0.HOG0002680	Gene Group 27	ribosomal protein and protein modification	0.04895104895104895	0.8799185788786749	n	0.2937062937062937	0.35414764123292175	n	Ubiquitin-63E(Ubi-p63E)	2	1	2	1	1	1	1	1	1	1	1	1	1	2	1	rna-NM_079185.4	FBgn0003943	None
N0.HOG0002680	Gene Group 27	ribosomal protein and protein modification	0.04895104895104895	0.8799185788786749	n	0.2937062937062937	0.35414764123292175	n	Ubiquitin-63E(Ubi-p63E)	2	1	2	1	1	1	1	1	1	1	1	1	1	2	1	rna-NM_079185.4	FBgn0003943	None
N0.HOG0002680	Gene Group 27	ribosomal protein and protein modification	0.04895104895104895	0.8799185788786749	n	0.2937062937062937	0.35414764123292175	n	Ubiquitin-63E(Ubi-p63E)	2	1	2	1	1	1	1	1	1	1	1	1	1	2	1	rna-NM_079185.4	FBgn0003943	None
N0.HOG0002680	Gene Group 27	ribosomal protein and protein modification	0.04895104895104895	0.8799185788786749	n	0.2937062937062937	0.35414764123292175	n	Ubiquitin-63E(Ubi-p63E)	2	1	2	1	1	1	1	1	1	1	1	1	1	2	1	rna-NM_079185.4	FBgn0003943	None
N0.HOG0002680	Gene Group 27	ribosomal protein and protein modification	0.04895104895104895	0.8799185788786749	n	0.2937062937062937	0.35414764123292175	n	uncharacterized protein(CG11700)	2	1	2	1	1	1	1	1	1	1	1	1	1	2	1	rna-NM_132078.2	FBgn0029856	None
N0.HOG0002680	Gene Group 27	ribosomal protein and protein modification	0.04895104895104895	0.8799185788786749	n	0.2937062937062937	0.35414764123292175	n	uncharacterized protein(CG11700)	2	1	2	1	1	1	1	1	1	1	1	1	1	2	1	rna-NM_132078.2	FBgn0029856	None
N0.HOG0002680	Gene Group 27	ribosomal protein and protein modification	0.04895104895104895	0.8799185788786749	n	0.2937062937062937	0.35414764123292175	n	uncharacterized protein(CG11700)	2	1	2	1	1	1	1	1	1	1	1	1	1	2	1	rna-NM_132078.2	FBgn0029856	None
N0.HOG0002680	Gene Group 27	ribosomal protein and protein modification	0.04895104895104895	0.8799185788786749	n	0.2937062937062937	0.35414764123292175	n	uncharacterized protein(CG11700)	2	1	2	1	1	1	1	1	1	1	1	1	1	2	1	rna-NM_132078.2	FBgn0029856	None
N0.HOG0002680	Gene Group 27	ribosomal protein and protein modification	0.04895104895104895	0.8799185788786749	n	0.2937062937062937	0.35414764123292175	n	uncharacterized protein(CG11700)	2	1	2	1	1	1	1	1	1	1	1	1	1	2	1	rna-NM_132078.2	FBgn0029856	None
N0.HOG0002680	Gene Group 27	ribosomal protein and protein modification	0.04895104895104895	0.8799185788786749	n	0.2937062937062937	0.35414764123292175	n	Ribosomal protein L40(RpL40)	2	1	2	1	1	1	1	1	1	1	1	1	1	2	1	rna-NM_001273089.2	FBgn0003941	None
N0.HOG0002680	Gene Group 27	ribosomal protein and protein modification	0.04895104895104895	0.8799185788786749	n	0.2937062937062937	0.35414764123292175	n	Ribosomal protein L40(RpL40)	2	1	2	1	1	1	1	1	1	1	1	1	1	2	1	rna-NM_001273089.2	FBgn0003941	None
N0.HOG0002680	Gene Group 27	ribosomal protein and protein modification	0.04895104895104895	0.8799185788786749	n	0.2937062937062937	0.35414764123292175	n	Ribosomal protein L40(RpL40)	2	1	2	1	1	1	1	1	1	1	1	1	1	2	1	rna-NM_001273089.2	FBgn0003941	None
N0.HOG0002680	Gene Group 27	ribosomal protein and protein modification	0.04895104895104895	0.8799185788786749	n	0.2937062937062937	0.35414764123292175	n	Ribosomal protein L40(RpL40)	2	1	2	1	1	1	1	1	1	1	1	1	1	2	1	rna-NM_001273089.2	FBgn0003941	None
N0.HOG0002680	Gene Group 27	ribosomal protein and protein modification	0.04895104895104895	0.8799185788786749	n	0.2937062937062937	0.35414764123292175	n	Ribosomal protein L40(RpL40)	2	1	2	1	1	1	1	1	1	1	1	1	1	2	1	rna-NM_001273089.2	FBgn0003941	None
N0.HOG0002680	Gene Group 27	ribosomal protein and protein modification	0.04895104895104895	0.8799185788786749	n	0.2937062937062937	0.35414764123292175	n	Ribosomal protein L40(RpL40)	2	1	2	1	1	1	1	1	1	1	1	1	1	2	1	rna-NM_001273089.2	FBgn0003941	None
N0.HOG0002680	Gene Group 27	ribosomal protein and protein modification	0.04895104895104895	0.8799185788786749	n	0.2937062937062937	0.35414764123292175	n	Ribosomal protein L40(RpL40)	2	1	2	1	1	1	1	1	1	1	1	1	1	2	1	rna-NM_001273089.2	FBgn0003941	None
N0.HOG0002680	Gene Group 27	ribosomal protein and protein modification	0.04895104895104895	0.8799185788786749	n	0.2937062937062937	0.35414764123292175	n	Ribosomal protein S27A(RpS27A)	2	1	2	1	1	1	1	1	1	1	1	1	1	2	1	rna-NM_057430.4	FBgn0003942	None
N0.HOG0002680	Gene Group 27	ribosomal protein and protein modification	0.04895104895104895	0.8799185788786749	n	0.2937062937062937	0.35414764123292175	n	Ribosomal protein S27A(RpS27A)	2	1	2	1	1	1	1	1	1	1	1	1	1	2	1	rna-NM_057430.4	FBgn0003942	None
N0.HOG0002680	Gene Group 27	ribosomal protein and protein modification	0.04895104895104895	0.8799185788786749	n	0.2937062937062937	0.35414764123292175	n	Ribosomal protein S27A(RpS27A)	2	1	2	1	1	1	1	1	1	1	1	1	1	2	1	rna-NM_057430.4	FBgn0003942	None
N0.HOG0002680	Gene Group 27	ribosomal protein and protein modification	0.04895104895104895	0.8799185788786749	n	0.2937062937062937	0.35414764123292175	n	Ribosomal protein S27A(RpS27A)	2	1	2	1	1	1	1	1	1	1	1	1	1	2	1	rna-NM_057430.4	FBgn0003942	None
N0.HOG0002680	Gene Group 27	ribosomal protein and protein modification	0.04895104895104895	0.8799185788786749	n	0.2937062937062937	0.35414764123292175	n	Ribosomal protein S27A(RpS27A)	2	1	2	1	1	1	1	1	1	1	1	1	1	2	1	rna-NM_057430.4	FBgn0003942	None
N0.HOG0002680	Gene Group 27	ribosomal protein and protein modification	0.04895104895104895	0.8799185788786749	n	0.2937062937062937	0.35414764123292175	n	Ribosomal protein S27A(RpS27A)	2	1	2	1	1	1	1	1	1	1	1	1	1	2	1	rna-NM_057430.4	FBgn0003942	None
N0.HOG0002680	Gene Group 27	ribosomal protein and protein modification	0.04895104895104895	0.8799185788786749	n	0.2937062937062937	0.35414764123292175	n	Ribosomal protein S27A(RpS27A)	2	1	2	1	1	1	1	1	1	1	1	1	1	2	1	rna-NM_057430.4	FBgn0003942	None
N0.HOG0002680	Gene Group 27	ribosomal protein and protein modification	0.04895104895104895	0.8799185788786749	n	0.2937062937062937	0.35414764123292175	n	uncharacterized protein(CG11700)	2	1	2	1	1	1	1	1	1	1	1	1	1	2	1	rna-NM_132078.2	FBgn0029856	None
N0.HOG0002680	Gene Group 27	ribosomal protein and protein modification	0.04895104895104895	0.8799185788786749	n	0.2937062937062937	0.35414764123292175	n	Ubiquitin-5E(Ubi-p5E)	2	1	2	1	1	1	1	1	1	1	1	1	1	2	1	rna-NM_001298008.1	FBgn0086558	None
N0.HOG0002680	Gene Group 27	ribosomal protein and protein modification	0.04895104895104895	0.8799185788786749	n	0.2937062937062937	0.35414764123292175	n	Ubiquitin-5E(Ubi-p5E)	2	1	2	1	1	1	1	1	1	1	1	1	1	2	1	rna-NM_001298008.1	FBgn0086558	None
N0.HOG0002680	Gene Group 27	ribosomal protein and protein modification	0.04895104895104895	0.8799185788786749	n	0.2937062937062937	0.35414764123292175	n	Ubiquitin-5E(Ubi-p5E)	2	1	2	1	1	1	1	1	1	1	1	1	1	2	1	rna-NM_001298008.1	FBgn0086558	None
N0.HOG0002680	Gene Group 27	ribosomal protein and protein modification	0.04895104895104895	0.8799185788786749	n	0.2937062937062937	0.35414764123292175	n	Ubiquitin-5E(Ubi-p5E)	2	1	2	1	1	1	1	1	1	1	1	1	1	2	1	rna-NM_001298008.1	FBgn0086558	None
N0.HOG0002680	Gene Group 27	ribosomal protein and protein modification	0.04895104895104895	0.8799185788786749	n	0.2937062937062937	0.35414764123292175	n	Ubiquitin-5E(Ubi-p5E)	2	1	2	1	1	1	1	1	1	1	1	1	1	2	1	rna-NM_001298008.1	FBgn0086558	None
N0.HOG0002680	Gene Group 27	ribosomal protein and protein modification	0.04895104895104895	0.8799185788786749	n	0.2937062937062937	0.35414764123292175	n	Ubiquitin-63E(Ubi-p63E)	2	1	2	1	1	1	1	1	1	1	1	1	1	2	1	rna-NM_079185.4	FBgn0003943	None
N0.HOG0002680	Gene Group 27	ribosomal protein and protein modification	0.04895104895104895	0.8799185788786749	n	0.2937062937062937	0.35414764123292175	n	Ubiquitin-63E(Ubi-p63E)	2	1	2	1	1	1	1	1	1	1	1	1	1	2	1	rna-NM_079185.4	FBgn0003943	None
N0.HOG0002680	Gene Group 27	ribosomal protein and protein modification	0.04895104895104895	0.8799185788786749	n	0.2937062937062937	0.35414764123292175	n	Ubiquitin-63E(Ubi-p63E)	2	1	2	1	1	1	1	1	1	1	1	1	1	2	1	rna-NM_079185.4	FBgn0003943	None
N0.HOG0002680	Gene Group 27	ribosomal protein and protein modification	0.04895104895104895	0.8799185788786749	n	0.2937062937062937	0.35414764123292175	n	Ubiquitin-63E(Ubi-p63E)	2	1	2	1	1	1	1	1	1	1	1	1	1	2	1	rna-NM_079185.4	FBgn0003943	None
N0.HOG0002680	Gene Group 27	ribosomal protein and protein modification	0.04895104895104895	0.8799185788786749	n	0.2937062937062937	0.35414764123292175	n	Ubiquitin-63E(Ubi-p63E)	2	1	2	1	1	1	1	1	1	1	1	1	1	2	1	rna-NM_079185.4	FBgn0003943	None
N0.HOG0002680	Gene Group 27	ribosomal protein and protein modification	0.04895104895104895	0.8799185788786749	n	0.2937062937062937	0.35414764123292175	n	Ubiquitin-63E(Ubi-p63E)	2	1	2	1	1	1	1	1	1	1	1	1	1	2	1	rna-NM_079185.4	FBgn0003943	None
N0.HOG0002680	Gene Group 27	ribosomal protein and protein modification	0.04895104895104895	0.8799185788786749	n	0.2937062937062937	0.35414764123292175	n	Ubiquitin-63E(Ubi-p63E)	2	1	2	1	1	1	1	1	1	1	1	1	1	2	1	rna-NM_079185.4	FBgn0003943	None
N0.HOG0002680	Gene Group 27	ribosomal protein and protein modification	0.04895104895104895	0.8799185788786749	n	0.2937062937062937	0.35414764123292175	n	Ubiquitin-63E(Ubi-p63E)	2	1	2	1	1	1	1	1	1	1	1	1	1	2	1	rna-NM_079185.4	FBgn0003943	None
N0.HOG0002680	Gene Group 27	ribosomal protein and protein modification	0.04895104895104895	0.8799185788786749	n	0.2937062937062937	0.35414764123292175	n	Ribosomal protein L40(RpL40)	2	1	2	1	1	1	1	1	1	1	1	1	1	2	1	rna-NM_001273089.2	FBgn0003941	None
N0.HOG0002680	Gene Group 27	ribosomal protein and protein modification	0.04895104895104895	0.8799185788786749	n	0.2937062937062937	0.35414764123292175	n	Ribosomal protein L40(RpL40)	2	1	2	1	1	1	1	1	1	1	1	1	1	2	1	rna-NM_001273089.2	FBgn0003941	None
N0.HOG0002680	Gene Group 27	ribosomal protein and protein modification	0.04895104895104895	0.8799185788786749	n	0.2937062937062937	0.35414764123292175	n	Ribosomal protein S27A(RpS27A)	2	1	2	1	1	1	1	1	1	1	1	1	1	2	1	rna-NM_057430.4	FBgn0003942	None
N0.HOG0002680	Gene Group 27	ribosomal protein and protein modification	0.04895104895104895	0.8799185788786749	n	0.2937062937062937	0.35414764123292175	n	Ribosomal protein S27A(RpS27A)	2	1	2	1	1	1	1	1	1	1	1	1	1	2	1	rna-NM_057430.4	FBgn0003942	None
N0.HOG0002681	Gene Group 27	ribosomal protein and protein modification	-0.3426573426573427	0.27556745095678037	n	-0.027972027972027972	0.9312343512018808	n	Ubiquitin-63E(Ubi-p63E)	1	1	1	1	1	1	1	1	1	1	1	1	1	1	0	rna-NM_079185.4	FBgn0003943	None
N0.HOG0002681	Gene Group 27	ribosomal protein and protein modification	-0.3426573426573427	0.27556745095678037	n	-0.027972027972027972	0.9312343512018808	n	Ubiquitin-5E(Ubi-p5E)	1	1	1	1	1	1	1	1	1	1	1	1	1	1	0	rna-NM_001298008.1	FBgn0086558	None
N0.HOG0002681	Gene Group 27	ribosomal protein and protein modification	-0.3426573426573427	0.27556745095678037	n	-0.027972027972027972	0.9312343512018808	n	Ubiquitin-5E(Ubi-p5E)	1	1	1	1	1	1	1	1	1	1	1	1	1	1	0	rna-NM_001298008.1	FBgn0086558	None
N0.HOG0002681	Gene Group 27	ribosomal protein and protein modification	-0.3426573426573427	0.27556745095678037	n	-0.027972027972027972	0.9312343512018808	n	Ubiquitin-5E(Ubi-p5E)	1	1	1	1	1	1	1	1	1	1	1	1	1	1	0	rna-NM_001298008.1	FBgn0086558	None
N0.HOG0002681	Gene Group 27	ribosomal protein and protein modification	-0.3426573426573427	0.27556745095678037	n	-0.027972027972027972	0.9312343512018808	n	Ubiquitin-5E(Ubi-p5E)	1	1	1	1	1	1	1	1	1	1	1	1	1	1	0	rna-NM_001298008.1	FBgn0086558	None
N0.HOG0002681	Gene Group 27	ribosomal protein and protein modification	-0.3426573426573427	0.27556745095678037	n	-0.027972027972027972	0.9312343512018808	n	Ubiquitin-5E(Ubi-p5E)	1	1	1	1	1	1	1	1	1	1	1	1	1	1	0	rna-NM_001298008.1	FBgn0086558	None
N0.HOG0002681	Gene Group 27	ribosomal protein and protein modification	-0.3426573426573427	0.27556745095678037	n	-0.027972027972027972	0.9312343512018808	n	uncharacterized protein(CG11700)	1	1	1	1	1	1	1	1	1	1	1	1	1	1	0	rna-NM_132078.2	FBgn0029856	None
N0.HOG0002681	Gene Group 27	ribosomal protein and protein modification	-0.3426573426573427	0.27556745095678037	n	-0.027972027972027972	0.9312343512018808	n	uncharacterized protein(CG11700)	1	1	1	1	1	1	1	1	1	1	1	1	1	1	0	rna-NM_132078.2	FBgn0029856	None
N0.HOG0002681	Gene Group 27	ribosomal protein and protein modification	-0.3426573426573427	0.27556745095678037	n	-0.027972027972027972	0.9312343512018808	n	uncharacterized protein(CG11700)	1	1	1	1	1	1	1	1	1	1	1	1	1	1	0	rna-NM_132078.2	FBgn0029856	None
N0.HOG0002681	Gene Group 27	ribosomal protein and protein modification	-0.3426573426573427	0.27556745095678037	n	-0.027972027972027972	0.9312343512018808	n	uncharacterized protein(CG11700)	1	1	1	1	1	1	1	1	1	1	1	1	1	1	0	rna-NM_132078.2	FBgn0029856	None
N0.HOG0002681	Gene Group 27	ribosomal protein and protein modification	-0.3426573426573427	0.27556745095678037	n	-0.027972027972027972	0.9312343512018808	n	uncharacterized protein(CG11700)	1	1	1	1	1	1	1	1	1	1	1	1	1	1	0	rna-NM_132078.2	FBgn0029856	None
N0.HOG0002681	Gene Group 27	ribosomal protein and protein modification	-0.3426573426573427	0.27556745095678037	n	-0.027972027972027972	0.9312343512018808	n	uncharacterized protein(CG11700)	1	1	1	1	1	1	1	1	1	1	1	1	1	1	0	rna-NM_132078.2	FBgn0029856	None
N0.HOG0002681	Gene Group 27	ribosomal protein and protein modification	-0.3426573426573427	0.27556745095678037	n	-0.027972027972027972	0.9312343512018808	n	uncharacterized protein(CG11700)	1	1	1	1	1	1	1	1	1	1	1	1	1	1	0	rna-NM_132078.2	FBgn0029856	None
N0.HOG0002681	Gene Group 27	ribosomal protein and protein modification	-0.3426573426573427	0.27556745095678037	n	-0.027972027972027972	0.9312343512018808	n	uncharacterized protein(CG11700)	1	1	1	1	1	1	1	1	1	1	1	1	1	1	0	rna-NM_132078.2	FBgn0029856	None
N0.HOG0002681	Gene Group 27	ribosomal protein and protein modification	-0.3426573426573427	0.27556745095678037	n	-0.027972027972027972	0.9312343512018808	n	Ribosomal protein L40(RpL40)	1	1	1	1	1	1	1	1	1	1	1	1	1	1	0	rna-NM_001273089.2	FBgn0003941	None
N0.HOG0002681	Gene Group 27	ribosomal protein and protein modification	-0.3426573426573427	0.27556745095678037	n	-0.027972027972027972	0.9312343512018808	n	Ribosomal protein L40(RpL40)	1	1	1	1	1	1	1	1	1	1	1	1	1	1	0	rna-NM_001273089.2	FBgn0003941	None
N0.HOG0002681	Gene Group 27	ribosomal protein and protein modification	-0.3426573426573427	0.27556745095678037	n	-0.027972027972027972	0.9312343512018808	n	Ribosomal protein L40(RpL40)	1	1	1	1	1	1	1	1	1	1	1	1	1	1	0	rna-NM_001273089.2	FBgn0003941	None
N0.HOG0002681	Gene Group 27	ribosomal protein and protein modification	-0.3426573426573427	0.27556745095678037	n	-0.027972027972027972	0.9312343512018808	n	Ribosomal protein L40(RpL40)	1	1	1	1	1	1	1	1	1	1	1	1	1	1	0	rna-NM_001273089.2	FBgn0003941	None
N0.HOG0002681	Gene Group 27	ribosomal protein and protein modification	-0.3426573426573427	0.27556745095678037	n	-0.027972027972027972	0.9312343512018808	n	Ribosomal protein L40(RpL40)	1	1	1	1	1	1	1	1	1	1	1	1	1	1	0	rna-NM_001273089.2	FBgn0003941	None
N0.HOG0002681	Gene Group 27	ribosomal protein and protein modification	-0.3426573426573427	0.27556745095678037	n	-0.027972027972027972	0.9312343512018808	n	Ribosomal protein L40(RpL40)	1	1	1	1	1	1	1	1	1	1	1	1	1	1	0	rna-NM_001273089.2	FBgn0003941	None
N0.HOG0002681	Gene Group 27	ribosomal protein and protein modification	-0.3426573426573427	0.27556745095678037	n	-0.027972027972027972	0.9312343512018808	n	Ribosomal protein L40(RpL40)	1	1	1	1	1	1	1	1	1	1	1	1	1	1	0	rna-NM_001273089.2	FBgn0003941	None
N0.HOG0002681	Gene Group 27	ribosomal protein and protein modification	-0.3426573426573427	0.27556745095678037	n	-0.027972027972027972	0.9312343512018808	n	Ribosomal protein L40(RpL40)	1	1	1	1	1	1	1	1	1	1	1	1	1	1	0	rna-NM_001273089.2	FBgn0003941	None
N0.HOG0002681	Gene Group 27	ribosomal protein and protein modification	-0.3426573426573427	0.27556745095678037	n	-0.027972027972027972	0.9312343512018808	n	Ribosomal protein L40(RpL40)	1	1	1	1	1	1	1	1	1	1	1	1	1	1	0	rna-NM_001273089.2	FBgn0003941	None
N0.HOG0002681	Gene Group 27	ribosomal protein and protein modification	-0.3426573426573427	0.27556745095678037	n	-0.027972027972027972	0.9312343512018808	n	Ribosomal protein L40(RpL40)	1	1	1	1	1	1	1	1	1	1	1	1	1	1	0	rna-NM_001273089.2	FBgn0003941	None
N0.HOG0002681	Gene Group 27	ribosomal protein and protein modification	-0.3426573426573427	0.27556745095678037	n	-0.027972027972027972	0.9312343512018808	n	Ribosomal protein S27A(RpS27A)	1	1	1	1	1	1	1	1	1	1	1	1	1	1	0	rna-NM_057430.4	FBgn0003942	None
N0.HOG0002681	Gene Group 27	ribosomal protein and protein modification	-0.3426573426573427	0.27556745095678037	n	-0.027972027972027972	0.9312343512018808	n	Ribosomal protein S27A(RpS27A)	1	1	1	1	1	1	1	1	1	1	1	1	1	1	0	rna-NM_057430.4	FBgn0003942	None
N0.HOG0002681	Gene Group 27	ribosomal protein and protein modification	-0.3426573426573427	0.27556745095678037	n	-0.027972027972027972	0.9312343512018808	n	Ribosomal protein S27A(RpS27A)	1	1	1	1	1	1	1	1	1	1	1	1	1	1	0	rna-NM_057430.4	FBgn0003942	None
N0.HOG0002681	Gene Group 27	ribosomal protein and protein modification	-0.3426573426573427	0.27556745095678037	n	-0.027972027972027972	0.9312343512018808	n	Ribosomal protein S27A(RpS27A)	1	1	1	1	1	1	1	1	1	1	1	1	1	1	0	rna-NM_057430.4	FBgn0003942	None
N0.HOG0002681	Gene Group 27	ribosomal protein and protein modification	-0.3426573426573427	0.27556745095678037	n	-0.027972027972027972	0.9312343512018808	n	Ribosomal protein S27A(RpS27A)	1	1	1	1	1	1	1	1	1	1	1	1	1	1	0	rna-NM_057430.4	FBgn0003942	None
N0.HOG0002681	Gene Group 27	ribosomal protein and protein modification	-0.3426573426573427	0.27556745095678037	n	-0.027972027972027972	0.9312343512018808	n	Ribosomal protein S27A(RpS27A)	1	1	1	1	1	1	1	1	1	1	1	1	1	1	0	rna-NM_057430.4	FBgn0003942	None
N0.HOG0002681	Gene Group 27	ribosomal protein and protein modification	-0.3426573426573427	0.27556745095678037	n	-0.027972027972027972	0.9312343512018808	n	Ribosomal protein S27A(RpS27A)	1	1	1	1	1	1	1	1	1	1	1	1	1	1	0	rna-NM_057430.4	FBgn0003942	None
N0.HOG0002681	Gene Group 27	ribosomal protein and protein modification	-0.3426573426573427	0.27556745095678037	n	-0.027972027972027972	0.9312343512018808	n	Ribosomal protein S27A(RpS27A)	1	1	1	1	1	1	1	1	1	1	1	1	1	1	0	rna-NM_057430.4	FBgn0003942	None
N0.HOG0002681	Gene Group 27	ribosomal protein and protein modification	-0.3426573426573427	0.27556745095678037	n	-0.027972027972027972	0.9312343512018808	n	Ribosomal protein S27A(RpS27A)	1	1	1	1	1	1	1	1	1	1	1	1	1	1	0	rna-NM_057430.4	FBgn0003942	None
N0.HOG0002681	Gene Group 27	ribosomal protein and protein modification	-0.3426573426573427	0.27556745095678037	n	-0.027972027972027972	0.9312343512018808	n	Ribosomal protein S27A(RpS27A)	1	1	1	1	1	1	1	1	1	1	1	1	1	1	0	rna-NM_057430.4	FBgn0003942	None
N0.HOG0002693	Gene Group 26	glycolysis and early development (and other)	0.04350682702872224	0.8932021742511844	n	0.2827943756866945	0.37312794868323884	n	uncharacterized protein(CG4025)	1	9	2	1	2	3	1	1	1	1	1	1	1	1	8	rna-NM_130623.3	FBgn0025624	None
N0.HOG0002702	Gene Group 29	microtubule	-0.3642737635359401	0.2443764872590352	n	-0.24168163157672948	0.4491887440384277	n	subito(sub)	1	3	2	1	1	1	1	4	1	3	1	1	1	1	3	rna-NM_137416.3	FBgn0003545	None
N0.HOG0002740	None	None	0.1885295837911297	0.5573365380454538	n	0.47132395947782424	0.1219218933169533	n	None	1	1	1	1	1	1	1	1	1	1	1	1	1	2	1	rna-NM_169196.2	FBgn0051473	None
N0.HOG0002868	None	None	-0.1126788504326398	0.7273453279440116	n	0.11972127858467978	0.7109318595190937	n	None	1	1	1	1	1	1	1	1	1	1	1	1	1	2	1	rna-NM_080136.3	FBgn0023535	None
N0.HOG0002938	Gene Group 35	RNA polymerase II transcription regulation	0.28021058733533855	0.3776981560766677	n	0.4798606308117672	0.11438935771004496	n	proboscipedia(pb)	1	1	1	1	1	1	1	1	1	1	1	1	1	7	6	rna-NM_057321.5	FBgn0051481	None
N0.HOG0002954	None	None	0.14010529366766927	0.6640757694429809	n	0.20665530815981217	0.5193022970166132	n	None	1	1	1	1	1	1	1	1	1	1	2	1	2	1	1	rna-NM_167224.3	FBgn0259170	None
N0.HOG0002957	None	None	-0.25919479328518813	0.41592926127477936	n	-0.1576184553761279	0.6246756664067579	n	None	1	1	1	1	2	1	1	4	1	1	1	1	3	1	3	rna-NM_001298589.1	FBgn0020272	None
N0.HOG0002979	None	None	0.07692307692307693	0.8121826980280591	n	0.0	1.0	n	None	1	1	6	1	1	1	2	1	1	1	2	1	1	1	5	rna-NM_135231.3	FBgn0031860	None
N0.HOG0003035	Gene Group 15	chitin-related	0.4055944055944056	0.19083587400450033	n	0.22377622377622378	0.48445166145539886	n	Mucin related 18B(Mur18B)	1	1	4	1	1	1	3	1	1	2	1	1	1	2	3	rna-NM_133136.3	FBgn0030999	None
N0.HOG0003058	None	None	0.15384615384615385	0.6330906812462618	n	0.5034965034965035	0.09515736659412469	n	None	1	1	1	1	1	1	2	1	1	2	1	1	1	5	4	rna-NM_168360.2	FBgn0036030	None
N0.HOG0003109	None	None	-0.16783216783216784	0.602099427786538	n	-0.04895104895104895	0.8799185788786749	n	None	2	2	1	1	1	1	2	1	1	1	1	3	6	1	5	rna-NM_079500.4	FBgn0040466	None
N0.HOG0003109	None	None	-0.16783216783216784	0.602099427786538	n	-0.04895104895104895	0.8799185788786749	n	None	2	2	1	1	1	1	2	1	1	1	1	3	6	1	5	rna-NM_142146.3	FBgn0038273	None
N0.HOG0003120	None	None	0.22067550641714126	0.49068300396895215	n	0.19931981224774048	0.534557886000188	n	None	1	1	12	1	1	1	1	1	1	1	1	1	2	4	11	rna-NM_001273899.2	FBgn0033421	None
N0.HOG0003126	None	None	0.08957593795935859	0.7819006272034151	n	-0.12316691469411807	0.7029416801621765	n	None	1	1	1	1	1	17	1	1	1	1	1	1	1	1	16	rna-NM_001274489.1	FBgn0261526	None
N0.HOG0003159	None	None	0.3450789794499594	0.2719649798075829	n	0.02816971260815995	0.9307493932264658	n	None	1	1	4	1	1	1	1	1	1	2	3	2	1	1	3	rna-NM_166341.3	FBgn0264753	None
N0.HOG0003221	None	None	0.3916083916083916	0.2080634636953532	n	0.5944055944055945	0.04152149441031855	n	None	1	2	1	1	1	1	1	1	1	1	2	1	3	4	3	rna-NM_001032273.4	FBgn0061361	None
N0.HOG0003311	None	None	0.06293706293706294	0.8459309212287789	n	0.09090909090909093	0.7787253962454419	n	None	1	1	1	1	2	1	2	1	1	1	1	1	7	1	6	rna-NM_168261.3	FBgn0052364	None
N0.HOG0003591	Gene Group 14,Gene Group 36	heat stress and neurological,uncharacterized	-0.049036852783684234	0.8797094411808868	n	-0.08056054385890982	0.80345110920634	n	uncharacterized protein(CG6280)	1	1	1	1	1	1	1	1	1	1	1	1	6	2	5	rna-NM_137054.2	FBgn0033866	None
N0.HOG0003725	Gene Group 22	transcription regulation	0.3843103054203798	0.2174161895643392	n	0.6235978540783521	0.030254948727508692	n	uncharacterized protein(CG11504)	1	1	1	1	1	1	1	1	1	1	15	1	1	1	14	rna-NM_143501.4	FBgn0039733	None
N0.HOG0003749	None	None	0.1398601398601399	0.6646331617926677	n	0.1258741258741259	0.6966831093957659	n	None	1	1	1	1	1	1	1	1	1	1	2	1	5	1	4	rna-NM_137849.4	FBgn0261596	None
N0.HOG0003778	Gene Group 26	glycolysis and early development (and other)	0.3846153846153847	0.21702022575997748	n	0.4685314685314686	0.124454791188834	n	friend of echinoid(fred)	1	1	1	1	1	1	2	1	1	1	3	2	4	2	3	rna-NM_134968.4	FBgn0051774	None
N0.HOG0003797	None	None	0.42732114568639123	0.16587727319738638	n	0.38879218992778225	0.21164296722004275	n	None	1	1	1	1	1	1	1	1	1	1	1	1	2	1	1	rna-NM_169854.2	FBgn0289122	None
N0.HOG0003818	None	None	0.44846957755741607	0.14366512941483017	n	0.5125366600656184	0.08841643063431351	n	None	1	2	1	1	1	1	1	1	1	1	2	1	4	1	3	rna-NM_164644.3	FBgn0051648	None
N0.HOG0003949	Gene Group 36	uncharacterized	0.1885295837911297	0.5573365380454538	n	0.47132395947782424	0.1219218933169533	n	uncharacterized protein(CG10139)	1	1	1	1	1	1	1	1	1	1	1	1	1	2	1	rna-NM_137132.3	FBgn0033951	None
N0.HOG0004409	Gene Group 26	glycolysis and early development (and other)	-0.18864196516304008	0.5570972684616313	n	0.0	1.0	n	Ionotropic receptor 68b(Ir68b)	2	1	1	1	1	1	2	1	4	6	1	1	1	1	5	rna-NM_140291.1	FBgn0036250	None
N0.HOG0004409	Gene Group 26	glycolysis and early development (and other)	-0.18864196516304008	0.5570972684616313	n	0.0	1.0	n	Ionotropic receptor 85a(Ir85a)	2	1	1	1	1	1	2	1	4	6	1	1	1	1	5	rna-NM_141576.2	FBgn0037630	None
N0.HOG0004415	None	None	0.07251137838120374	0.8227991261167644	n	0.23203641081985196	0.46802972364550155	n	None	1	4	2	1	1	1	6	2	1	1	1	1	1	1	5	rna-NM_169676.2	FBgn0265048	None
N0.HOG0004729	None	None	0.2657342657342658	0.40383308831471165	n	0.5944055944055945	0.04152149441031855	n	None	1	1	1	1	1	1	1	1	1	1	1	1	1	6	5	rna-NM_001259857.2	FBgn0005536	None
N0.HOG0005307	Gene Group 31	chromatin organization and transcription regulation	-0.03502632341691732	0.9139432528752413	n	0.11558686727582713	0.7205545635404205	n	uncharacterized protein(CG10366)	1	1	1	1	1	1	1	1	1	2	1	2	4	4	3	rna-NM_136151.3	FBgn0032814	None
N0.HOG0005513	None	None	0.2031526758181204	0.5265630529109769	n	0.416813248661316	0.1776753737252057	n	None	1	1	1	1	1	1	1	1	1	1	1	1	1	1	0	rna-NM_134860.3	FBgn0031451	None
N0.HOG0005613	Gene Group 26	glycolysis and early development (and other)	0.02491497653096756	0.9387365198143007	n	0.12101560029327099	0.7079272414616193	n	uncharacterized protein(CG32641)	3	1	1	1	1	1	3	1	1	1	2	2	2	2	2	rna-NM_167352.3	FBgn0052641	None
N0.HOG0005613	Gene Group 26	glycolysis and early development (and other)	0.02491497653096756	0.9387365198143007	n	0.12101560029327099	0.7079272414616193	n	uncharacterized protein(CG32640)	3	1	1	1	1	1	3	1	1	1	2	2	2	2	2	rna-NM_167351.3	FBgn0052640	None
N0.HOG0005613	Gene Group 26	glycolysis and early development (and other)	0.02491497653096756	0.9387365198143007	n	0.12101560029327099	0.7079272414616193	n	uncharacterized protein(CG32641)	3	1	1	1	1	1	3	1	1	1	2	2	2	2	2	rna-NM_167352.3	FBgn0052641	None
N0.HOG0005613	Gene Group 26	glycolysis and early development (and other)	0.02491497653096756	0.9387365198143007	n	0.12101560029327099	0.7079272414616193	n	uncharacterized protein(CG32640)	3	1	1	1	1	1	3	1	1	1	2	2	2	2	2	rna-NM_167351.3	FBgn0052640	None
N0.HOG0005613	Gene Group 26	glycolysis and early development (and other)	0.02491497653096756	0.9387365198143007	n	0.12101560029327099	0.7079272414616193	n	uncharacterized protein(CG7130)	3	1	1	1	1	1	3	1	1	1	2	2	2	2	2	rna-NM_141123.3	FBgn0037151	None
N0.HOG0005786	None	None	-0.15384615384615385	0.6330906812462618	n	-0.02097902097902098	0.9484022252365223	n	None	1	1	1	1	1	1	3	1	1	2	1	2	2	1	2	rna-NM_132241.2	FBgn0030029	None
N0.HOG0006000	None	None	0.7285475270718802	0.00720175094976221	n	0.8231186002975568	0.001004946783874641	n	None	1	1	1	1	1	1	1	1	1	1	2	1	1	4	3	rna-NM_143494.4	FBgn0260759	None
N0.HOG0006995	Gene Group 31	chromatin organization and transcription regulation	0.29004551352481495	0.3604571272621032	n	0.5438353378590279	0.06758713970187623	n	uncharacterized protein(CG18011)	1	1	1	1	1	1	1	1	1	1	2	1	4	8	7	rna-NM_136715.4	FBgn0033491	None
N0.HOG0007183	Gene Group 4	Esterase and mating behavior	-0.1377716189242871	0.6693880133068077	n	0.31905006487729637	0.3121040651249244	n	alpha-Esterase-6(alpha-Est6)	1	10	1	1	2	1	1	1	1	2	1	1	1	1	9	rna-NM_079538.3	FBgn0015574	None
N0.HOG0007210	None	None	-0.14816194208498978	0.6458461551589187	n	0.0	1.0	n	None	1	1	1	1	1	1	1	1	1	13	1	1	1	1	12	rna-NM_001103675.2	FBgn0040096	None
N0.HOG0008202	None	None	0.055944055944055944	0.8628980736949712	n	0.04895104895104895	0.8799185788786749	n	None	1	1	1	1	1	1	1	1	1	1	1	1	6	1	5	rna-NM_001144435.2	FBgn0035842	None
N0.HOG0008202	None	None	0.055944055944055944	0.8628980736949712	n	0.04895104895104895	0.8799185788786749	n	None	1	1	1	1	1	1	1	1	1	1	1	1	6	1	5	rna-NM_001144435.2	FBgn0035842	None
N0.HOG0008498	None	None	0.07042428152039987	0.827831199192635	n	-0.08450913782447984	0.7939959959092632	n	None	1	1	1	3	1	1	1	1	1	1	1	1	5	2	4	rna-NM_001382179.1	FBgn0013810	None
N0.HOG0008798	Gene Group 31	chromatin organization and transcription regulation	0.2610409621723334	0.41249631869094106	n	0.5365842000209077	0.07207543088661057	n	Serendipity beta(Sry-beta)	2	1	1	1	1	1	1	1	1	1	2	2	2	6	5	rna-NM_001316522.1	FBgn0003511	None
N0.HOG0008798	Gene Group 31	chromatin organization and transcription regulation	0.2610409621723334	0.41249631869094106	n	0.5365842000209077	0.07207543088661057	n	Serendipity delta(Sry-delta)	2	1	1	1	1	1	1	1	1	1	2	2	2	6	5	rna-NM_079842.3	FBgn0003512	None
N0.HOG0008866	Gene Group 26	glycolysis and early development (and other)	0.33355234055353716	0.2893552505936301	n	0.5945933027258705	0.04144076209354325	n	uncharacterized protein(CG31675)	4	1	1	1	1	1	1	1	1	1	2	1	3	5	4	rna-NM_165347.2	FBgn0051675	None
N0.HOG0008866	Gene Group 26	glycolysis and early development (and other)	0.33355234055353716	0.2893552505936301	n	0.5945933027258705	0.04144076209354325	n	belly roll(bero)	4	1	1	1	1	1	1	1	1	1	2	1	3	5	4	rna-NM_136225.4	FBgn0032897	None
N0.HOG0008866	Gene Group 26	glycolysis and early development (and other)	0.33355234055353716	0.2893552505936301	n	0.5945933027258705	0.04144076209354325	n	uncharacterized protein(CG9338)	4	1	1	1	1	1	1	1	1	1	2	1	3	5	4	rna-NM_001273717.1	FBgn0032899	None
N0.HOG0009002	Gene Group 9	 sexual reproduction	-0.11188811188811189	0.729194990751066	n	0.027972027972027972	0.9312343512018808	n	uncharacterized protein(CG42259)	1	4	1	1	1	1	2	1	1	2	1	1	1	1	3	rna-NM_001042791.3	FBgn0266569	None
N0.HOG0010108	Gene Group 26	glycolysis and early development (and other)	0.04195804195804196	0.8969858708195542	n	-0.37762237762237766	0.22620604493502663	n	uncharacterized protein(CG14275)	2	1	1	1	1	2	2	3	1	1	1	1	1	1	2	rna-NM_135367.3	FBgn0032022	None
N0.HOG0010108	Gene Group 14,Gene Group 26	heat stress and neurological,glycolysis and early development (and other)	0.04195804195804196	0.8969858708195542	n	-0.37762237762237766	0.22620604493502663	n	atilla(atilla)	2	1	1	1	1	2	2	3	1	1	1	1	1	1	2	rna-NM_135714.3	FBgn0032422	None
N0.HOG0010122	None	None	-0.006993006993006993	0.9827917689028476	n	0.14685314685314685	0.6487957097846664	n	None	1	1	2	1	1	1	1	3	1	1	1	1	1	7	6	rna-NM_135511.4	FBgn0032193	None
N0.HOG0010520	None	None	-0.29004551352481495	0.3604571272621032	n	-0.02175341351436112	0.9464999715858183	n	None	3	1	1	1	6	1	1	1	1	1	1	1	1	1	5	rna-NM_136755.4	FBgn0033539	None
N0.HOG0010520	None	None	-0.29004551352481495	0.3604571272621032	n	-0.02175341351436112	0.9464999715858183	n	None	3	1	1	1	6	1	1	1	1	1	1	1	1	1	5	rna-NM_136755.4	FBgn0033539	None
N0.HOG0010520	Gene Group 35	RNA polymerase II transcription regulation	-0.29004551352481495	0.3604571272621032	n	-0.02175341351436112	0.9464999715858183	n	Ods-site homeobox(OdsH)	3	1	1	1	6	1	1	1	1	1	1	1	1	1	5	rna-NM_078665.3	FBgn0026058	None
N0.HOG0010775	Gene Group 22	transcription regulation	0.21355694169400766	0.5051242606511095	n	-0.0640670825082023	0.8431946004212494	n	uncharacterized protein(CG12155)	1	1	3	1	1	1	1	1	1	1	1	1	4	3	3	rna-NM_132175.3	FBgn0029957	None
N0.HOG0010822	Gene Group 31	chromatin organization and transcription regulation	-0.2729298933144549	0.39073082997882846	n	-0.07018197256657412	0.8284158044226562	n	uncharacterized protein(CG1663)	1	1	1	1	1	1	1	1	5	6	1	1	1	1	5	rna-NM_136677.3	FBgn0033449	None
N0.HOG0010885	Gene Group 20	transmembrane transport (olfactory)	0.4518395720782334	0.14031277047271032	n	0.7986001739057148	0.0018404248554876482	n	oskyddad(osy)	1	3	1	1	1	1	1	1	1	2	2	1	1	1	2	rna-NM_001300613.1	FBgn0053970	None
N0.HOG0010910	Gene Group 22	transcription regulation	0.4350682702872224	0.15750401510460624	n	0.6816069567833151	0.014641746073665321	n	Dpt-YFP repressor by overexpression(Dyro)	1	1	1	1	1	1	1	1	1	1	9	1	1	1	8	rna-NM_001274779.1	FBgn0036152	None
N0.HOG0010919	Gene Group 26	glycolysis and early development (and other)	0.14593057682423857	0.6508776410237396	n	0.07474492959290267	0.8174207303894088	n	boudin(bou)	1	1	1	1	1	1	2	1	1	1	1	1	5	1	4	rna-NM_132145.4	FBgn0261284	None
N0.HOG0011218	None	None	0.0	1.0	n	0.11558686727582713	0.7205545635404205	n	None	1	1	1	1	2	1	3	1	1	1	1	1	3	2	2	rna-NM_001300138.1	FBgn0266452	None
N0.HOG0011280	Gene Group 33	mitochondrial translation	0.0	1.0	n	0.11558686727582713	0.7205545635404205	n	mitochondrial translation initiation factor 2(mIF2)	1	1	1	1	1	1	1	1	1	1	1	1	6	2	5	rna-NM_143364.3	FBgn0039588	None
N0.HOG0011349	Gene Group 36	uncharacterized	0.20643837697087405	0.5197507165228195	n	0.2562683300328092	0.4213999085391852	n	lethal (2) 05714(l(2)05714)	2	1	5	1	1	1	1	1	1	1	1	1	1	4	4	rna-NM_164605.3	FBgn0010607	None
N0.HOG0011349	None	None	0.20643837697087405	0.5197507165228195	n	0.2562683300328092	0.4213999085391852	n	None	2	1	5	1	1	1	1	1	1	1	1	1	1	4	4	rna-NM_132830.3	FBgn0030673	None
N0.HOG0011509	None	None	0.41331061631962435	0.1817214774016019	n	0.49387116017853416	0.10270518334647254	n	None	1	1	1	1	1	1	1	1	1	1	4	1	2	1	3	rna-NM_001273665.1	FBgn0000464	None
N0.HOG0011866	Gene Group 31	chromatin organization and transcription regulation	0.18914214645135352	0.5560328502017109	n	0.5288974835954515	0.07705239037267651	n	Boundary element-associated factor of 32kD(BEAF-32)	1	1	1	1	1	1	1	1	1	1	1	1	1	8	7	rna-NM_079023.5	FBgn0015602	None
N0.HOG0011923	Gene Group 36	uncharacterized	-0.05800910270496299	0.8578817998209817	n	-0.33355234055353716	0.2893552505936301	n	uncharacterized protein(CG42676)	1	1	6	1	1	2	1	1	1	1	1	1	1	1	5	rna-NM_001299976.1	FBgn0261562	None
N0.HOG0012011	Gene Group 22	transcription regulation	0.21834391465156391	0.4953923823848684	n	0.3353138689291874	0.28665785786011205	n	uncharacterized protein(CG30403)	1	1	1	1	1	1	1	1	1	1	8	1	1	1	7	rna-NM_166478.4	FBgn0050403	None
N0.HOG0012032	None	None	0.5244755244755246	0.08001937592027475	n	0.5174825174825175	0.08486877113393493	n	None	1	1	1	1	1	1	1	1	1	1	3	1	1	1	2	rna-NM_001259859.1	FBgn0262987	None
N0.HOG0012076	None	None	-0.46234746910330854	0.13018583568230105	n	-0.29772374904379717	0.34729146092788776	n	None	1	1	1	1	1	1	1	1	1	1	1	2	2	1	1	rna-NM_001104286.2	FBgn0085431	None
N0.HOG0012168	Gene Group 26	glycolysis and early development (and other)	0.6024527627709778	0.03815947554942023	n	0.39579745461116567	0.20280764325009978	n	uncharacterized protein(CG11562)	1	1	1	1	1	1	1	1	1	1	2	1	2	1	1	rna-NM_134672.2	FBgn0031247	None
N0.HOG0012589	Gene Group 22	transcription regulation	0.4568216838015835	0.13544995826746495	n	0.4060637189347409	0.19027361142401095	n	Corepressor of Pangolin(Coop)	1	1	1	1	1	1	1	1	1	1	5	1	1	1	4	rna-NM_136442.5	FBgn0263240	None
N0.HOG0012931	None	None	0.007042428152039987	0.9826701704764307	n	-0.07042428152039987	0.827831199192635	n	None	2	1	1	1	1	1	1	1	1	2	1	1	2	1	1	rna-NM_001298521.1	FBgn0031049	None
N0.HOG0012931	None	None	0.007042428152039987	0.9826701704764307	n	-0.07042428152039987	0.827831199192635	n	None	2	1	1	1	1	1	1	1	1	2	1	1	2	1	1	rna-NM_136894.3	FBgn0033691	None
N0.HOG0012931	None	None	0.007042428152039987	0.9826701704764307	n	-0.07042428152039987	0.827831199192635	n	None	2	1	1	1	1	1	1	1	1	2	1	1	2	1	1	rna-NM_136894.3	FBgn0033691	None
N0.HOG0012931	None	None	0.007042428152039987	0.9826701704764307	n	-0.07042428152039987	0.827831199192635	n	None	2	1	1	1	1	1	1	1	1	2	1	1	2	1	1	rna-NM_001298521.1	FBgn0031049	None
N0.HOG0012941	None	None	0.02112728445611996	0.9480380045464691	n	-0.11972127858467978	0.7109318595190937	n	None	1	1	1	1	1	1	3	1	1	1	1	1	1	1	2	rna-NM_001015499.4	FBgn0267433	None
N0.HOG0013047	Gene Group 26	glycolysis and early development (and other)	0.32745397726414505	0.2988039068232815	n	0.5730444602122539	0.05145667221240698	n	uncharacterized protein(CG6293)	1	1	1	1	1	1	1	1	1	1	1	1	1	6	5	rna-NM_001275530.1	FBgn0037807	None
N0.HOG0013096	Gene Group 2	protein breakdown (proteolysis)	-0.29004551352481495	0.3604571272621032	n	-0.34080347839165753	0.27834367571270824	n	uncharacterized protein(CG3916)	1	1	1	1	1	1	1	6	1	1	1	1	1	1	5	rna-NM_141910.2	FBgn0038003	None
N0.HOG0013621	None	None	0.007118564723133589	0.9824828407045115	n	0.042711388338801524	0.8951451878401395	n	None	1	1	1	1	1	1	2	1	1	1	1	1	1	2	1	rna-NM_001038816.3	FBgn0054003	None
N0.HOG0014474	Gene Group 26	glycolysis and early development (and other)	0.04195804195804196	0.8969858708195542	n	0.3846153846153847	0.21702022575997748	n	uncharacterized protein(CG11686)	1	1	1	1	1	1	1	1	1	1	1	1	1	1	0	rna-NM_001275602.1	FBgn0040551	None
N0.HOG0014524	None	None	-0.07005264683383464	0.8287278541011254	n	-0.41331061631962435	0.1817214774016019	n	None	1	1	1	1	1	2	1	1	1	1	1	1	1	1	1	rna-NM_079194.2	FBgn0004552	None
N0.HOG0014559	None	None	0.10677847084700383	0.741178844273399	n	0.1922012475246069	0.5495411215625509	n	None	1	1	1	1	1	1	1	1	1	1	1	1	4	1	3	rna-NM_001298474.1	FBgn0030914	None
N0.HOG0017274	Gene Group 26	glycolysis and early development (and other)	-0.11972127858467978	0.7109318595190937	n	-0.08450913782447984	0.7939959959092632	n	Coiled-coil domain containing 56(Ccdc56)	1	1	1	1	1	1	1	1	1	1	1	1	1	1	0	rna-NM_206340.4	FBgn0261353	None
N0.HOG0017619	None	None	0.1885295837911297	0.5573365380454538	n	0.47132395947782424	0.1219218933169533	n	None	2	1	1	1	1	1	1	1	1	1	1	1	1	2	1	rna-NM_143612.4	FBgn0039850	None
N0.HOG0017619	None	None	0.1885295837911297	0.5573365380454538	n	0.47132395947782424	0.1219218933169533	n	None	2	1	1	1	1	1	1	1	1	1	1	1	1	2	1	rna-NM_138108.3	FBgn0035044	None
N0.HOG0018962	None	None	-0.07474492959290267	0.8174207303894088	n	-0.03915210597723474	0.9038457694604445	n	None	1	1	1	1	1	1	1	1	1	1	1	1	1	1	0	rna-NM_001170040.2	FBgn0261261	None
N0.HOG0019705	None	None	0.1885295837911297	0.5573365380454538	n	0.47132395947782424	0.1219218933169533	n	None	1	1	1	1	1	1	1	1	1	1	1	1	1	2	1	rna-NM_168482.3	FBgn0052095	None
N0.HOG0019708	None	None	0.1885295837911297	0.5573365380454538	n	0.47132395947782424	0.1219218933169533	n	None	1	1	1	1	1	1	1	1	1	1	1	1	1	2	1	rna-NM_139378.2	FBgn0035246	None
N0.HOG0000008	None	None	0.25379849088484935	0.42604438789552435	n	0.19034886816363702	0.5534683093202064	n	No_flybase_match	1	1	16	1	1	1	1	1	1	1	1	1	1	1	15	No_flybase_transcript_match	None	None
N0.HOG0000012	None	None	-0.03502632341691732	0.9139432528752413	n	0.1996500434764287	0.5338670484331346	n	No_flybase_match	1	3	1	1	1	1	1	1	5	2	22	1	1	1	21	No_flybase_transcript_match	None	None
N0.HOG0000015	None	None	0.2183152727132396	0.49545035953231165	n	0.5633942521631989	0.05644958783915075	n	No_flybase_match	1	9	1	1	1	1	1	1	1	4	1	1	1	2	8	No_flybase_transcript_match	None	None
N0.HOG0000016	None	None	0.09090909090909093	0.7787253962454419	n	-0.18181818181818185	0.5717012385276553	n	No_flybase_match	1	1	1	1	1	2	2	1	1	2	1	1	3	1	2	No_flybase_transcript_match	None	None
N0.HOG0000017	None	None	-0.41958041958041964	0.1745190081300594	n	-0.034965034965034975	0.9140933424107598	n	No_flybase_match	1	3	1	1	1	1	3	2	9	8	1	2	2	3	8	No_flybase_transcript_match	None	None
N0.HOG0000020	None	None	-0.31468531468531474	0.31913878550330455	n	-0.04195804195804196	0.8969858708195542	n	No_flybase_match	1	4	1	1	2	1	3	4	5	3	3	2	8	5	7	No_flybase_transcript_match	None	None
N0.HOG0000023	None	None	-0.11188811188811189	0.729194990751066	n	0.14685314685314685	0.6487957097846664	n	No_flybase_match	1	13	1	4	8	9	15	14	10	16	7	9	14	15	15	No_flybase_transcript_match	None	None
N0.HOG0000024	None	None	-0.23117373455165427	0.4697325571728438	n	0.049036852783684234	0.8797094411808868	n	No_flybase_match	1	6	1	3	1	1	3	2	7	7	4	4	3	3	6	No_flybase_transcript_match	None	None
N0.HOG0000050	None	None	0.37762237762237766	0.22620604493502663	n	0.3636363636363637	0.2452650007307772	n	No_flybase_match	1	9	3	1	1	14	7	6	2	4	5	2	4	5	13	No_flybase_transcript_match	None	None
N0.HOG0000053	None	None	-0.06993006993006995	0.8290236405313092	n	-0.3846153846153847	0.21702022575997748	n	No_flybase_match	1	2	7	3	3	31	2	20	7	1	1	1	5	4	30	No_flybase_transcript_match	None	None
N0.HOG0000054	None	None	0.21355694169400766	0.5051242606511095	n	0.32033541254101144	0.3100489656589186	n	No_flybase_match	5	2	7	1	1	1	1	1	1	1	1	1	1	13	12	No_flybase_transcript_match	None	None
N0.HOG0000075	None	None	0.2027972027972028	0.5273023541661082	n	0.31468531468531474	0.31913878550330455	n	No_flybase_match	4	12	10	67	22	2	19	19	4	1	6	1	1	10	66	No_flybase_transcript_match	None	None
N0.HOG0000088	None	None	0.5804195804195805	0.04785597684206058	n	0.6083916083916086	0.035805997052029234	n	No_flybase_match	1	10	4	14	6	5	9	4	2	1	5	3	2	8	13	No_flybase_transcript_match	None	None
N0.HOG0000090	None	None	0.1258741258741259	0.6966831093957659	n	0.4055944055944056	0.19083587400450033	n	No_flybase_match	3	37	17	4	1	4	9	19	14	1	8	4	14	33	36	No_flybase_transcript_match	None	None
N0.HOG0000121	None	None	-0.3216783216783217	0.30790987618065263	n	0.16783216783216784	0.602099427786538	n	No_flybase_match	1	53	14	11	19	1	9	9	6	1	2	8	1	2	52	No_flybase_transcript_match	None	None
N0.HOG0000125	None	None	-0.0563394252163199	0.8619373037131002	n	0.07746670967243986	0.81087645719889	n	No_flybase_match	3	12	2	4	2	1	2	12	2	1	1	1	1	1	11	No_flybase_transcript_match	None	None
N0.HOG0000126	None	None	0.15384615384615385	0.6330906812462618	n	0.08391608391608392	0.7954145018538977	n	No_flybase_match	2	13	15	17	12	1	5	3	7	1	5	1	4	1	16	No_flybase_transcript_match	None	None
N0.HOG0000131	None	None	1	1	n	1	1	n	No_flybase_match	1	1	1	1	1	1	1	1	1	1	1	1	1	1	0	No_flybase_transcript_match	None	None
N0.HOG0000135	None	None	0.4895104895104896	0.106252371759346	n	0.7972027972027973	0.0019003677255282703	n	No_flybase_match	1	38	9	9	13	2	1	2	4	1	22	1	8	9	37	No_flybase_transcript_match	None	None
N0.HOG0000136	None	None	0.07091428421782556	0.8266492425061424	n	0.10823759170089164	0.7377511951161495	n	No_flybase_match	2	3	1	3	1	1	1	1	1	12	1	1	1	1	11	No_flybase_transcript_match	None	None
N0.HOG0000137	None	None	1	1	n	1	1	n	No_flybase_match	1	2	1	1	1	1	1	1	1	1	1	1	1	1	1	No_flybase_transcript_match	None	None
N0.HOG0000138	None	None	0.23140450639500973	0.46927675574955385	n	0.3881623978238873	0.212448537206148	n	No_flybase_match	6	1	1	1	1	1	1	1	1	1	5	1	1	1	5	No_flybase_transcript_match	None	None
N0.HOG0000139	None	None	0.2377622377622378	0.4568008526399232	n	0.3426573426573427	0.27556745095678037	n	No_flybase_match	2	3	6	2	1	1	1	4	1	12	44	1	1	3	43	No_flybase_transcript_match	None	None
N0.HOG0000156	None	None	0.10489510489510491	0.7456094809807079	n	0.3356643356643357	0.2861229029149875	n	No_flybase_match	1	2	1	1	1	2	4	5	5	1	1	5	9	20	19	No_flybase_transcript_match	None	None
N0.HOG0000157	None	None	-0.10489510489510491	0.7456094809807079	n	0.1398601398601399	0.6646331617926677	n	No_flybase_match	3	5	3	1	1	3	10	6	6	10	1	2	1	7	9	No_flybase_transcript_match	None	None
N0.HOG0000160	None	None	1	1	n	1	1	n	No_flybase_match	1	3	7	2	3	1	1	1	4	4	1	1	2	2	6	No_flybase_transcript_match	None	None
N0.HOG0000169	None	None	-0.3537658665108649	0.25926652867631444	n	-0.24168163157672948	0.4491887440384277	n	No_flybase_match	1	8	7	9	11	1	4	9	7	1	1	1	2	1	10	No_flybase_transcript_match	None	None
N0.HOG0000170	None	None	-0.5078816895453011	0.09184579185725565	n	-0.1225921319592106	0.7042726674352059	n	No_flybase_match	1	10	2	6	10	1	1	5	8	1	1	1	2	1	9	No_flybase_transcript_match	None	None
N0.HOG0000220	None	None	-0.16783216783216784	0.602099427786538	n	-0.1328671328671329	0.6805975082860818	n	No_flybase_match	5	1	1	3	5	7	6	10	10	8	13	7	12	8	12	No_flybase_transcript_match	None	None
N0.HOG0000221	None	None	0.5104895104895105	0.08991373630263913	n	0.3426573426573427	0.27556745095678037	n	No_flybase_match	2	20	20	18	8	1	8	7	1	1	8	1	4	1	19	No_flybase_transcript_match	None	None
N0.HOG0000242	None	None	0.7412587412587414	0.005801150474478243	n	0.7482517482517484	0.005124081698753058	n	No_flybase_match	1	8	10	22	2	1	8	3	1	1	16	1	5	13	21	No_flybase_transcript_match	None	None
N0.HOG0000248	None	None	0.07251137838120374	0.8227991261167644	n	0.1087670675718056	0.7365084730479962	n	No_flybase_match	24	13	1	10	1	1	1	3	1	1	1	1	1	1	23	No_flybase_transcript_match	None	None
N0.HOG0000303	None	None	-0.22377622377622378	0.48445166145539886	n	0.21678321678321683	0.49855598552418856	n	No_flybase_match	2	4	1	1	7	1	1	2	2	1	1	1	1	2	6	No_flybase_transcript_match	None	None
N0.HOG0000304	None	None	0.28721585201872196	0.3653744519387	n	0.4343264103697747	0.15829394366797925	n	No_flybase_match	9	11	2	14	6	1	6	1	1	1	1	1	2	2	13	No_flybase_transcript_match	None	None
N0.HOG0000338	None	None	0.5125366600656184	0.08841643063431351	n	0.5588073307659867	0.05893737177382145	n	No_flybase_match	5	3	2	5	1	1	1	1	1	4	2	1	1	2	4	No_flybase_transcript_match	None	None
N0.HOG0000339	None	None	0.0563394252163199	0.8619373037131002	n	0.23240012901731957	0.4673126442064679	n	No_flybase_match	1	1	1	1	1	1	1	1	1	1	10	1	1	1	9	No_flybase_transcript_match	None	None
N0.HOG0000340	None	None	0.2164751834017833	0.49918144736239667	n	0.3471067595925146	0.2689693667618637	n	No_flybase_match	1	5	5	1	1	1	1	1	1	1	21	1	1	1	20	No_flybase_transcript_match	None	None
N0.HOG0000469	None	None	0.3706293706293707	0.2356210035126457	n	0.7202797202797203	0.008239768712338441	n	No_flybase_match	1	13	1	1	1	1	1	1	2	9	5	2	6	15	14	No_flybase_transcript_match	None	None
N0.HOG0000550	None	None	0.021015794050150385	0.9483118884972519	n	0.4518395720782334	0.14031277047271032	n	No_flybase_match	1	11	8	1	18	1	4	1	2	3	2	1	1	1	17	No_flybase_transcript_match	None	None
N0.HOG0000628	None	None	-0.09090909090909093	0.7787253962454419	n	-0.2447552447552448	0.4432619364501832	n	No_flybase_match	1	2	3	3	2	3	8	2	4	4	3	3	4	3	7	No_flybase_transcript_match	None	None
N0.HOG0000686	None	None	-0.11188811188811189	0.729194990751066	n	0.2517482517482518	0.42991878503288405	n	No_flybase_match	1	2	1	2	2	1	4	6	4	2	7	4	1	8	7	No_flybase_transcript_match	None	None
N0.HOG0000720	None	None	1	1	n	1	1	n	No_flybase_match	1	1	3	2	1	1	2	1	1	1	1	1	1	1	2	No_flybase_transcript_match	None	None
N0.HOG0000830	None	None	1	1	n	1	1	n	No_flybase_match	4	6	8	1	1	1	1	1	1	1	2	2	5	3	7	No_flybase_transcript_match	None	None
N0.HOG0000858	None	None	1	1	n	1	1	n	No_flybase_match	1	2	2	1	2	1	3	1	1	1	1	1	3	1	2	No_flybase_transcript_match	None	None
N0.HOG0000866	None	None	-0.07355527917552636	0.8202845257024424	n	-0.4343264103697747	0.15829394366797925	n	No_flybase_match	1	1	1	1	1	2	1	1	1	1	1	1	4	1	3	No_flybase_transcript_match	None	None
N0.HOG0000870	None	None	1	1	n	1	1	n	No_flybase_match	1	1	1	1	1	1	2	1	1	1	3	1	3	4	3	No_flybase_transcript_match	None	None
N0.HOG0000944	None	None	1	1	n	1	1	n	No_flybase_match	5	2	1	1	1	1	1	2	3	7	3	2	3	3	6	No_flybase_transcript_match	None	None
N0.HOG0000963	None	None	1	1	n	1	1	n	No_flybase_match	1	1	1	4	1	1	1	1	1	4	1	1	2	1	3	No_flybase_transcript_match	None	None
N0.HOG0000978	None	None	0.4545454545454546	0.13765791634772945	n	0.6713286713286714	0.016831456186893395	n	No_flybase_match	1	3	1	2	2	1	2	2	2	3	6	1	4	3	5	No_flybase_transcript_match	None	None
N0.HOG0001029	None	None	1	1	n	1	1	n	No_flybase_match	1	1	3	2	2	3	2	2	2	2	1	2	6	3	5	No_flybase_transcript_match	None	None
N0.HOG0001033	None	None	0.3216783216783217	0.30790987618065263	n	-0.006993006993006993	0.9827917689028476	n	No_flybase_match	1	7	10	1	1	2	4	1	1	1	1	1	2	1	9	No_flybase_transcript_match	None	None
N0.HOG0001069	None	None	0.5454545454545455	0.06661188226688902	n	0.5174825174825175	0.08486877113393493	n	No_flybase_match	1	1	2	4	1	1	1	1	7	1	7	1	2	4	6	No_flybase_transcript_match	None	None
N0.HOG0001073	None	None	1	1	n	1	1	n	No_flybase_match	2	5	4	1	1	1	2	2	2	7	1	1	1	1	6	No_flybase_transcript_match	None	None
N0.HOG0001239	None	None	-0.3356643356643357	0.2861229029149875	n	-0.27272727272727276	0.3910967709418962	n	No_flybase_match	1	1	1	2	4	2	2	1	5	2	1	1	4	2	4	No_flybase_transcript_match	None	None
N0.HOG0001247	None	None	0.36304680087981306	0.24608852288355584	n	-0.046270670700368326	0.8864552005114834	n	No_flybase_match	1	2	3	2	2	12	1	1	1	1	1	1	1	1	11	No_flybase_transcript_match	None	None
N0.HOG0001268	None	None	-0.2605698416254795	0.41337102043327534	n	-0.2605698416254795	0.41337102043327534	n	No_flybase_match	2	1	4	1	4	2	1	2	1	14	1	1	1	1	13	No_flybase_transcript_match	None	None
N0.HOG0001275	None	None	0.007005264683383463	0.9827616094034646	n	-0.19614741113473694	0.5412137259515317	n	No_flybase_match	1	1	8	1	1	1	1	2	1	1	1	1	5	5	7	No_flybase_transcript_match	None	None
N0.HOG0001310	None	None	-0.04195804195804196	0.8969858708195542	n	0.3216783216783217	0.30790987618065263	n	No_flybase_match	1	3	2	1	3	2	1	2	1	2	1	2	1	6	5	No_flybase_transcript_match	None	None
N0.HOG0001353	None	None	0.45775782988259917	0.13454859464804922	n	0.7605822404203186	0.00407753363322812	n	No_flybase_match	1	3	2	1	1	1	1	1	2	1	5	1	2	6	5	No_flybase_transcript_match	None	None
N0.HOG0001376	None	None	1	1	n	1	1	n	No_flybase_match	1	2	5	1	1	1	1	1	1	5	3	2	2	1	4	No_flybase_transcript_match	None	None
N0.HOG0001398	None	None	-0.08756580854229329	0.7866940142086327	n	-0.09457107322567676	0.7700195826820102	n	No_flybase_match	1	2	2	1	1	1	2	2	7	1	1	1	4	2	6	No_flybase_transcript_match	None	None
N0.HOG0001434	None	None	1	1	n	1	1	n	No_flybase_match	4	2	2	1	5	1	1	2	1	1	2	1	1	3	4	No_flybase_transcript_match	None	None
N0.HOG0001516	None	None	1	1	n	1	1	n	No_flybase_match	1	1	1	10	1	1	1	1	2	3	1	1	1	1	9	No_flybase_transcript_match	None	None
N0.HOG0001560	None	None	-0.3356643356643357	0.2861229029149875	n	-0.22377622377622378	0.48445166145539886	n	No_flybase_match	1	1	1	1	1	1	6	2	3	1	1	3	4	3	5	No_flybase_transcript_match	None	None
N0.HOG0001686	None	None	1	1	n	1	1	n	No_flybase_match	1	2	1	1	1	1	2	1	1	1	2	2	2	6	5	No_flybase_transcript_match	None	None
N0.HOG0001745	None	None	1	1	n	1	1	n	No_flybase_match	1	1	2	1	1	1	1	2	1	1	2	2	2	6	5	No_flybase_transcript_match	None	None
N0.HOG0001777	None	None	0.3943759765142393	0.20458190665795498	n	0.514097255098919	0.08728638545976065	n	No_flybase_match	1	2	1	1	2	1	1	1	1	1	5	1	4	2	4	No_flybase_transcript_match	None	None
N0.HOG0001819	None	None	1	1	n	1	1	n	No_flybase_match	2	1	1	1	1	2	1	5	1	2	3	1	1	1	4	No_flybase_transcript_match	None	None
N0.HOG0001842	None	None	1	1	n	1	1	n	No_flybase_match	1	1	1	1	3	1	1	1	2	2	5	2	1	2	4	No_flybase_transcript_match	None	None
N0.HOG0001847	None	None	1	1	n	1	1	n	No_flybase_match	1	1	5	1	2	1	3	1	2	1	1	1	2	1	4	No_flybase_transcript_match	None	None
N0.HOG0001889	None	None	1	1	n	1	1	n	No_flybase_match	1	2	1	2	1	3	3	1	1	2	1	1	1	3	2	No_flybase_transcript_match	None	None
N0.HOG0001896	None	None	1	1	n	1	1	n	No_flybase_match	1	2	1	1	3	1	2	1	1	2	1	1	4	2	3	No_flybase_transcript_match	None	None
N0.HOG0001924	None	None	1	1	n	1	1	n	No_flybase_match	1	1	1	1	2	1	1	1	2	2	2	1	5	3	4	No_flybase_transcript_match	None	None
N0.HOG0001942	None	None	-0.2755432378485742	0.38602672186304166	n	-0.1377716189242871	0.6693880133068077	n	No_flybase_match	2	1	3	1	4	1	1	1	4	5	1	1	1	1	4	No_flybase_transcript_match	None	None
N0.HOG0001965	None	None	1	1	n	1	1	n	No_flybase_match	1	1	1	1	1	1	1	1	1	1	1	1	2	1	1	No_flybase_transcript_match	None	None
N0.HOG0001982	None	None	1	1	n	1	1	n	No_flybase_match	1	3	2	1	1	1	2	2	1	1	4	1	1	2	3	No_flybase_transcript_match	None	None
N0.HOG0001983	None	None	1	1	n	1	1	n	No_flybase_match	1	3	5	2	1	1	1	1	1	1	2	1	3	1	4	No_flybase_transcript_match	None	None
N0.HOG0001989	None	None	1	1	n	1	1	n	No_flybase_match	1	1	1	1	1	2	1	1	1	1	2	1	5	4	4	No_flybase_transcript_match	None	None
N0.HOG0001992	None	None	1	1	n	1	1	n	No_flybase_match	1	1	5	1	2	1	1	2	1	1	1	1	1	3	4	No_flybase_transcript_match	None	None
N0.HOG0002045	None	None	1	1	n	1	1	n	No_flybase_match	1	1	1	1	1	1	1	1	1	1	1	1	1	1	0	No_flybase_transcript_match	None	None
N0.HOG0002108	None	None	1	1	n	1	1	n	No_flybase_match	1	2	1	1	3	1	4	1	1	1	2	1	2	1	3	No_flybase_transcript_match	None	None
N0.HOG0002112	None	None	-0.19264477879304523	0.548602518561392	n	-0.5499132776456018	0.06397666975408141	n	No_flybase_match	1	1	2	2	1	2	3	2	4	1	1	1	2	1	3	No_flybase_transcript_match	None	None
N0.HOG0002133	None	None	1	1	n	1	1	n	No_flybase_match	1	1	1	1	1	1	1	1	1	1	1	1	1	1	0	No_flybase_transcript_match	None	None
N0.HOG0002136	None	None	-0.02175341351436112	0.9464999715858183	n	0.06526024054308335	0.8403071182802725	n	No_flybase_match	1	1	1	1	1	2	6	1	1	1	1	1	1	1	5	No_flybase_transcript_match	None	None
N0.HOG0002140	None	None	0.11188811188811189	0.729194990751066	n	0.4825174825174825	0.11210929146889191	n	No_flybase_match	1	1	1	1	5	1	1	1	1	1	1	1	1	14	13	No_flybase_transcript_match	None	None
N0.HOG0002146	None	None	-0.14685314685314685	0.6487957097846664	n	-0.16783216783216784	0.602099427786538	n	No_flybase_match	1	4	2	2	1	2	3	1	2	2	1	2	1	1	3	No_flybase_transcript_match	None	None
N0.HOG0002195	None	None	1	1	n	1	1	n	No_flybase_match	1	1	2	1	1	1	1	1	1	1	4	1	4	2	3	No_flybase_transcript_match	None	None
N0.HOG0002197	None	None	-0.21678321678321683	0.49855598552418856	n	-0.06293706293706294	0.8459309212287789	n	No_flybase_match	1	1	1	2	1	1	1	1	7	1	1	1	1	2	6	No_flybase_transcript_match	None	None
N0.HOG0002203	None	None	1	1	n	1	1	n	No_flybase_match	1	1	1	1	1	1	2	1	1	1	7	1	1	1	6	No_flybase_transcript_match	None	None
N0.HOG0002207	None	None	1	1	n	1	1	n	No_flybase_match	1	1	1	1	1	1	1	1	1	1	2	1	2	1	1	No_flybase_transcript_match	None	None
N0.HOG0002220	None	None	1	1	n	1	1	n	No_flybase_match	1	1	1	1	1	1	2	1	1	1	5	3	2	1	4	No_flybase_transcript_match	None	None
N0.HOG0002261	None	None	1	1	n	1	1	n	No_flybase_match	1	1	1	1	2	4	3	2	2	2	1	2	1	1	3	No_flybase_transcript_match	None	None
N0.HOG0002285	None	None	1	1	n	1	1	n	No_flybase_match	1	1	1	1	2	1	1	1	1	1	4	1	1	4	3	No_flybase_transcript_match	None	None
N0.HOG0002318	None	None	1	1	n	1	1	n	No_flybase_match	1	1	1	1	1	1	1	1	1	1	1	1	1	1	0	No_flybase_transcript_match	None	None
N0.HOG0002429	None	None	1	1	n	1	1	n	No_flybase_match	1	1	1	1	1	1	1	1	1	1	1	1	3	6	5	No_flybase_transcript_match	None	None
N0.HOG0002548	None	None	1	1	n	1	1	n	No_flybase_match	1	1	1	1	1	1	1	1	1	1	1	1	1	1	0	No_flybase_transcript_match	None	None
N0.HOG0002601	None	None	1	1	n	1	1	n	No_flybase_match	1	1	1	1	1	1	1	3	1	1	1	1	5	1	4	No_flybase_transcript_match	None	None
N0.HOG0002633	None	None	1	1	n	1	1	n	No_flybase_match	1	1	1	1	1	1	1	1	1	1	1	1	1	2	1	No_flybase_transcript_match	None	None
N0.HOG0002667	None	None	1	1	n	1	1	n	No_flybase_match	1	1	1	1	1	1	1	1	1	1	2	1	1	6	5	No_flybase_transcript_match	None	None
N0.HOG0002747	None	None	1	1	n	1	1	n	No_flybase_match	1	1	1	1	1	1	1	1	1	1	1	1	1	1	0	No_flybase_transcript_match	None	None
N0.HOG0002808	None	None	1	1	n	1	1	n	No_flybase_match	2	1	1	2	1	1	1	4	1	2	1	1	2	1	3	No_flybase_transcript_match	None	None
N0.HOG0002817	None	None	1	1	n	1	1	n	No_flybase_match	1	1	1	1	1	1	1	4	3	1	1	1	1	2	3	No_flybase_transcript_match	None	None
N0.HOG0002872	None	None	0.13380613488875975	0.6784466863299407	n	0.6408609618356389	0.02473585790362511	n	No_flybase_match	2	6	1	1	5	1	2	1	1	1	3	1	1	1	5	No_flybase_transcript_match	None	None
N0.HOG0002877	None	None	1	1	n	1	1	n	No_flybase_match	1	1	1	1	2	1	1	1	1	1	1	1	2	1	1	No_flybase_transcript_match	None	None
N0.HOG0002904	None	None	1	1	n	1	1	n	No_flybase_match	1	1	2	1	1	1	2	1	1	1	1	1	1	1	1	No_flybase_transcript_match	None	None
N0.HOG0003011	None	None	1	1	n	1	1	n	No_flybase_match	1	1	1	1	1	1	1	1	1	1	1	1	1	1	0	No_flybase_transcript_match	None	None
N0.HOG0003107	None	None	-0.22377622377622378	0.48445166145539886	n	0.15384615384615385	0.6330906812462618	n	No_flybase_match	1	2	1	1	2	1	3	1	2	1	1	1	2	2	2	No_flybase_transcript_match	None	None
N0.HOG0003110	None	None	-0.5299909662595385	0.07633046581569501	n	-0.20154586040855682	0.529908390325752	n	No_flybase_match	1	1	1	1	1	1	1	1	17	1	1	1	1	1	16	No_flybase_transcript_match	None	None
N0.HOG0003220	None	None	1	1	n	1	1	n	No_flybase_match	1	1	1	1	1	1	1	1	1	1	1	1	1	1	0	No_flybase_transcript_match	None	None
N0.HOG0003358	None	None	0.06304738215045116	0.8456637160508921	n	0.1225921319592106	0.7042726674352059	n	No_flybase_match	1	1	1	1	2	1	2	1	1	3	1	1	3	1	2	No_flybase_transcript_match	None	None
N0.HOG0003390	None	None	1	1	n	1	1	n	No_flybase_match	1	2	1	1	1	1	1	1	1	3	1	2	1	3	2	No_flybase_transcript_match	None	None
N0.HOG0003535	None	None	1	1	n	1	1	n	No_flybase_match	1	1	1	1	1	1	1	1	1	2	1	1	1	1	1	No_flybase_transcript_match	None	None
N0.HOG0003536	None	None	1	1	n	1	1	n	No_flybase_match	1	1	1	1	1	1	1	1	1	1	1	1	1	1	0	No_flybase_transcript_match	None	None
N0.HOG0003745	None	None	1	1	n	1	1	n	No_flybase_match	1	1	1	1	1	1	1	1	1	1	1	1	1	1	0	No_flybase_transcript_match	None	None
N0.HOG0004096	None	None	1	1	n	1	1	n	No_flybase_match	1	1	1	1	1	1	1	1	1	1	1	1	1	1	0	No_flybase_transcript_match	None	None
N0.HOG0004366	None	None	-0.07474492959290267	0.8174207303894088	n	-0.03915210597723474	0.9038457694604445	n	No_flybase_match	1	1	1	1	1	1	1	1	1	1	1	1	1	1	0	No_flybase_transcript_match	None	None
N0.HOG0004854	None	None	1	1	n	1	1	n	No_flybase_match	1	1	1	1	1	1	1	1	1	1	1	1	1	1	0	No_flybase_transcript_match	None	None
N0.HOG0004994	None	None	0.2491497653096756	0.43485380702768006	n	0.37728393032608015	0.22665643326935325	n	No_flybase_match	1	1	2	1	1	1	1	1	1	1	1	1	1	11	10	No_flybase_transcript_match	None	None
N0.HOG0005005	None	None	1	1	n	1	1	n	No_flybase_match	1	1	1	1	1	1	1	1	1	1	1	1	1	1	0	No_flybase_transcript_match	None	None
N0.HOG0005520	None	None	0.06993006993006995	0.8290236405313092	n	-0.14685314685314685	0.6487957097846664	n	No_flybase_match	1	1	2	1	1	1	1	1	1	2	1	1	4	1	3	No_flybase_transcript_match	None	None
N0.HOG0005531	None	None	1	1	n	1	1	n	No_flybase_match	1	1	2	1	1	1	1	1	1	5	1	1	1	1	4	No_flybase_transcript_match	None	None
N0.HOG0005541	None	None	0.14685314685314685	0.6487957097846664	n	0.14685314685314685	0.6487957097846664	n	No_flybase_match	1	2	1	1	1	1	4	1	1	1	1	1	6	1	5	No_flybase_transcript_match	None	None
N0.HOG0006525	None	None	1	1	n	1	1	n	No_flybase_match	1	1	1	1	1	1	1	1	1	1	1	1	1	1	0	No_flybase_transcript_match	None	None
N0.HOG0007150	None	None	-0.11196992244919826	0.7290035612225261	n	0.19408119891194364	0.5455673370841421	n	No_flybase_match	5	1	1	1	3	2	4	1	1	1	1	1	1	1	4	No_flybase_transcript_match	None	None
N0.HOG0007170	None	None	-0.29004551352481495	0.3604571272621032	n	0.15227389460052784	0.6366098704708506	n	No_flybase_match	2	6	1	1	2	1	1	4	1	1	1	1	1	1	5	No_flybase_transcript_match	None	None
N0.HOG0007178	None	None	1	1	n	1	1	n	No_flybase_match	1	1	6	2	1	1	1	1	1	1	1	1	1	1	5	No_flybase_transcript_match	None	None
N0.HOG0007195	None	None	0.1331000289842858	0.6800638459197366	n	0.33625270480240615	0.28522608724863086	n	No_flybase_match	6	3	1	1	1	1	3	1	1	1	1	1	1	1	5	No_flybase_transcript_match	None	None
N0.HOG0009039	None	None	1	1	n	1	1	n	No_flybase_match	1	2	11	1	1	1	1	1	1	1	1	1	1	1	10	No_flybase_transcript_match	None	None
N0.HOG0010613	None	None	1	1	n	1	1	n	No_flybase_match	1	2	2	1	1	1	1	1	3	1	1	1	1	2	2	No_flybase_transcript_match	None	None
N0.HOG0011197	None	None	-0.39524365248717946	0.20349776594623323	n	-0.10401148749662617	0.7476906488755444	n	No_flybase_match	1	1	1	1	10	1	1	1	1	1	1	1	1	1	9	No_flybase_transcript_match	None	None
N0.HOG0011440	None	None	1	1	n	1	1	n	No_flybase_match	1	1	1	1	1	1	1	1	1	1	3	1	1	1	2	No_flybase_transcript_match	None	None
N0.HOG0011826	None	None	1	1	n	1	1	n	No_flybase_match	1	1	2	1	1	1	1	1	1	2	1	1	1	1	1	No_flybase_transcript_match	None	None
N0.HOG0012010	None	None	1	1	n	1	1	n	No_flybase_match	1	1	1	1	1	1	1	1	1	1	1	1	2	1	1	No_flybase_transcript_match	None	None
N0.HOG0013081	None	None	1	1	n	1	1	n	No_flybase_match	1	1	2	2	1	2	1	1	1	1	1	1	1	1	1	No_flybase_transcript_match	None	None
N0.HOG0013381	None	None	1	1	n	1	1	n	No_flybase_match	1	1	1	1	1	1	1	1	1	1	1	1	1	1	0	No_flybase_transcript_match	None	None
N0.HOG0013429	None	None	1	1	n	1	1	n	No_flybase_match	1	1	3	1	1	1	1	1	1	1	1	1	1	1	2	No_flybase_transcript_match	None	None
N0.HOG0013503	None	None	-0.34325796948578974	0.27467140968540055	n	-0.26269742562687987	0.4094281948783638	n	No_flybase_match	1	1	1	1	1	1	1	1	1	1	1	1	3	1	2	No_flybase_transcript_match	None	None
N0.HOG0013558	None	None	1	1	n	1	1	n	No_flybase_match	1	1	1	1	1	1	1	1	1	1	1	1	1	1	0	No_flybase_transcript_match	None	None
N0.HOG0013582	None	None	1	1	n	1	1	n	No_flybase_match	1	1	1	1	1	1	1	1	1	1	1	1	1	1	0	No_flybase_transcript_match	None	None
N0.HOG0013628	None	None	1	1	n	1	1	n	No_flybase_match	1	1	1	1	1	1	1	1	1	1	1	2	1	1	1	No_flybase_transcript_match	None	None
N0.HOG0013721	None	None	1	1	n	1	1	n	No_flybase_match	1	1	1	1	1	1	1	1	1	2	1	1	1	1	1	No_flybase_transcript_match	None	None
N0.HOG0014199	None	None	1	1	n	1	1	n	No_flybase_match	2	2	1	1	1	1	1	1	1	1	1	1	1	1	1	No_flybase_transcript_match	None	None
N0.HOG0014484	None	None	1	1	n	1	1	n	No_flybase_match	1	1	1	1	1	1	1	1	1	1	1	1	1	1	0	No_flybase_transcript_match	None	None
N0.HOG0014771	None	None	1	1	n	1	1	n	No_flybase_match	1	1	4	1	1	1	1	1	1	1	1	1	1	1	3	No_flybase_transcript_match	None	None
N0.HOG0015590	None	None	1	1	n	1	1	n	No_flybase_match	1	1	1	1	1	1	1	1	1	1	1	1	1	1	0	No_flybase_transcript_match	None	None
N0.HOG0015632	None	None	1	1	n	1	1	n	No_flybase_match	1	1	1	1	1	1	1	1	1	1	1	1	1	1	0	No_flybase_transcript_match	None	None
N0.HOG0015664	None	None	1	1	n	1	1	n	No_flybase_match	1	1	1	1	1	1	1	1	1	1	1	1	1	1	0	No_flybase_transcript_match	None	None
N0.HOG0016528	None	None	1	1	n	1	1	n	No_flybase_match	1	1	1	1	1	1	1	1	1	1	1	1	1	1	0	No_flybase_transcript_match	None	None
N0.HOG0016870	None	None	1	1	n	1	1	n	No_flybase_match	1	1	1	1	1	1	1	1	1	1	1	1	1	1	0	No_flybase_transcript_match	None	None
N0.HOG0017240	None	None	1	1	n	1	1	n	No_flybase_match	1	1	1	1	1	1	1	1	1	1	1	1	1	1	0	No_flybase_transcript_match	None	None
N0.HOG0019442	None	None	1	1	n	1	1	n	No_flybase_match	1	1	1	1	1	1	1	1	1	1	1	1	1	1	0	No_flybase_transcript_match	None	None
N0.HOG0019467	None	None	1	1	n	1	1	n	No_flybase_match	1	1	1	1	1	1	1	1	1	1	1	1	1	1	0	No_flybase_transcript_match	None	None
N0.HOG0019733	None	None	1	1	n	1	1	n	No_flybase_match	1	1	1	1	1	1	1	1	1	1	1	1	1	1	0	No_flybase_transcript_match	None	None
N0.HOG0023572	None	None	1	1	n	1	1	n	No_flybase_match	1	1	1	1	1	1	1	1	1	1	1	1	1	1	0	No_flybase_transcript_match	None	None
N0.HOG0023584	None	None	1	1	n	1	1	n	No_flybase_match	1	1	1	1	1	1	1	1	1	1	1	1	1	1	0	No_flybase_transcript_match	None	None
N0.HOG0024089	None	None	1	1	n	1	1	n	No_flybase_match	1	1	1	1	1	1	1	1	1	1	1	1	1	1	0	No_flybase_transcript_match	None	None
N0.HOG0024182	None	None	1	1	n	1	1	n	No_flybase_match	1	1	1	1	1	1	1	1	1	1	1	1	1	1	0	No_flybase_transcript_match	None	None
